ply
format ascii 1.0
comment Created in Blender version 4.4.1
element vertex 4004
property float x
property float y
property float z
property float nx
property float ny
property float nz
property float s
property float t
element face 2042
property list uchar uint vertex_indices
end_header
17.900002 4 -3 0 -1 0 0.5151885 0.60381305
-1.9000002 4 -2.8000002 0 -1 0 0.5124423 0.33192995
-1.900001 4 -3 0 -1 0 0.5151885 0.33192995
17.900002 -0.1000001 -3 -1 0 0 0.8204629 0.79428583
17.900002 4 -2.8000002 -1 0 0 0.8177166 0.73798674
17.900002 4 -3 -1 0 0 0.8204629 0.73798674
17.900002 4 -3 0 -4.3904166e-08 1 0.6382386 0.6038132
12.165166 3.6999998 -3 0 2.058673e-06 1 0.64235806 0.5250655
14.945624 3.6999998 -3 0 -1.4753005e-06 1 0.64235806 0.56324524
12.165166 3.6999998 -2.8000002 0 8.362119e-07 -1 0.10145129 0.5095444
17.900002 4 -2.8000002 0 -1.6302597e-07 -1 0.097331844 0.4307966
14.945624 3.6999998 -2.8000002 0 -3.4124835e-08 -1 0.10145129 0.47136456
-1.9000002 -0.1000001 -3 0 1 0 0.5693713 0.4976025
10.165167 -0.1000001 -2.8000002 0 1 0 0.566625 0.33192998
10.165167 -0.1000001 -3 0 1 0 0.5693713 0.33192998
12.165166 -0.1000001 -2.8000002 0 1 0 0.88987976 0.10123201
14.945624 -0.1000001 -3 0 1 0 0.8926261 0.06305219
12.165166 -0.1000001 -3 0 1 0 0.8926261 0.10123201
17.900002 -0.1000001 -3 0 1 0 0.4403366 0.95036227
16.945623 -0.1000001 -2.8000002 0 1 0 0.4375903 0.96346724
17.900002 -0.1000001 -2.8000002 0 1 0 0.4375903 0.95036227
14.945624 -0.1000001 -3 -1 0 0 0.8376932 0.059836905
14.945624 3.6999998 -2.8000002 -1 0 0 0.83494693 0.0076573035
14.945624 3.6999998 -3 -1 0 0 0.8376932 0.0076573035
16.945623 3.6999998 -3 1 0 0 0.83494693 0.07927097
16.945623 -0.1000001 -2.8000002 1 0 0 0.8376932 0.13145056
16.945623 -0.1000001 -3 1 0 0 0.83494693 0.13145056
14.945624 3.6999998 -2.8000002 0 1 0 0.34829462 0.9276016
16.945623 3.6999998 -3 0 1 0 0.3510409 0.90013874
14.945624 3.6999998 -3 0 1 0 0.3510409 0.9276016
12.165166 3.6999998 -2.8000002 1 0 0 0.13989936 0.78960794
12.165166 -0.1000001 -3 1 0 0 0.13715306 0.8417875
12.165166 3.6999998 -3 1 0 0 0.13715306 0.78960794
10.165167 -0.1000001 -3 -1 0 0 0.8376932 0.19894472
10.165167 3.6999998 -2.8000002 -1 0 0 0.8349469 0.14676511
10.165167 3.6999998 -3 -1 0 0 0.8376932 0.14676511
10.165167 3.6999998 -3 0 1 0 0.6409849 0.9248554
12.165166 3.6999998 -2.8000002 0 1 0 0.6382386 0.89739245
12.165166 3.6999998 -3 0 1 0 0.6409849 0.89739245
17.900002 4 -2.8000002 0 -1 0 0.51244223 0.60381305
17.900002 -0.1000001 -2.8000002 -1 0 0 0.8177166 0.79428583
16.945623 3.6999998 -3 0 0 1 0.64235806 0.5907082
16.945623 -0.1000001 -3 0 0 1 0.69453764 0.5907082
17.900002 -0.1000001 -3 0 0 1 0.69453764 0.6038132
-1.900001 4 -3 0 -1.2207065e-07 1 0.6382386 0.33193
-1.9000002 -0.1000001 -3 0 -1.5423143e-07 1 0.69453764 0.33193004
10.165167 -0.1000001 -3 0 -3.2161466e-08 1 0.69453764 0.49760252
10.165167 3.6999998 -3 0 2.6144331e-08 1 0.64235806 0.49760252
12.165166 -0.1000001 -3 0 0 1 0.69453764 0.5250655
14.945624 -0.1000001 -3 0 0 1 0.69453764 0.56324524
14.945624 -0.1000001 -2.8000002 0 0 -1 0.1536309 0.47136456
12.165166 -0.1000001 -2.8000002 0 0 -1 0.1536309 0.5095444
10.165167 3.6999998 -2.8000002 0 4.1845065e-09 -1 0.10145129 0.5370073
10.165167 -0.1000001 -2.8000002 0 0 -1 0.1536309 0.5370073
-1.900001 -0.1000001 -2.8000002 0 4.815668e-08 -1 0.1536309 0.70267975
-1.9000002 4 -2.8000002 0 7.62519e-08 -1 0.097331844 0.70267975
17.900002 -0.1000001 -2.8000002 0 0 -1 0.1536309 0.4307966
16.945623 -0.1000001 -2.8000002 0 0 -1 0.1536309 0.44390163
16.945623 3.6999998 -2.8000002 0 -9.569095e-07 -1 0.10145129 0.44390163
-1.900001 -0.1000001 -2.8000002 0 1 0 0.566625 0.4976025
14.945624 -0.1000001 -2.8000002 0 1 0 0.8898798 0.06305219
16.945623 -0.1000001 -3 0 1 0 0.4403366 0.96346724
14.945624 -0.1000001 -2.8000002 -1 0 0 0.83494693 0.059836905
16.945623 3.6999998 -2.8000002 1 0 0 0.8376932 0.07927097
16.945623 3.6999998 -2.8000002 0 1 0 0.34829462 0.90013874
12.165166 -0.1000001 -2.8000002 1 0 0 0.13989936 0.8417875
10.165167 -0.1000001 -2.8000002 -1 0 0 0.8349469 0.19894472
10.165167 3.6999998 -2.8000002 0 1 0 0.6382386 0.9248554
17.900002 -0.09999998 -2.9999995 0 -1 0 0.6409849 0.31603003
18.1 -0.09999998 -1.6579213 0 -1 0 0.6382386 0.29760134
17.900002 -0.09999998 -1.6579213 0 -1 0 0.6409849 0.29760134
17.900002 -0.09999998 8.5 0 -1 0 0.5151885 0.61912763
18.1 -0.09999998 0.3420787 0 -1 0 0.51244223 0.7311479
18.1 -0.09999998 8.5 0 -1 0 0.51244223 0.61912763
18.1 4 -2.9999995 1 0 0 0.0076573035 0.5887085
18.1 4 8.5 1 0 0 0.0076573035 0.43079662
18.1 3.6999998 -1.6579213 1 0 0 0.011776755 0.57027984
17.900002 4 8.5 0 0 1 0.082017265 0.75527924
18.1 -0.09999998 8.5 0 0 1 0.07927097 0.81157833
18.1 4 8.5 0 0 1 0.07927097 0.75527924
18.1 4 8.5 0 1 0 0.5693713 0.51291704
17.900002 4 -2.9999995 0 1 0 0.566625 0.670829
17.900002 4 8.5 0 1 0 0.566625 0.51291704
18.1 4 -2.9999995 0 0 -1 0.6409849 0.7703839
17.900002 -0.09999998 -2.9999995 0 0 -1 0.6382386 0.826683
17.900002 4 -2.9999995 0 0 -1 0.6382386 0.7703839
17.900002 4 8.5 -1 0 0 0.007657244 0.76193506
17.900002 4 -2.9999995 -1 0 0 0.007657244 0.6040231
17.900002 3.6999998 0.3420787 -1 0 0 0.011776695 0.64991474
17.900002 -0.09999998 0.3420787 0 0 -1 0.83494693 0.26643893
18.1 3.6999998 0.3420787 0 0 -1 0.8376932 0.21425933
18.1 -0.09999998 0.3420787 0 0 -1 0.8376932 0.26643893
18.1 3.6999998 -1.6579213 0 -1 0 0.69179136 0.92485535
17.900002 3.6999998 0.3420787 0 -1 0 0.6945376 0.8973924
17.900002 3.6999998 -1.6579213 0 -1 0 0.6945376 0.92485535
18.1 -0.09999998 -1.6579213 0 0 1 0.8357774 0.7185527
17.900002 3.6999998 -1.6579213 0 0 1 0.8385237 0.6663731
17.900002 -0.09999998 -1.6579213 0 0 1 0.8385237 0.7185527
18.1 -0.09999998 -2.9999995 0 -1 0 0.6382386 0.31603003
17.900002 -0.09999998 0.3420787 0 -1 0 0.5151885 0.7311479
18.1 -0.09999998 -1.6579213 1 0 0 0.0639563 0.57027984
18.1 -0.09999998 -2.9999995 1 0 0 0.0639563 0.5887085
18.1 -0.09999998 8.5 1 0 0 0.06395636 0.43079662
18.1 -0.09999998 0.3420787 1 0 0 0.0639563 0.5428169
18.1 3.6999998 0.3420787 1 0 0 0.011776755 0.5428169
17.900002 -0.09999998 8.5 0 0 1 0.082017265 0.81157833
18.1 4 -2.9999995 0 1 0 0.5693713 0.670829
18.1 -0.09999998 -2.9999995 0 0 -1 0.6409849 0.826683
17.900002 -0.09999998 0.3420787 -1 0 0 0.06395624 0.64991474
17.900002 -0.09999998 8.5 -1 0 0 0.06395624 0.76193506
17.900002 -0.09999998 -2.9999995 -1 0 0 0.06395624 0.6040231
17.900002 -0.09999998 -1.6579213 -1 0 0 0.06395624 0.62245184
17.900002 3.6999998 -1.6579213 -1 0 0 0.011776695 0.62245184
17.900002 3.6999998 0.3420787 0 0 -1 0.83494693 0.21425933
18.1 3.6999998 0.3420787 0 -1 0 0.69179136 0.8973924
18.1 3.6999998 -1.6579213 0 0 1 0.8357774 0.6663731
-12 -0.09999998 8.5 0 1 0 0.6201777 0.33192992
-11.8 -0.09999998 -14 0 1 0 0.62292403 0.64088804
-12 -0.09999998 -14 0 1 0 0.6201777 0.64088804
-11.8 4 -14 -1 0 7.3005e-08 0.4769504 0.0076573035
-11.8 3.2664065 -3.245935 -1 0 0 0.4870237 0.15532643
-11.8 4 8.5 -1 0 0 0.47695038 0.3166154
-11.8 -0.09999998 8.5 0 0 -1 0.8197104 0.60307
-12 4 8.5 0 0 -1 0.8169641 0.546771
-11.8 4 8.5 0 0 -1 0.8197104 0.546771
-12 4 -14 0 -1 0 0.17169178 0.6408881
-11.8 4 8.5 0 -1 0 0.16894548 0.33192998
-12 4 8.5 0 -1 0 0.17169178 0.33192998
-12 -0.09999998 -14 0 0 1 0.69453764 0.8266829
-11.8 4 -14 0 0 1 0.69179136 0.7703839
-12 4 -14 0 0 1 0.69453764 0.7703839
-12 4 8.5 1 0 -1.1035206e-07 0.5485641 0.0076572737
-12 3.2664065 -0.70682013 1 0 -7.405085e-08 0.5586374 0.13408044
-12 4 -14 1 0 0 0.548564 0.31661534
-12 1.3069533 -0.70682013 0 -1 0 0.9283852 0.26586938
-11.8 1.3069533 -3.245935 0 -1 0 0.9256389 0.30073518
-11.8 1.3069533 -0.70682013 0 -1 0 0.9256389 0.26586938
-11.8 3.2664065 -3.245935 0 0 -1 0.38653275 0.90013874
-12 1.3069533 -3.245935 0 0 -1 0.38378644 0.92704487
-12 3.2664065 -3.245935 0 0 -1 0.38378644 0.90013874
-11.8 3.2664065 -0.70682013 0 1 0 0.9284632 0.546771
-12 3.2664065 -3.245935 0 1 0 0.92571694 0.5816367
-12 3.2664065 -0.70682013 0 1 0 0.92571694 0.546771
-12 3.2664065 -0.70682013 0 0 1 0.33223844 0.90013874
-11.8 1.3069533 -0.70682013 0 0 1 0.32949215 0.9270449
-11.8 3.2664065 -0.70682013 0 0 1 0.32949215 0.90013874
-12 1.3069533 -3.245935 1 0 6.5340096e-08 0.5855436 0.16894622
-12 -0.09999998 8.5 1 0 0 0.6048631 0.0076572737
-12 -0.09999998 -14 1 0 8.9778034e-08 0.60486305 0.31661534
-11.8 1.3069533 -0.70682013 -1 0 -7.728806e-08 0.5139299 0.19019221
-11.8 -0.09999998 -14 -1 0 0 0.53324944 0.0076573035
-11.8 -0.09999998 8.5 -1 0 -2.6771348e-08 0.53324944 0.3166154
-11.8 -0.09999998 8.5 0 1 0 0.62292403 0.33192992
-11.8 -0.09999998 -14 -1 0 8.651742e-08 0.53324944 0.0076573035
-11.8 1.3069533 -3.245935 -1 0 1.9097286e-08 0.5139299 0.15532643
-11.8 3.2664065 -0.70682013 -1 0 0 0.4870237 0.19019221
-12 -0.09999998 8.5 0 0 -1 0.8169641 0.60307
-11.8 4 -14 0 -1 0 0.16894548 0.6408881
-11.8 -0.09999998 -14 0 0 1 0.69179136 0.8266829
-12 -0.09999998 8.5 1 0 -1.01057026e-07 0.6048631 0.0076572737
-12 1.3069533 -0.70682013 1 0 -1.8349627e-07 0.5855436 0.13408044
-12 3.2664065 -3.245935 1 0 0 0.5586374 0.16894622
-12 1.3069533 -3.245935 0 -1 0 0.9283852 0.30073518
-11.8 1.3069533 -3.245935 0 0 -1 0.38653275 0.92704487
-11.8 3.2664065 -3.245935 0 1 0 0.9284632 0.5816367
-12 1.3069533 -0.70682013 0 0 1 0.33223844 0.9270449
-12 4 -14 1 0 8.651744e-08 0.548564 0.31661534
-12 3.2664065 -3.245935 1 0 1.5960902e-07 0.5586374 0.16894622
-12 1.3069533 -0.70682013 1 0 0 0.5855436 0.13408044
-11.8 4 8.5 -1 0 0 0.47695038 0.3166154
-11.8 3.2664065 -0.70682013 -1 0 -1.5635187e-07 0.4870237 0.19019221
-11.8 1.3069533 -3.245935 -1 0 0 0.5139299 0.15532643
-2.1000001 -0.09999998 -13.8 0 -1 0 0.53324944 0.7241481
-1.9000003 -0.09999998 -6.351845 0 -1 0 0.53050315 0.621874
-2.1000001 -0.09999998 -6.351845 0 -1 0 0.53324944 0.621874
-2.1000001 -0.09999998 -1 0 -1 0 0.17169172 0.65620273
-1.9000003 -0.09999998 -4.351845 0 -1 0 0.16894548 0.7022285
-1.9000003 -0.09999998 -1 0 -1 0 0.16894548 0.65620273
-1.9000003 -0.09999998 8.3 0 -1 0 0.54856396 0.6218739
-2.1000001 -0.09999998 1 0 -1 0 0.55131024 0.7221136
-1.9000003 -0.09999998 1 0 -1 0 0.54856396 0.7221136
-1.9000003 4 -13.8 1 0 0 0.18700638 0.6353955
-1.9000003 3.6999998 -1 1 0 0 0.19112585 0.4596327
-1.9000003 3.6999998 -4.351845 1 0 0 0.19112583 0.50565845
-2.1000001 4 8.3 0 0 1 0.33298 0.77313024
-1.9000003 -0.09999998 8.3 0 0 1 0.3302337 0.82942927
-1.9000003 4 8.3 0 0 1 0.3302337 0.77313024
-1.9000003 4 8.3 0 1 0 0.6048631 0.33192992
-2.1000001 4 -13.8 0 1 0 0.60211676 0.6353954
-2.1000001 4 8.3 0 1 0 0.60211676 0.33192992
-1.9000003 4 -13.8 0 0 -1 0.010403545 0.77724963
-2.1000001 -0.09999998 -13.8 0 0 -1 0.0076573035 0.83354867
-2.1000001 4 -13.8 0 0 -1 0.0076573035 0.77724963
-2.1000001 3.6999998 -1 -1 0 0 0.26273948 0.5076928
-2.1000001 4 -13.8 -1 0 0 0.25862008 0.33193
-2.1000001 3.6999998 -4.351845 -1 0 0 0.26273948 0.4616671
-1.9000003 3.6999998 1 0 0 -1 0.10007811 0.7896079
-2.1000001 -0.09999998 1 0 0 -1 0.097331814 0.8417875
-2.1000001 3.6999998 1 0 0 -1 0.097331814 0.7896079
-1.9000003 3.6999998 -1 0 -1 0 0.7697282 0.64584756
-2.1000001 3.6999998 1 0 -1 0 0.77247447 0.6183846
-2.1000001 3.6999998 -1 0 -1 0 0.77247447 0.64584756
-1.9000003 3.6999998 -1 0 0 1 0.47779045 0.790729
-2.1000001 -0.09999998 -1 0 0 1 0.4805367 0.84290856
-1.9000003 -0.09999998 -1 0 0 1 0.47779045 0.84290856
-2.1000001 -0.09999998 -4.351845 0 0 -1 0.43796918 0.8429086
-1.9000003 3.6999998 -4.351845 0 0 -1 0.44071546 0.79072905
-1.9000003 -0.09999998 -4.351845 0 0 -1 0.44071546 0.8429086
-1.9000003 3.6999998 -6.351845 0 -1 0 0.6562995 0.9248554
-2.1000001 3.6999998 -4.351845 0 -1 0 0.65904576 0.89739245
-2.1000001 3.6999998 -6.351845 0 -1 0 0.65904576 0.9248554
-1.9000003 3.6999998 -6.351845 0 0 1 0.8357774 0.73798674
-2.1000001 -0.09999998 -6.351845 0 0 1 0.8385237 0.7901664
-1.9000003 -0.09999998 -6.351845 0 0 1 0.8357774 0.7901664
-1.9000003 -0.09999998 -13.8 0 -1 0 0.53050315 0.7241481
-2.1000001 -0.09999998 -4.351845 0 -1 0 0.17169172 0.7022285
-2.1000001 -0.09999998 8.3 0 -1 0 0.55131024 0.6218739
-1.9000003 -0.09999998 -6.351845 1 0 0 0.24330543 0.5331214
-1.9000003 -0.09999998 -13.8 1 0 0 0.24330543 0.6353955
-1.9000003 4 8.3 1 0 0 0.18700641 0.33193
-1.9000003 -0.09999998 8.3 1 0 0 0.24330543 0.33193
-1.9000003 -0.09999998 1 1 0 0 0.24330543 0.43216977
-1.9000003 3.6999998 1 1 0 0 0.19112585 0.43216977
-1.9000003 3.6999998 -6.351845 1 0 0 0.19112583 0.5331214
-1.9000003 -0.09999998 -1 1 0 0 0.24330543 0.4596327
-1.9000003 -0.09999998 -4.351845 1 0 0 0.24330543 0.50565845
-2.1000001 -0.09999998 8.3 0 0 1 0.33298 0.82942927
-1.9000003 4 -13.8 0 1 0 0.6048631 0.6353954
-1.9000003 -0.09999998 -13.8 0 0 -1 0.010403545 0.83354867
-2.1000001 -0.09999998 -4.351845 -1 0 0 0.31491908 0.4616671
-2.1000001 -0.09999998 -1 -1 0 0 0.31491908 0.5076928
-2.1000001 3.6999998 1 -1 0 0 0.26273948 0.5351558
-2.1000001 -0.09999998 1 -1 0 0 0.31491908 0.5351558
-2.1000001 -0.09999998 8.3 -1 0 0 0.31491905 0.6353955
-2.1000001 4 8.3 -1 0 0 0.25862005 0.6353955
-2.1000001 -0.09999998 -13.8 -1 0 0 0.31491908 0.33193
-2.1000001 -0.09999998 -6.351845 -1 0 0 0.31491908 0.43420413
-2.1000001 3.6999998 -6.351845 -1 0 0 0.2627395 0.43420413
-1.9000003 -0.09999998 1 0 0 -1 0.10007811 0.8417875
-1.9000003 3.6999998 1 0 -1 0 0.7697282 0.6183846
-2.1000001 3.6999998 -1 0 0 1 0.4805367 0.790729
-2.1000001 3.6999998 -4.351845 0 0 -1 0.43796918 0.79072905
-1.9000003 3.6999998 -4.351845 0 -1 0 0.6562995 0.89739245
-2.1000001 3.6999998 -6.351845 0 0 1 0.8385237 0.73798674
17.900002 -0.1000001 8.5 0 -1 0 0.46298245 0.96346724
16.945623 -0.1000001 8.3 0 -1 0 0.46572873 0.95036227
17.900002 -0.1000001 8.3 0 -1 0 0.46572873 0.96346724
14.945624 -0.1000001 8.3 0 -1 0 0.44071546 0.7038008
8.979277 -0.1000001 8.5 0 -1 0 0.43796918 0.6218741
8.979277 -0.1000001 8.3 0 -1 0 0.44071546 0.6218741
6.979277 -0.1000001 8.3 0 -1 0 0.42265457 0.7063762
0.8253725 -0.1000001 8.5 0 -1 0 0.4199083 0.6218741
0.8253725 -0.1000001 8.3 0 -1 0 0.42265457 0.6218741
-11.8 -0.1000001 8.3 0 -1 0 0.71259856 0.50515646
-1.1746275 -0.1000001 8.5 0 -1 0 0.7098523 0.65105844
-11.8 -0.1000001 8.5 0 -1 0 0.7098523 0.50515646
17.900002 4 8.5 0 2.6534437e-07 1 0.0076573035 0.415482
6.979277 3.6999998 8.5 0 1.0849724e-05 1 0.011776755 0.2655244
8.979277 3.6999998 8.5 0 -8.416813e-06 1 0.011776755 0.29298735
-11.8 4 8.3 -1 0 0 0.3510409 0.77313024
-11.8 -0.1000001 8.5 -1 0 0 0.34829462 0.82942927
-11.8 4 8.5 -1 0 0 0.34829462 0.77313024
-11.8 4 8.5 0 1 0 0.1508846 0.415482
17.900002 4 8.3 0 1 0 0.1536309 0.0076573035
-11.8 4 8.3 0 1 0 0.15363087 0.415482
17.900002 4 8.5 1 0 0 0.38653275 0.77313024
17.900002 -0.1000001 8.3 1 0 0 0.38378644 0.82942927
17.900002 4 8.3 1 0 0 0.38378644 0.77313024
-11.8 4 8.3 0 9.079539e-09 -1 0.07927097 0.41548198
8.979277 3.6999998 8.3 0 2.7701724e-06 -1 0.083390415 0.13015196
6.979277 3.6999998 8.3 0 -1.2623014e-05 -1 0.083390415 0.15761487
-1.1746275 3.6999998 8.3 1 0 0 0.840446 0.33193004
-1.1746275 -0.1000001 8.5 1 0 0 0.8431923 0.3841096
-1.1746275 -0.1000001 8.3 1 0 0 0.840446 0.3841096
0.8253725 3.6999998 8.3 -1 0 0 0.8431922 0.4035437
0.8253725 -0.1000001 8.5 -1 0 0 0.84044594 0.45572323
0.8253725 3.6999998 8.5 -1 0 0 0.84044594 0.4035437
-1.1746275 3.6999998 8.5 0 -1 0 0.7877891 0.6183846
0.8253725 3.6999998 8.3 0 -1 0 0.7905354 0.64584756
0.8253725 3.6999998 8.5 0 -1 0 0.7877891 0.64584756
6.979277 3.6999998 8.3 1 0 0 0.84044594 0.47103783
6.979277 -0.1000001 8.5 1 0 0 0.8431922 0.5232174
6.979277 -0.1000001 8.3 1 0 0 0.84044594 0.5232174
8.979277 3.6999998 8.5 -1 0 0 0.835025 0.546771
8.979277 -0.1000001 8.3 -1 0 0 0.8377713 0.59895056
8.979277 -0.1000001 8.5 -1 0 0 0.835025 0.59895056
6.979277 3.6999998 8.5 0 -1 0 0.80584997 0.61838466
8.979277 3.6999998 8.3 0 -1 0 0.8085963 0.6458476
8.979277 3.6999998 8.5 0 -1 0 0.80584997 0.6458476
14.945624 3.6999998 8.5 1 0 0 0.11813902 0.7896079
14.945624 -0.1000001 8.3 1 0 0 0.11539272 0.8417875
14.945624 3.6999998 8.3 1 0 0 0.11539272 0.7896079
16.945623 3.6999998 8.5 -1 0 0 0.16090715 0.789608
16.945623 -0.1000001 8.3 -1 0 0 0.16365346 0.8417876
16.945623 -0.1000001 8.5 -1 0 0 0.16090715 0.8417876
14.945624 3.6999998 8.5 0 -1 0 0.83494693 0.28175354
16.945623 3.6999998 8.3 0 -1 0 0.8376932 0.30921647
16.945623 3.6999998 8.5 0 -1 0 0.83494693 0.30921647
16.945623 -0.1000001 8.5 0 -1 0 0.46298245 0.95036227
14.945624 -0.1000001 8.5 0 -1 0 0.43796918 0.7038008
6.979277 -0.1000001 8.5 0 -1 0 0.4199083 0.7063762
-1.1746275 -0.1000001 8.3 0 -1 0 0.71259856 0.65105844
16.945623 3.6999998 8.5 0 1.9138693e-06 1 0.011776695 0.40237698
16.945623 -0.1000001 8.5 0 0 1 0.0639563 0.40237698
17.900002 -0.1000001 8.5 0 0 1 0.0639563 0.415482
-11.8 4 8.5 0 -3.0767147e-08 1 0.0076573035 0.007657298
-11.8 -0.1000001 8.5 0 0 1 0.06395636 0.007657302
-1.1746275 -0.1000001 8.5 0 0 1 0.06395636 0.15355931
-1.1746275 3.6999998 8.5 0 -1.1257325e-06 1 0.011776755 0.1535593
8.979277 -0.1000001 8.5 0 0 1 0.0639563 0.29298735
14.945624 -0.1000001 8.5 0 0 1 0.0639563 0.37491408
14.945624 3.6999998 8.5 0 -2.6818698e-06 1 0.011776755 0.37491408
0.8253725 3.6999998 8.5 0 6.159753e-08 1 0.011776755 0.18102224
0.8253725 -0.1000001 8.5 0 0 1 0.06395636 0.18102224
6.979277 -0.1000001 8.5 0 0 1 0.0639563 0.2655244
-11.8 -0.1000001 8.3 -1 0 0 0.3510409 0.82942927
17.900002 4 8.5 0 1 0 0.15088463 0.0076573035
17.900002 -0.1000001 8.5 1 0 0 0.38653275 0.82942927
-1.1746275 3.6999998 8.3 0 0 -1 0.083390415 0.26958
-1.1746275 -0.1000001 8.3 0 0 -1 0.13557002 0.26958
-11.8 -0.1000001 8.3 0 0 -1 0.13557002 0.41548198
17.900002 4 8.3 0 -5.602824e-07 -1 0.07927097 0.0076572737
17.900002 -0.1000001 8.3 0 0 -1 0.13557002 0.007657278
16.945623 -0.1000001 8.3 0 0 -1 0.13557002 0.020762293
16.945623 3.6999998 8.3 0 -1.7475146e-06 -1 0.083390415 0.020762289
6.979277 -0.1000001 8.3 0 0 -1 0.13557002 0.15761489
0.8253725 -0.1000001 8.3 0 0 -1 0.13557002 0.24211705
0.8253725 3.6999998 8.3 0 5.468402e-06 -1 0.083390415 0.24211705
14.945624 3.6999998 8.3 0 -4.213276e-06 -1 0.083390415 0.048225217
14.945624 -0.1000001 8.3 0 0 -1 0.13557002 0.04822522
8.979277 -0.1000001 8.3 0 0 -1 0.13557002 0.13015196
-1.1746275 3.6999998 8.5 1 0 0 0.8431923 0.33193004
0.8253725 -0.1000001 8.3 -1 0 0 0.8431922 0.45572323
-1.1746275 3.6999998 8.3 0 -1 0 0.7905354 0.6183846
6.979277 3.6999998 8.5 1 0 0 0.8431922 0.47103783
8.979277 3.6999998 8.3 -1 0 0 0.8377713 0.546771
6.979277 3.6999998 8.3 0 -1 0 0.8085963 0.61838466
14.945624 -0.1000001 8.5 1 0 0 0.11813902 0.8417875
16.945623 3.6999998 8.3 -1 0 0 0.16365346 0.789608
14.945624 3.6999998 8.3 0 -1 0 0.8376932 0.28175354
-1.900001 -0.1000001 -13.8 0 -1 0 0.40184736 0.71218
-8.476569 -0.1000001 -14 0 -1 0 0.40459365 0.6218741
-1.9000002 -0.1000001 -14 0 -1 0 0.40459365 0.71218
-11.8 -0.1000001 -14 0 -1 0 0.6590458 0.29760137
-10.476568 -0.1000001 -13.8 0 -1 0 0.65629953 0.31577405
-11.8 -0.1000001 -13.8 0 -1 0 0.65629953 0.29760137
-1.9000002 4 -13.8 0 -3.350158e-07 1 0.6382386 0.7550693
-11.8 4 -13.8 0 2.433995e-07 1 0.6382386 0.61912775
-8.476569 3.6999998 -13.8 0 -3.1558702e-06 1 0.64235806 0.6647634
-11.8 4 -14 -1 0 0 0.25038114 0.6507101
-11.8 -0.1000001 -13.8 -1 0 0 0.24763483 0.70700914
-11.8 4 -13.8 -1 0 0 0.24763483 0.6507101
-11.8 4 -14 0 -1.4579541e-06 -1 0.3302337 0.7578156
-1.900001 4 -14 0 -1.3914578e-08 -1 0.33023375 0.6218741
-10.476568 3.6999998 -14 0 -6.0521284e-06 -1 0.33435315 0.7396429
-11.8 4 -13.8 0 1 0 0.07927097 0.73996466
-1.900001 4 -14 0 1 0 0.082017265 0.6040231
-11.8 4 -14 0 1 0 0.082017265 0.73996466
-1.9000002 4 -13.8 1 1.9090199e-07 -3.2725827e-06 0.028464423 0.7772496
-1.9000002 -0.1000001 -14 1 -1.9089974e-07 3.2725825e-06 0.025718153 0.83354855
-1.900001 4 -14 1 2.035296e-07 -3.4890559e-06 0.025718153 0.7772496
-10.476568 3.6999998 -13.8 1 0 0 0.4624758 0.790729
-10.476568 -0.1000001 -14 1 0 0 0.45972952 0.84290856
-10.476568 3.6999998 -14 1 0 0 0.45972952 0.790729
-8.476569 3.6999998 -13.8 -1 0 0 0.043779 0.77724963
-8.476569 -0.1000001 -14 -1 0 0 0.0465253 0.8294292
-8.476569 -0.1000001 -13.8 -1 0 0 0.043779 0.8294292
-10.476568 3.6999998 -13.8 0 -1 0 0.043779 0.90013874
-8.476569 3.6999998 -14 0 -1 0 0.0465253 0.9276016
-8.476569 3.6999998 -13.8 0 -1 0 0.043779 0.9276016
-8.476569 -0.1000001 -13.8 0 -1 0 0.40184736 0.6218741
-10.476568 -0.1000001 -14 0 -1 0 0.6590458 0.31577405
-8.476569 -0.1000001 -13.8 0 -1.0230111e-07 1 0.69453764 0.6647634
-1.900001 -0.1000001 -13.8 0 -2.8825343e-07 1 0.6945376 0.7550693
-11.8 -0.1000001 -13.8 0 0 1 0.69453764 0.61912775
-10.476568 -0.1000001 -13.8 0 0 1 0.69453764 0.63730043
-10.476568 3.6999998 -13.8 0 3.937814e-06 1 0.64235806 0.63730043
-11.8 -0.1000001 -14 -1 0 0 0.25038114 0.70700914
-10.476568 -0.1000001 -14 0 0 -1 0.38653275 0.7396429
-11.8 -0.1000001 -14 0 0 -1 0.38653275 0.7578156
-1.9000002 -0.1000001 -14 0 0 -1 0.38653275 0.6218741
-8.476569 -0.1000001 -14 0 0 -1 0.38653275 0.71218
-8.476569 3.6999998 -14 0 2.088544e-05 -1 0.33435315 0.71218
-1.9000002 4 -13.8 0 1 0 0.079271026 0.6040231
-1.900001 -0.1000001 -13.8 1 -2.0352736e-07 3.4890554e-06 0.028464423 0.83354855
-10.476568 -0.1000001 -13.8 1 0 0 0.4624758 0.84290856
-8.476569 3.6999998 -14 -1 0 0 0.0465253 0.77724963
-10.476568 3.6999998 -14 0 -1 0 0.0465253 0.90013874
-12 4 -14 0 1 0 0.32294792 0.31661537
-1.9000001 4 8.5 0 1 0 0.46163577 0.007657282
-1.9000001 4 -14 0 1 0 0.46163577 0.31661537
-1.9000001 4 8.5 0 0 -1 0.7306595 0.33193004
-12 4.2 8.5 0 0 -1 0.7279132 0.47061795
-1.9000001 4.2 8.5 0 0 -1 0.7279132 0.33193004
-1.9000001 4.2 -14 0 -1 0 0.16894548 0.31661543
-12 4.2 8.5 0 -1 0 0.30763334 0.0076573035
-12 4.2 -14 0 -1 0 0.30763334 0.31661543
-12 4 8.5 1 0 0 0.62292403 0.0076573035
-12 4.2 -14 1 0 0 0.6201777 0.31661543
-12 4.2 8.5 1 0 0 0.62017775 0.0076573035
-12 4.2 -14 0 0 1 0.7279132 0.48593253
-1.9000001 4 -14 0 0 1 0.7306595 0.6246204
-1.9000001 4.2 -14 0 0 1 0.7279132 0.6246204
18.1 4.2 -2.9999995 0 -1 0 0.4881456 0.60655946
-1.9000001 4.2 8.5 0 -1 0 0.3302337 0.33192998
-1.9000001 4.2 -2.9999995 0 -1 0 0.48814562 0.33192998
18.1 4 -2.9999995 -1 0 0 0.082017265 0.43079653
18.1 4.2 8.5 -1 0 0 0.07927097 0.5887085
18.1 4.2 -2.9999995 -1 0 0 0.07927097 0.43079653
18.1 4 8.5 0 0 -1 0.55131036 0.33192995
-1.9000001 4.2 8.5 0 0 -1 0.54856396 0.6065594
18.1 4.2 8.5 0 0 -1 0.548564 0.33192995
-1.9000001 4 -2.9999995 0 1 0 0.79615057 0.28228673
18.1 4 8.5 0 1 0 0.63823867 0.0076572993
18.1 4 -2.9999995 0 1 0 0.79615057 0.0076573114
18.1 4 -2.9999995 0 0 1 0.53324944 0.6065594
-1.9000001 4.2 -2.9999995 0 0 1 0.53050315 0.33192992
-1.9000001 4 -2.9999995 0 0 1 0.53324944 0.33192992
-1.9000001 4 8.5 1 0 0 0.71259856 0.33193004
-1.9000001 4.2 -2.9999995 1 0 0 0.7098523 0.48984194
-1.9000001 4.2 8.5 1 0 0 0.7098523 0.33193004
-12 4 8.5 0 1 0 0.32294792 0.007657282
-12 4 8.5 0 0 -1 0.7306595 0.47061795
-1.9000001 4.2 8.5 0 -1 0 0.16894548 0.0076573035
-12 4 -14 1 0 0 0.62292403 0.31661543
-12 4 -14 0 0 1 0.7306595 0.48593253
18.1 4.2 8.5 0 -1 0 0.3302337 0.6065594
18.1 4 8.5 -1 0 0 0.082017265 0.5887085
-1.9000001 4 8.5 0 0 -1 0.5513103 0.6065594
-1.9000001 4 8.5 0 1 0 0.6382386 0.2822867
18.1 4.2 -2.9999995 0 0 1 0.53050315 0.6065594
-1.9000001 4 -2.9999995 1 0 0 0.71259856 0.48984194
9.400002 -0.09999998 0.30000037 0 1 0 0.25429067 0.7939374
9.6 -0.09999998 -2.9999995 0 1 0 0.25703695 0.8392512
9.400002 -0.09999998 -2.9999995 0 1 0 0.25429067 0.8392512
9.6 -0.09999998 -2.9999995 -1 0 0 0.6119389 0.74244267
9.6 4 0.30000037 -1 0 0 0.56662506 0.68614364
9.6 4 -2.9999995 -1 0 0 0.6119389 0.68614364
9.6 -0.09999998 0.30000037 0 0 -1 0.6590457 0.826683
9.400002 4 0.30000037 0 0 -1 0.6562995 0.7703839
9.6 4 0.30000037 0 0 -1 0.6590457 0.7703839
9.400002 4 -2.9999995 0 -1 0 0.40459362 0.84442204
9.6 4 0.30000037 0 -1 0 0.4018474 0.7991082
9.400002 4 0.30000037 0 -1 0 0.40459362 0.7991082
9.400002 -0.09999998 -2.9999995 0 0 1 0.8204629 0.72267216
9.6 4 -2.9999995 0 0 1 0.8177166 0.6663731
9.400002 4 -2.9999995 0 0 1 0.8204629 0.6663731
9.400002 -0.09999998 0.30000037 1 0 0 0.7551662 0.72267216
9.400002 4 -2.9999995 1 0 0 0.7098523 0.6663731
9.400002 4 0.30000037 1 0 0 0.7551662 0.6663731
9.6 -0.09999998 0.30000037 0 1 0 0.25703695 0.7939374
9.6 -0.09999998 0.30000037 -1 0 0 0.56662506 0.74244267
9.400002 -0.09999998 0.30000037 0 0 -1 0.6562995 0.826683
9.6 4 -2.9999995 0 -1 0 0.4018474 0.84442204
9.6 -0.09999998 -2.9999995 0 0 1 0.8177166 0.72267216
9.400002 -0.09999998 -2.9999995 1 0 0 0.7098523 0.72267216
9.400002 -0.09999998 8.3 0 1 0 0.18700638 0.79393744
12.5 -0.09999998 5 0 1 0 0.22957392 0.83925134
9.400002 -0.09999998 5 0 1 0 0.18700638 0.83925134
12.5 -0.09999998 5 -1 0 0 0.23232023 0.70700914
12.5 4 8.3 -1 0 0 0.18700637 0.6507101
12.5 4 5 -1 0 0 0.23232023 0.6507101
12.5 -0.09999998 8.3 0 0 -1 0.13989939 0.7742933
9.400002 4 8.3 0 0 -1 0.097331844 0.71799433
12.5 4 8.3 0 0 -1 0.13989939 0.71799433
9.400002 4 5 0 -1 0 0.3149191 0.8392512
12.5 4 8.3 0 -1 0 0.27235156 0.7939374
9.400002 4 8.3 0 -1 0 0.3149191 0.7939374
9.400002 -0.09999998 5 0 0 1 0.4805367 0.7754144
12.5 4 5 0 0 1 0.43796918 0.7191154
9.400002 4 5 0 0 1 0.4805367 0.7191154
9.400002 -0.09999998 8.3 1 0 0 0.31491908 0.70700914
9.400002 4 5 1 0 0 0.26960525 0.6507101
9.400002 4 8.3 1 0 0 0.31491908 0.6507101
12.5 -0.09999998 8.3 0 1 0 0.22957392 0.79393744
12.5 -0.09999998 8.3 -1 0 0 0.18700637 0.70700914
9.400002 -0.09999998 8.3 0 0 -1 0.097331844 0.7742933
12.5 4 5 0 -1 0 0.27235156 0.8392512
12.5 -0.09999998 5 0 0 1 0.43796918 0.7754144
9.400002 -0.09999998 5 1 0 0 0.26960525 0.70700914
18.1 -0.09999998 -2.9999995 0 -1 0 0.4881456 0.60655946
-1.9000001 -0.09999998 8.5 0 -1 0 0.3302337 0.33192998
-1.9000001 -0.09999998 -2.9999995 0 -1 0 0.48814562 0.33192998
18.1 -0.3 -2.9999995 -1 0 0 0.082017265 0.43079653
18.1 -0.09999998 8.5 -1 0 0 0.07927097 0.5887085
18.1 -0.09999998 -2.9999995 -1 0 0 0.07927097 0.43079653
18.1 -0.3 8.5 0 0 -1 0.55131036 0.33192995
-1.9000001 -0.09999998 8.5 0 0 -1 0.54856396 0.6065594
18.1 -0.09999998 8.5 0 0 -1 0.548564 0.33192995
-1.9000001 -0.3 -2.9999995 0 1 0 0.79615057 0.28228673
18.1 -0.3 8.5 0 1 0 0.63823867 0.0076572993
18.1 -0.3 -2.9999995 0 1 0 0.79615057 0.0076573114
18.1 -0.3 -2.9999995 0 0 1 0.53324944 0.6065594
-1.9000001 -0.09999998 -2.9999995 0 0 1 0.53050315 0.33192992
-1.9000001 -0.3 -2.9999995 0 0 1 0.53324944 0.33192992
-1.9000001 -0.3 8.5 1 0 0 0.71259856 0.33193004
-1.9000001 -0.09999998 -2.9999995 1 0 0 0.7098523 0.48984194
-1.9000001 -0.09999998 8.5 1 0 0 0.7098523 0.33193004
18.1 -0.09999998 8.5 0 -1 0 0.3302337 0.6065594
18.1 -0.3 8.5 -1 0 0 0.082017265 0.5887085
-1.9000001 -0.3 8.5 0 0 -1 0.5513103 0.6065594
-1.9000001 -0.3 8.5 0 1 0 0.6382386 0.2822867
18.1 -0.09999998 -2.9999995 0 0 1 0.53050315 0.6065594
-1.9000001 -0.3 -2.9999995 1 0 0 0.71259856 0.48984194
-12 -0.3 -14 0 1 0 0.32294792 0.31661537
-1.9000001 -0.3 8.5 0 1 0 0.46163577 0.007657282
-1.9000001 -0.3 -14 0 1 0 0.46163577 0.31661537
-1.9000001 -0.3 8.5 0 0 -1 0.7306595 0.33193004
-12 -0.09999998 8.5 0 0 -1 0.7279132 0.47061795
-1.9000001 -0.09999998 8.5 0 0 -1 0.7279132 0.33193004
-1.9000001 -0.09999998 -14 0 -1 0 0.16894548 0.31661543
-12 -0.09999998 8.5 0 -1 0 0.30763334 0.0076573035
-12 -0.09999998 -14 0 -1 0 0.30763334 0.31661543
-12 -0.3 8.5 1 0 0 0.62292403 0.0076573035
-12 -0.09999998 -14 1 0 0 0.6201777 0.31661543
-12 -0.09999998 8.5 1 0 0 0.62017775 0.0076573035
-12 -0.09999998 -14 0 0 1 0.7279132 0.48593253
-1.9000001 -0.3 -14 0 0 1 0.7306595 0.6246204
-1.9000001 -0.09999998 -14 0 0 1 0.7279132 0.6246204
-12 -0.3 8.5 0 1 0 0.32294792 0.007657282
-12 -0.3 8.5 0 0 -1 0.7306595 0.47061795
-1.9000001 -0.09999998 8.5 0 -1 0 0.16894548 0.0076573035
-12 -0.3 -14 1 0 0 0.62292403 0.31661543
-12 -0.3 -14 0 0 1 0.7306595 0.48593253
48.529495 -0.09999998 -33.127243 0 -1 0 0.4881456 0.60655946
-32.329494 -0.09999998 38.627243 0 -1 0 0.3302337 0.33192998
-32.329494 -0.09999998 -33.127243 0 -1 0 0.48814562 0.33192998
48.529495 -0.3 -33.127243 -1 0 0 0.082017265 0.43079653
48.529495 -0.09999998 38.627243 -1 0 0 0.07927097 0.5887085
48.529495 -0.09999998 -33.127243 -1 0 0 0.07927097 0.43079653
48.529495 -0.3 38.627243 0 0 -1 0.55131036 0.33192995
-32.329494 -0.09999998 38.627243 0 0 -1 0.54856396 0.6065594
48.529495 -0.09999998 38.627243 0 0 -1 0.548564 0.33192995
-32.329494 -0.3 -33.127243 0 1 0 0.79615057 0.28228673
48.529495 -0.3 38.627243 0 1 0 0.63823867 0.0076572993
48.529495 -0.3 -33.127243 0 1 0 0.79615057 0.0076573114
48.529495 -0.3 -33.127243 0 0 1 0.53324944 0.6065594
-32.329494 -0.09999998 -33.127243 0 0 1 0.53050315 0.33192992
-32.329494 -0.3 -33.127243 0 0 1 0.53324944 0.33192992
-32.329494 -0.3 38.627243 1 0 0 0.71259856 0.33193004
-32.329494 -0.09999998 -33.127243 1 0 0 0.7098523 0.48984194
-32.329494 -0.09999998 38.627243 1 0 0 0.7098523 0.33193004
48.529495 -0.09999998 38.627243 0 -1 0 0.3302337 0.6065594
48.529495 -0.3 38.627243 -1 0 0 0.082017265 0.5887085
-32.329494 -0.3 38.627243 0 0 -1 0.5513103 0.6065594
-32.329494 -0.3 38.627243 0 1 0 0.6382386 0.2822867
48.529495 -0.09999998 -33.127243 0 0 1 0.53050315 0.6065594
-32.329494 -0.3 -33.127243 1 0 0 0.71259856 0.48984194
0.54584175 0.3565966 8.749118 0 0 1 0.380263 0.9648597
-0.89509684 0.05333072 8.749118 0 0 1 0.3844273 0.94507354
0.54584175 0.05333072 8.749118 0 0 1 0.3844273 0.9648597
0.82537246 0.3565966 8.131002 1 0 0 0.7628082 0.96566963
0.82537246 0.05333072 8.469587 1 0 0 0.7669725 0.96102035
0.82537246 0.05333072 8.131002 1 0 0 0.7669725 0.96566963
-0.89509684 0.5734391 8.131002 0 1 0 0.23867914 0.92867625
0.54584175 0.5734391 8.469587 0 1 0 0.23402987 0.90889
0.54584175 0.5734391 8.131002 0 1 0 0.23867914 0.90889
-1.1746275 0.3565966 8.469587 -1 0 0 0.96837467 0.07041563
-1.1746275 0.05333072 8.131002 -1 0 0 0.97253895 0.06576635
-1.1746275 0.05333072 8.469587 -1 0 0 0.97253895 0.07041563
-0.89509684 0.3565966 7.851472 0 0 -1 0.9575221 0.50203985
0.54584175 0.05333072 7.851472 0 0 -1 0.96168643 0.48225358
-0.89509684 0.05333072 7.851472 0 0 -1 0.96168643 0.50203985
-0.89509684 -0.16351175 8.469587 -0.2634901 -0.9279791 0.26349136 0.26407132 0.92867625
-1.056484 -0.07186329 8.630975 -0.2634901 -0.9279792 0.2634914 0.26628736 0.93089235
-1.092755 -0.10000008 8.469587 -0.29781923 -0.92686564 0.22852525 0.26407132 0.9313904
-0.89509684 0.05333072 8.749118 -0.30871266 -0.41134906 0.85760623 0.3844273 0.94507354
-1.056484 -0.07186329 8.630975 -0.3211163 -0.39730614 0.8596698 0.3861464 0.94285744
-0.8950969 -0.10000008 8.667245 -0.26995745 -0.45353687 0.8493688 0.38653272 0.94507354
-1.1746275 0.05333072 8.469587 -0.85760635 -0.41134804 0.30871403 0.97253895 0.07041563
-1.056484 -0.07186329 8.630975 -0.8596696 -0.3973057 0.3211171 0.974258 0.07263169
-1.092755 0.05333072 8.667245 -0.8640479 -0.35401785 0.3579004 0.97253895 0.07312972
-0.89509684 0.3565966 8.749118 -0.30871272 0.4113491 0.8576062 0.380263 0.94507354
-1.056484 0.48179066 8.630975 -0.32111633 0.3973062 0.8596698 0.3785439 0.94285744
-1.092755 0.3565966 8.667245 -0.35790113 0.35401642 0.8640482 0.380263 0.94235945
-0.89509684 0.5734391 8.469587 -0.26349008 0.9279791 0.26349142 0.23402987 0.92867625
-1.056484 0.48179066 8.630975 -0.26349008 0.9279791 0.26349142 0.23181379 0.9308923
-0.8950969 0.5099274 8.667245 -0.22852731 0.92686325 0.297825 0.23131575 0.92867625
-1.1746275 0.3565966 8.469587 -0.8576063 0.41134793 0.3087142 0.96837467 0.07041563
-1.056484 0.48179066 8.630975 -0.8596698 0.39730567 0.3211172 0.96665555 0.07263169
-1.092755 0.5099274 8.469587 -0.84936905 0.4535341 0.2699611 0.9662692 0.07041563
-0.89509684 -0.16351175 8.131002 -0.26349065 -0.9279793 -0.26349056 0.25942203 0.92867625
-1.056484 -0.07186329 7.9696155 -0.26349062 -0.92797923 -0.2634905 0.25720596 0.93089235
-0.8950968 -0.10000008 7.9333444 -0.22852696 -0.9268647 -0.29782113 0.25670788 0.92867625
-1.1746275 0.05333072 8.131002 -0.85760677 -0.41134667 -0.3087143 0.97253895 0.06576635
-1.056484 -0.07186329 7.9696155 -0.8596696 -0.3973059 -0.32111713 0.974258 0.063550234
-1.0927548 -0.10000008 8.131002 -0.84937185 -0.45352858 -0.26996154 0.97464436 0.06576635
-0.89509684 0.05333072 7.851472 -0.3087146 -0.41134572 -0.8576071 0.96168643 0.50203985
-1.056484 -0.07186329 7.9696155 -0.32111728 -0.3973043 -0.8596704 0.9634055 0.5042559
-1.0927548 0.05333072 7.9333444 -0.35789943 -0.354019 -0.8640478 0.96168643 0.50475395
-0.89509684 0.5734391 8.131002 -0.26349068 0.92797923 -0.26349062 0.23867914 0.92867625
-1.056484 0.48179066 7.9696155 -0.2634907 0.9279792 -0.2634906 0.24089523 0.9308923
-1.092755 0.5099274 8.131002 -0.2978218 0.9268644 -0.22852719 0.23867914 0.9313904
-0.89509684 0.3565966 7.851472 -0.30871457 0.41134584 -0.8576072 0.9575221 0.50203985
-1.056484 0.48179066 7.9696155 -0.32111713 0.3973042 -0.8596704 0.95580304 0.5042559
-0.8950969 0.5099274 7.9333444 -0.26996255 0.45353 -0.8493708 0.9554166 0.50203985
-1.1746275 0.3565966 8.131002 -0.8576068 0.41134664 -0.30871448 0.96837467 0.06576635
-1.056484 0.48179066 7.9696155 -0.85966974 0.39730594 -0.321117 0.96665555 0.063550234
-1.092755 0.3565966 7.9333444 -0.86404663 0.3540225 -0.35789886 0.96837467 0.06305219
0.54584175 -0.16351175 8.469587 0.26348886 -0.92797995 0.2634897 0.26407132 0.90889
0.70722884 -0.07186329 8.630975 0.26348886 -0.92798 0.2634897 0.26628736 0.90667397
0.5458417 -0.10000008 8.667245 0.22852488 -0.92686504 0.29782146 0.2667854 0.90889
0.82537246 0.05333072 8.469587 0.8576063 -0.41134784 0.30871448 0.7669725 0.96102035
0.70722884 -0.07186329 8.630975 0.8596694 -0.39730597 0.3211176 0.7686916 0.9588043
0.74349976 -0.10000008 8.469587 0.8493701 -0.45353246 0.26996094 0.76907796 0.96102035
0.54584175 0.05333072 8.749118 0.3087137 -0.4113431 0.85760874 0.3844273 0.9648597
0.70722884 -0.07186329 8.630975 0.32111737 -0.3973005 0.8596721 0.3861464 0.9670758
0.74349976 0.05333072 8.667245 0.35790247 -0.3540116 0.8640497 0.3844273 0.9675739
0.54584175 0.5734391 8.469587 0.26348862 0.92798 0.2634899 0.23402987 0.90889
0.7072289 0.48179066 8.630975 0.26348862 0.92798 0.26348987 0.23181379 0.9066739
0.7434998 0.5099274 8.469587 0.29781833 0.9268665 0.22852343 0.23402987 0.90617585
0.54584175 0.3565966 8.749118 0.3087132 0.41134614 0.8576074 0.380263 0.9648597
0.7072289 0.48179066 8.630975 0.32111675 0.39730453 0.8596704 0.3785439 0.9670758
0.54584175 0.5099274 8.667245 0.26995838 0.4535303 0.8493719 0.37815753 0.9648597
0.82537246 0.3565966 8.469587 0.85760695 0.41134623 0.30871454 0.7628082 0.96102035
0.7072289 0.48179066 8.630975 0.85967034 0.39730385 0.32111782 0.76108915 0.9588043
0.7434998 0.3565966 8.667245 0.8640482 0.3540156 0.35790184 0.7628082 0.95830625
0.54584175 -0.16351175 8.131002 0.2634906 -0.92797923 -0.26349065 0.25942203 0.90889
0.7072289 -0.07186329 7.9696155 0.26349068 -0.9279793 -0.26349065 0.2572059 0.90667397
0.7434998 -0.10000008 8.131002 0.29782137 -0.92686456 -0.22852713 0.25942203 0.90617585
0.54584175 0.05333072 7.851472 0.30871484 -0.41134596 -0.857607 0.96168643 0.48225358
0.7072289 -0.07186329 7.9696155 0.32111746 -0.39730445 -0.85967016 0.9634055 0.4800375
0.54584175 -0.10000008 7.9333444 0.26996264 -0.45352978 -0.8493709 0.9637919 0.48225358
0.82537246 0.05333072 8.131002 0.8576067 -0.4113467 -0.30871472 0.7669725 0.96566963
0.7072289 -0.07186329 7.9696155 0.85966957 -0.3973059 -0.32111746 0.7686916 0.9678857
0.7434998 0.05333072 7.9333444 0.86404616 -0.35402253 -0.35789984 0.7669725 0.9683838
0.54584175 0.5734391 8.131002 0.2634907 0.92797923 -0.26349056 0.23867914 0.90889
0.70722884 0.48179066 7.9696155 0.26349074 0.9279793 -0.26349056 0.24089523 0.9066739
0.5458417 0.5099274 7.9333444 0.2285266 0.92686456 -0.29782152 0.24139328 0.90889
0.82537246 0.3565966 8.131002 0.8576068 0.41134667 -0.30871457 0.7628082 0.96566963
0.70722884 0.48179066 7.9696155 0.85966957 0.39730585 -0.3211174 0.76108915 0.9678857
0.74349976 0.5099274 8.131002 0.84937185 0.45352873 -0.2699617 0.7607027 0.96566963
0.54584175 0.3565966 7.851472 0.30871466 0.4113458 -0.8576072 0.9575221 0.48225358
0.70722884 0.48179066 7.9696155 0.3211173 0.3973044 -0.85967034 0.95580304 0.4800375
0.74349976 0.3565966 7.9333444 0.35789952 0.35401896 -0.86404777 0.9575221 0.47953948
-0.89509684 -0.16351175 8.131002 -0.30591622 -0.95205843 -1.377514e-07 0.25942203 0.92867625
-1.092755 -0.10000008 8.469587 -0.3059162 -0.9520585 -7.4231885e-08 0.26407132 0.9313904
-1.0927548 -0.10000008 8.131002 -0.3059163 -0.9520585 -2.1198333e-07 0.25942203 0.9313904
-1.092755 -0.10000008 8.469587 -0.882123 -0.47101924 -1.5289925e-07 0.97464436 0.07041563
-1.1746275 0.05333072 8.131002 -0.88212264 -0.4710198 -3.534871e-07 0.97253895 0.06576635
-1.0927548 -0.10000008 8.131002 -0.8821224 -0.47102025 -5.063863e-07 0.97464436 0.06576635
-0.89509684 0.3565966 8.749118 -0.3826846 0 0.9238791 0.380263 0.94507354
-1.092755 0.05333072 8.667245 -0.38268444 0 0.9238792 0.3844273 0.94235945
-0.89509684 0.05333072 8.749118 -0.3826842 0 0.9238793 0.3844273 0.94507354
-1.092755 0.3565966 8.667245 -0.9238793 0 0.38268417 0.96837467 0.07312972
-1.1746275 0.05333072 8.469587 -0.92387927 0 0.38268432 0.97253895 0.07041563
-1.092755 0.05333072 8.667245 -0.9238791 0 0.3826846 0.97253895 0.07312972
-0.89509684 0.5734391 8.131002 -0.3059162 0.9520585 0 0.23867914 0.92867625
-1.092755 0.5099274 8.469587 -0.3059162 0.9520585 0 0.23402987 0.9313904
-0.89509684 0.5734391 8.469587 -0.30591616 0.95205843 0 0.23402987 0.92867625
-1.092755 0.5099274 8.131002 -0.8821233 0.47101876 0 0.9662692 0.06576635
-1.1746275 0.3565966 8.469587 -0.8821233 0.47101876 0 0.96837467 0.07041563
-1.092755 0.5099274 8.469587 -0.88212323 0.4710187 0 0.9662692 0.07041563
-0.89509684 0.3565966 7.851472 -0.38268277 1.491334e-07 -0.9238798 0.9575221 0.50203985
-1.0927548 0.05333072 7.9333444 -0.38268277 9.58038e-08 -0.92387986 0.96168643 0.50475395
-1.092755 0.3565966 7.9333444 -0.3826829 2.4493716e-07 -0.92387974 0.9575221 0.50475395
-1.0927548 0.05333072 7.9333444 -0.9238794 0 -0.38268378 0.97253895 0.06305219
-1.1746275 0.3565966 8.131002 -0.9238794 0 -0.38268378 0.96837467 0.06576635
-1.092755 0.3565966 7.9333444 -0.9238794 0 -0.38268378 0.96837467 0.06305219
-0.89509684 -0.16351175 8.131002 0 -0.9520584 -0.3059165 0.25942203 0.92867625
0.54584175 -0.10000008 7.9333444 0 -0.95205843 -0.30591652 0.25670788 0.90889
0.54584175 -0.16351175 8.131002 0 -0.9520584 -0.3059165 0.25942203 0.90889
-0.8950968 -0.10000008 7.9333444 0 -0.4710133 -0.8821261 0.9637919 0.50203985
0.54584175 0.05333072 7.851472 0 -0.47101834 -0.8821234 0.96168643 0.48225358
0.54584175 -0.10000008 7.9333444 0 -0.47101876 -0.8821232 0.9637919 0.48225358
0.54584175 0.5734391 8.131002 0 0.95205826 -0.3059168 0.23867914 0.90889
-0.8950969 0.5099274 7.9333444 0 0.952058 -0.30591762 0.24139328 0.92867625
-0.89509684 0.5734391 8.131002 0 0.9520581 -0.3059177 0.23867914 0.92867625
0.5458417 0.5099274 7.9333444 0 0.47101355 -0.8821261 0.9554166 0.48225358
-0.89509684 0.3565966 7.851472 0 0.4710211 -0.88212204 0.9575221 0.50203985
-0.8950969 0.5099274 7.9333444 0 0.47102174 -0.8821216 0.9554166 0.50203985
0.82537246 0.05333072 8.131002 0.9238795 7.4566586e-08 -0.38268366 0.7669725 0.96566963
0.74349976 0.3565966 7.9333444 0.92387956 4.7901853e-08 -0.3826836 0.7628082 0.9683838
0.82537246 0.3565966 8.131002 0.92387956 0 -0.38268343 0.7628082 0.96566963
0.74349976 0.3565966 7.9333444 0.38268277 0 -0.9238799 0.9575221 0.47953948
0.54584175 0.05333072 7.851472 0.38268274 0 -0.9238798 0.96168643 0.48225358
0.54584175 0.3565966 7.851472 0.38268274 0 -0.9238798 0.9575221 0.48225358
0.54584175 -0.16351175 8.131002 0.30591628 -0.95205843 6.887561e-08 0.25942203 0.90889
0.74349976 -0.10000008 8.469587 0.30591667 -0.9520584 3.71159e-08 0.26407132 0.90617585
0.54584175 -0.16351175 8.469587 0.30591708 -0.95205826 0 0.26407132 0.90889
0.7434998 -0.10000008 8.131002 0.88212264 -0.47101983 0 0.76907796 0.96566963
0.82537246 0.05333072 8.469587 0.88212293 -0.47101924 0 0.7669725 0.96102035
0.74349976 -0.10000008 8.469587 0.88212323 -0.4710187 0 0.76907796 0.96102035
0.54584175 0.5734391 8.469587 0.30591694 0.9520583 -6.88759e-08 0.23402987 0.90889
0.74349976 0.5099274 8.131002 0.3059166 0.9520584 -3.7116052e-08 0.23867914 0.90617585
0.54584175 0.5734391 8.131002 0.30591616 0.95205843 0 0.23867914 0.90889
0.74349976 0.5099274 8.131002 0.88212264 0.4710198 0 0.7607027 0.96566963
0.82537246 0.3565966 8.469587 0.882123 0.47101918 0 0.7628082 0.96102035
0.82537246 0.3565966 8.131002 0.8821224 0.47102028 0 0.7628082 0.96566963
0.54584175 0.05333072 8.749118 0.38268468 -1.4909316e-06 0.923879 0.3844273 0.9648597
0.7434998 0.3565966 8.667245 0.38268465 -9.577803e-07 0.9238791 0.380263 0.9675739
0.54584175 0.3565966 8.749118 0.3826845 0 0.92387915 0.380263 0.9648597
0.74349976 0.05333072 8.667245 0.92387915 0 0.38268432 0.7669725 0.95830625
0.82537246 0.3565966 8.469587 0.9238792 0 0.3826845 0.7628082 0.96102035
0.7434998 0.3565966 8.667245 0.9238791 0 0.38268462 0.7628082 0.95830625
0.54584175 -0.16351175 8.469587 0 -0.9520579 0.3059179 0.26407132 0.90889
-0.8950969 -0.10000008 8.667245 0 -0.9520591 0.3059142 0.2667854 0.92867625
-0.89509684 -0.16351175 8.469587 0 -0.9520593 0.3059138 0.26407132 0.92867625
0.5458417 -0.10000008 8.667245 0 -0.47101858 0.8821234 0.38653272 0.9648597
-0.89509684 0.05333072 8.749118 0 -0.47101632 0.8821246 0.3844273 0.94507354
-0.8950969 -0.10000008 8.667245 0 -0.47101605 0.88212466 0.38653272 0.94507354
-0.89509684 0.5734391 8.469587 0 0.95205784 0.30591828 0.23402987 0.92867625
0.54584175 0.5099274 8.667245 0 0.9520588 0.30591524 0.23131575 0.90889
0.54584175 0.5734391 8.469587 0 0.9520589 0.3059149 0.23402987 0.90889
0.54584175 0.5099274 8.667245 0 0.47101858 0.8821234 0.37815753 0.9648597
-0.89509684 0.3565966 8.749118 0 0.47101623 0.8821246 0.380263 0.94507354
0.54584175 0.3565966 8.749118 0 0.47101876 0.8821232 0.380263 0.9648597
0.54584175 -0.16351175 8.131002 0 -1 0 0.25942203 0.90889
-0.89509684 -0.16351175 8.469587 0 -1 0 0.26407132 0.92867625
-0.89509684 -0.16351175 8.131002 0 -1 0 0.25942203 0.92867625
0.54584175 1.0935476 8.749118 0 0 1 0.040255524 0.9654165
-0.89509684 0.79028165 8.749118 0 0 1 0.04441983 0.9456303
0.54584175 0.79028165 8.749118 0 0 1 0.04441983 0.9654165
0.82537246 1.0935476 8.131002 1 0 0 0.9682934 0.60153806
0.82537246 0.79028165 8.469587 1 0 0 0.9724577 0.5968888
0.82537246 0.79028165 8.131002 1 0 0 0.9724577 0.60153806
-0.89509684 1.3103901 8.131002 0 1 0 0.40921074 0.933847
0.54584175 1.3103901 8.469587 0 1 0 0.4045615 0.9140608
0.54584175 1.3103901 8.131002 0 1 0 0.40921074 0.9140608
-1.1746275 1.0935476 8.469587 -1 0 0 0.9278223 0.52874225
-1.1746275 0.79028165 8.131002 -1 0 0 0.9319866 0.52409303
-1.1746275 0.79028165 8.469587 -1 0 0 0.9319866 0.52874225
-0.89509684 1.0935476 7.851472 0 0 -1 0.074627586 0.95655084
0.54584175 0.79028165 7.851472 0 0 -1 0.078791894 0.93676466
-0.89509684 0.79028165 7.851472 0 0 -1 0.078791894 0.95655084
-0.89509684 0.5734391 8.469587 -0.26349014 -0.9279791 0.26349142 0.18789488 0.92867625
-1.056484 0.6650876 8.630975 -0.26349014 -0.9279791 0.26349142 0.19011097 0.9308923
-1.092755 0.63695085 8.469587 -0.2978197 -0.9268656 0.22852491 0.18789488 0.9313904
-0.89509684 0.79028165 8.749118 -0.30871257 -0.41134912 0.85760623 0.04441983 0.9456303
-1.056484 0.6650876 8.630975 -0.32111624 -0.3973062 0.8596698 0.04613892 0.9434143
-0.8950969 0.63695085 8.667245 -0.26995718 -0.4535371 0.84936875 0.04652524 0.9456303
-1.1746275 0.79028165 8.469587 -0.8576063 -0.41134793 0.3087142 0.9319866 0.52874225
-1.056484 0.6650876 8.630975 -0.8596698 -0.39730567 0.3211172 0.9337057 0.53095835
-1.092755 0.79028165 8.667245 -0.86404806 -0.3540177 0.35790023 0.9319866 0.5314564
-0.89509684 1.0935476 8.749118 -0.30871266 0.4113491 0.85760623 0.040255524 0.9456303
-1.056484 1.2187415 8.630975 -0.3211162 0.3973062 0.8596698 0.03853643 0.9434143
-1.092755 1.0935475 8.667245 -0.35790095 0.3540166 0.8640481 0.040255524 0.9429162
-0.89509684 1.3103901 8.469587 -0.26349065 0.927979 0.2634917 0.40456146 0.933847
-1.056484 1.2187415 8.630975 -0.26349062 0.92797893 0.2634917 0.4023454 0.9360631
-0.8950969 1.2468784 8.667245 -0.22852847 0.9268631 0.29782504 0.40184733 0.933847
-1.1746275 1.0935476 8.469587 -0.8576062 0.41134804 0.30871448 0.9278223 0.52874225
-1.056484 1.2187415 8.630975 -0.85966957 0.39730573 0.3211174 0.9261032 0.53095835
-1.092755 1.2468784 8.469587 -0.8493689 0.45353425 0.26996157 0.9257169 0.52874225
-0.89509684 0.5734391 8.131002 -0.2634905 -0.92797935 -0.26349056 0.18324561 0.92867625
-1.056484 0.6650876 7.9696155 -0.26349053 -0.92797935 -0.2634905 0.18102953 0.9308923
-0.8950968 0.63695085 7.9333444 -0.2285262 -0.9268647 -0.29782143 0.18053149 0.92867625
-1.1746275 0.79028165 8.131002 -0.85760677 -0.41134664 -0.30871454 0.9319866 0.52409303
-1.056484 0.6650876 7.9696155 -0.85966957 -0.3973059 -0.3211173 0.9337057 0.52187693
-1.0927548 0.63695085 8.131002 -0.84937185 -0.45352846 -0.26996183 0.93409204 0.52409303
-0.89509684 0.79028165 7.851472 -0.3087146 -0.41134578 -0.85760725 0.078791894 0.95655084
-1.056484 0.6650876 7.9696155 -0.32111716 -0.39730424 -0.85967034 0.08051099 0.95876694
-1.0927548 0.79028165 7.9333444 -0.3578992 -0.35401884 -0.864048 0.078791894 0.959265
-0.89509684 1.3103901 8.131002 -0.2634905 0.9279791 -0.26349092 0.40921074 0.933847
-1.056484 1.2187415 7.9696155 -0.26349056 0.92797923 -0.26349092 0.4114268 0.9360631
-1.092755 1.2468784 8.131002 -0.29782096 0.92686456 -0.22852775 0.40921074 0.93656117
-0.89509684 1.0935476 7.851472 -0.3087149 0.41134572 -0.857607 0.074627586 0.95655084
-1.056484 1.2187415 7.9696155 -0.32111737 0.3973042 -0.8596703 0.0729085 0.95876694
-0.8950969 1.2468784 7.9333444 -0.2699633 0.4535298 -0.8493707 0.07252212 0.95655084
-1.1746275 1.0935476 8.131002 -0.85760665 0.4113466 -0.3087147 0.9278223 0.52409303
-1.056484 1.2187415 7.9696155 -0.8596697 0.39730588 -0.3211172 0.9261032 0.52187693
-1.092755 1.0935475 7.9333444 -0.8640466 0.3540225 -0.3578988 0.92782235 0.5213789
0.54584175 0.5734391 8.469587 0.2634889 -0.92797995 0.26348966 0.18789488 0.90889
0.70722884 0.6650876 8.630975 0.2634889 -0.92798 0.26348966 0.19011097 0.9066739
0.5458417 0.63695085 8.667245 0.22852445 -0.92686504 0.29782167 0.19060901 0.90889
0.82537246 0.79028165 8.469587 0.8576063 -0.41134775 0.30871427 0.9724577 0.5968888
0.70722884 0.6650876 8.630975 0.85966945 -0.39730594 0.32111752 0.9741768 0.59467274
0.74349976 0.63695085 8.469587 0.8493701 -0.45353258 0.26996037 0.9745632 0.5968888
0.54584175 0.79028165 8.749118 0.3087135 -0.41134295 0.8576088 0.04441983 0.9654165
0.70722884 0.6650876 8.630975 0.32111725 -0.39730036 0.8596721 0.04613892 0.96763265
0.74349976 0.79028165 8.667245 0.3579025 -0.3540114 0.8640497 0.04441983 0.96813065
0.54584175 1.3103901 8.469587 0.26348916 0.92797977 0.26349014 0.4045615 0.9140608
0.7072289 1.2187415 8.630975 0.26348913 0.92797977 0.26349014 0.4023454 0.91184473
0.7434998 1.2468784 8.469587 0.29781824 0.9268663 0.22852404 0.4045615 0.9113467
0.54584175 1.0935476 8.749118 0.30871308 0.41134617 0.85760754 0.040255524 0.9654165
0.7072289 1.2187415 8.630975 0.32111657 0.39730456 0.8596705 0.03853643 0.96763265
0.54584175 1.2468784 8.667245 0.2699585 0.4535303 0.84937197 0.03815005 0.9654165
0.82537246 1.0935476 8.469587 0.85760677 0.41134632 0.308715 0.9682934 0.5968888
0.7072289 1.2187415 8.630975 0.8596701 0.39730394 0.32111818 0.9665744 0.59467274
0.7434998 1.0935475 8.667245 0.8640481 0.35401568 0.3579018 0.9682934 0.5941747
0.54584175 0.5734391 8.131002 0.2634905 -0.92797935 -0.2634906 0.18324561 0.90889
0.7072289 0.6650876 7.9696155 0.26349053 -0.92797935 -0.26349056 0.18102953 0.9066739
0.7434998 0.63695085 8.131002 0.29782182 -0.9268645 -0.22852677 0.18324561 0.90617585
0.54584175 0.79028165 7.851472 0.30871472 -0.4113459 -0.8576071 0.078791894 0.93676466
0.7072289 0.6650876 7.9696155 0.3211173 -0.39730442 -0.8596702 0.08051099 0.93454856
0.54584175 0.63695085 7.9333444 0.26996267 -0.45352978 -0.849371 0.08089731 0.93676466
0.82537246 0.79028165 8.131002 0.8576068 -0.41134667 -0.3087146 0.9724577 0.60153806
0.7072289 0.6650876 7.9696155 0.8596695 -0.39730588 -0.32111746 0.9741768 0.60375416
0.7434998 0.79028165 7.9333444 0.864046 -0.3540225 -0.35790035 0.9724577 0.6042522
0.54584175 1.3103901 8.131002 0.26349053 0.9279792 -0.26349086 0.40921074 0.9140608
0.70722884 1.2187415 7.9696155 0.26349053 0.9279792 -0.26349086 0.4114268 0.91184473
0.5458417 1.2468784 7.9333444 0.22852714 0.92686456 -0.2978215 0.4119249 0.9140608
0.82537246 1.0935476 8.131002 0.85760665 0.4113466 -0.30871496 0.9682934 0.60153806
0.70722884 1.2187415 7.9696155 0.85966945 0.3973058 -0.3211177 0.9665744 0.60375416
0.74349976 1.2468784 8.131002 0.8493717 0.45352864 -0.26996243 0.966188 0.60153806
0.54584175 1.0935476 7.851472 0.30871493 0.41134575 -0.85760707 0.074627586 0.93676466
0.70722884 1.2187415 7.9696155 0.32111746 0.3973043 -0.85967034 0.0729085 0.93454856
0.74349976 1.0935475 7.9333444 0.3578992 0.354019 -0.86404794 0.074627586 0.9340505
-0.89509684 0.5734391 8.469587 -0.30591652 -0.9520584 -1.3775141e-07 0.18789488 0.92867625
-1.0927548 0.63695085 8.131002 -0.30591655 -0.9520584 -7.423191e-08 0.18324561 0.9313904
-0.89509684 0.5734391 8.131002 -0.30591658 -0.9520583 -0 0.18324561 0.92867625
-1.092755 0.63695085 8.469587 -0.882123 -0.47101915 -1.5289925e-07 0.93409204 0.52874225
-1.1746275 0.79028165 8.131002 -0.88212264 -0.4710198 -3.534871e-07 0.9319866 0.52409303
-1.0927548 0.63695085 8.131002 -0.8821224 -0.47102025 -5.063863e-07 0.93409204 0.52409303
-0.89509684 1.0935476 8.749118 -0.38268474 0 0.9238791 0.040255524 0.9456303
-1.092755 0.79028165 8.667245 -0.38268456 0 0.92387915 0.04441983 0.9429162
-0.89509684 0.79028165 8.749118 -0.38268426 0 0.9238793 0.04441983 0.9456303
-1.092755 1.0935475 8.667245 -0.9238795 0 0.38268358 0.92782235 0.5314564
-1.1746275 0.79028165 8.469587 -0.9238793 0 0.3826839 0.9319866 0.52874225
-1.092755 0.79028165 8.667245 -0.9238791 0 0.38268468 0.9319866 0.5314564
-0.89509684 1.3103901 8.131002 -0.3059167 0.9520583 0 0.40921074 0.933847
-1.092755 1.2468784 8.469587 -0.30591643 0.9520584 0 0.40456146 0.93656117
-0.89509684 1.3103901 8.469587 -0.30591616 0.95205843 0 0.40456146 0.933847
-1.092755 1.2468784 8.131002 -0.8821233 0.47101858 0 0.9257169 0.52409303
-1.1746275 1.0935476 8.469587 -0.8821232 0.47101873 0 0.9278223 0.52874225
-1.092755 1.2468784 8.469587 -0.8821232 0.4710189 0 0.9257169 0.52874225
-0.89509684 1.0935476 7.851472 -0.38268295 1.4913336e-07 -0.92387974 0.074627586 0.95655084
-1.0927548 0.79028165 7.9333444 -0.38268286 9.580378e-08 -0.9238798 0.078791894 0.959265
-1.092755 1.0935475 7.9333444 -0.3826831 2.4493718e-07 -0.9238798 0.074627586 0.959265
-1.0927548 0.79028165 7.9333444 -0.92387956 0 -0.38268363 0.9319866 0.5213789
-1.1746275 1.0935476 8.131002 -0.9238795 0 -0.38268352 0.9278223 0.52409303
-1.092755 1.0935475 7.9333444 -0.9238796 0 -0.38268334 0.92782235 0.5213789
-0.89509684 0.5734391 8.131002 0 -0.9520583 -0.30591673 0.18324561 0.92867625
0.54584175 0.63695085 7.9333444 0 -0.9520584 -0.30591673 0.18053149 0.90889
0.54584175 0.5734391 8.131002 0 -0.9520583 -0.30591676 0.18324561 0.90889
-0.8950968 0.63695085 7.9333444 0 -0.4710133 -0.8821261 0.08089731 0.95655084
0.54584175 0.79028165 7.851472 0 -0.47101834 -0.8821234 0.078791894 0.93676466
0.54584175 0.63695085 7.9333444 0 -0.47101876 -0.8821232 0.08089731 0.93676466
0.54584175 1.3103901 8.131002 0 0.95205826 -0.3059168 0.40921074 0.9140608
-0.8950969 1.2468784 7.9333444 0 0.952058 -0.30591762 0.4119249 0.933847
-0.89509684 1.3103901 8.131002 0 0.9520581 -0.3059177 0.40921074 0.933847
0.5458417 1.2468784 7.9333444 0 0.47101355 -0.8821261 0.07252212 0.93676466
-0.89509684 1.0935476 7.851472 0 0.4710211 -0.88212204 0.074627586 0.95655084
-0.8950969 1.2468784 7.9333444 0 0.47102174 -0.8821216 0.07252212 0.95655084
0.82537246 0.79028165 8.131002 0.9238795 7.45666e-08 -0.38268372 0.9724577 0.60153806
0.74349976 1.0935475 7.9333444 0.9238795 4.7901846e-08 -0.38268363 0.9682934 0.6042522
0.82537246 1.0935476 8.131002 0.92387956 0 -0.3826835 0.9682934 0.60153806
0.74349976 1.0935475 7.9333444 0.38268307 0 -0.9238797 0.074627586 0.9340505
0.54584175 0.79028165 7.851472 0.38268295 0 -0.92387974 0.078791894 0.93676466
0.54584175 1.0935476 7.851472 0.3826833 0 -0.9238797 0.074627586 0.93676466
0.54584175 0.5734391 8.131002 0.30591658 -0.9520584 6.88756e-08 0.18324561 0.90889
0.74349976 0.63695085 8.469587 0.30591705 -0.9520582 3.7115896e-08 0.18789488 0.90617585
0.54584175 0.5734391 8.469587 0.3059176 -0.952058 0 0.18789488 0.90889
0.7434998 0.63695085 8.131002 0.88212264 -0.4710198 0 0.9745632 0.60153806
0.82537246 0.79028165 8.469587 0.88212305 -0.47101924 0 0.9724577 0.5968888
0.74349976 0.63695085 8.469587 0.88212323 -0.4710187 0 0.9745632 0.5968888
0.54584175 1.3103901 8.469587 0.30591744 0.95205814 -6.887588e-08 0.4045615 0.9140608
0.74349976 1.2468784 8.131002 0.30591688 0.95205826 -3.7116045e-08 0.40921074 0.9113467
0.54584175 1.3103901 8.131002 0.30591616 0.95205843 0 0.40921074 0.9140608
0.7434998 1.2468784 8.469587 0.88212305 0.47101912 0 0.966188 0.5968888
0.82537246 1.0935476 8.131002 0.8821227 0.47101992 0 0.9682934 0.60153806
0.74349976 1.2468784 8.131002 0.88212234 0.4710205 0 0.966188 0.60153806
0.54584175 0.79028165 8.749118 0.38268492 -1.4909319e-06 0.923879 0.04441983 0.9654165
0.7434998 1.0935475 8.667245 0.38268483 -9.577801e-07 0.92387897 0.040255524 0.96813065
0.54584175 1.0935476 8.749118 0.38268486 0 0.92387897 0.040255524 0.9654165
0.7434998 1.0935475 8.667245 0.9238792 0 0.3826845 0.9682934 0.5941747
0.82537246 0.79028165 8.469587 0.9238791 0 0.38268453 0.9724577 0.5968888
0.82537246 1.0935476 8.469587 0.9238792 0 0.38268438 0.9682934 0.5968888
0.54584175 0.5734391 8.469587 0 -0.95205784 0.30591816 0.18789488 0.90889
-0.8950969 0.63695085 8.667245 0 -0.95205903 0.30591446 0.19060902 0.92867625
-0.89509684 0.5734391 8.469587 0 -0.95205915 0.30591404 0.18789488 0.92867625
0.5458417 0.63695085 8.667245 0 -0.47101858 0.8821234 0.04652524 0.9654165
-0.89509684 0.79028165 8.749118 0 -0.47101632 0.8821246 0.04441983 0.9456303
-0.8950969 0.63695085 8.667245 0 -0.47101605 0.88212466 0.04652524 0.9456303
-0.89509684 1.3103901 8.469587 0 0.95205784 0.30591828 0.40456146 0.933847
0.54584175 1.2468784 8.667245 0 0.9520588 0.30591524 0.40184736 0.9140608
0.54584175 1.3103901 8.469587 0 0.9520589 0.3059149 0.4045615 0.9140608
0.54584175 1.2468784 8.667245 0 0.47101858 0.8821234 0.03815005 0.9654165
-0.89509684 1.0935476 8.749118 0 0.47101623 0.8821246 0.040255524 0.9456303
0.54584175 1.0935476 8.749118 0 0.47101876 0.8821232 0.040255524 0.9654165
0.54584175 0.5734391 8.131002 0 -1 0 0.18324561 0.90889
-0.89509684 0.5734391 8.469587 0 -1 0 0.18789488 0.92867625
-0.89509684 0.5734391 8.131002 0 -1 0 0.18324561 0.92867625
8.699746 0.3565966 8.749118 0 0 1 0.94394326 0.03015766
7.258807 0.05333072 8.749118 0 0 1 0.94810754 0.010371456
8.699746 0.05333072 8.749118 0 0 1 0.94810754 0.03015766
8.979277 0.3565966 8.131002 1 0 0 0.4583297 0.70085114
8.979277 0.05333072 8.469587 1 0 0 0.46249402 0.69620186
8.979277 0.05333072 8.131002 1 0 0 0.46249402 0.70085114
7.258807 0.5734391 8.131002 0 1 0 0.015020676 0.92675847
8.699746 0.5734391 8.469587 0 1 0 0.010371426 0.9069722
8.699746 0.5734391 8.131002 0 1 0 0.015020676 0.9069722
6.9792767 0.3565966 8.469587 -1 0 0 0.96837455 0.0958077
6.9792767 0.05333072 8.131002 -1 0 0 0.9725389 0.09115842
6.9792767 0.05333072 8.469587 -1 0 0 0.9725389 0.0958077
7.258807 0.3565966 7.851472 0 0 -1 0.9575221 0.3804527
8.699746 0.05333072 7.851472 0 0 -1 0.96168643 0.36066648
7.258807 0.05333072 7.851472 0 0 -1 0.96168643 0.3804527
7.258807 -0.16351175 8.469587 -0.2634889 -0.92798 0.2634895 0.8569242 0.9158348
7.0974197 -0.07186329 8.630975 -0.26348895 -0.92798 0.26348948 0.85470814 0.91361874
7.061149 -0.10000008 8.469587 -0.29781848 -0.92686677 0.2285219 0.8569242 0.91312075
7.258807 0.05333072 8.749118 -0.30871302 -0.41134864 0.85760635 0.94810754 0.010371456
7.0974197 -0.07186329 8.630975 -0.32111686 -0.39730555 0.85967 0.94982666 0.00815534
7.258807 -0.10000008 8.667245 -0.2699574 -0.4535368 0.8493688 0.950213 0.010371456
6.9792767 0.05333072 8.469587 -0.85760784 -0.41134602 0.30871257 0.9725389 0.0958077
7.0974197 -0.07186329 8.630975 -0.85967124 -0.39730284 0.32111645 0.97425795 0.09802376
7.061149 0.05333072 8.667245 -0.8640495 -0.3540123 0.35790214 0.9725389 0.09852179
7.258807 0.3565966 8.749118 -0.30871293 0.41134837 0.8576065 0.94394326 0.010371456
7.0974197 0.48179066 8.630975 -0.3211168 0.39730534 0.85967 0.9422242 0.00815534
7.061149 0.3565966 8.667245 -0.3579022 0.35401535 0.8640481 0.94394326 0.0076573035
7.258807 0.5734391 8.469587 -0.2634888 0.92797977 0.26349035 0.010371426 0.92675847
7.0974197 0.48179066 8.630975 -0.26348886 0.9279798 0.2634903 0.00815534 0.92897457
7.258807 0.5099274 8.667245 -0.2285257 0.92686373 0.29782498 0.0076572737 0.92675847
6.9792767 0.3565966 8.469587 -0.85760796 0.41134602 0.30871198 0.96837455 0.0958077
7.0974197 0.48179066 8.630975 -0.8596715 0.39730284 0.32111597 0.9666555 0.09802376
7.061149 0.5099274 8.469587 -0.8493705 0.4535348 0.26995575 0.96626914 0.0958077
7.258807 -0.16351175 8.131002 -0.26349038 -0.92797947 -0.26348984 0.86157346 0.9158348
7.0974197 -0.07186329 7.9696155 -0.26349044 -0.92797947 -0.26348978 0.86378956 0.91361874
7.258807 -0.10000008 7.9333444 -0.22852688 -0.9268643 -0.29782212 0.8642876 0.9158348
6.9792767 0.05333072 8.131002 -0.8576076 -0.41134644 -0.3087126 0.9725389 0.09115842
7.0974197 -0.07186329 7.9696155 -0.8596706 -0.3973048 -0.32111603 0.97425795 0.088942304
7.061149 -0.10000008 8.131002 -0.849372 -0.4535307 -0.269958 0.9746443 0.09115842
7.258807 0.05333072 7.851472 -0.30871484 -0.41134682 -0.85760665 0.96168643 0.3804527
7.0974197 -0.07186329 7.9696155 -0.32111788 -0.3973033 -0.8596705 0.9634055 0.38266876
7.061149 0.05333072 7.9333444 -0.35790077 -0.35401198 -0.86405015 0.96168643 0.38316682
7.258807 0.5734391 8.131002 -0.26349044 0.92797935 -0.26349068 0.015020676 0.92675847
7.0974197 0.48179066 7.9696155 -0.26349047 0.92797923 -0.2634906 0.017236762 0.92897457
7.061149 0.5099274 8.131002 -0.2978214 0.9268649 -0.22852528 0.015020676 0.9294726
7.258807 0.3565966 7.851472 -0.30871463 0.41134655 -0.85760677 0.9575221 0.3804527
7.0974197 0.48179066 7.9696155 -0.32111776 0.39730316 -0.85967064 0.95580304 0.38266876
7.258807 0.5099274 7.9333444 -0.26996115 0.45353588 -0.8493681 0.9554166 0.3804527
6.9792767 0.3565966 8.131002 -0.8576078 0.41134652 -0.30871204 0.96837455 0.09115842
7.0974197 0.48179066 7.9696155 -0.85967076 0.3973049 -0.32111558 0.9666555 0.088942304
7.061149 0.3565966 7.9333444 -0.8640475 0.35401878 -0.35790026 0.96837455 0.08844427
8.699746 -0.16351175 8.469587 0.26349056 -0.9279789 0.263492 0.8569242 0.935621
8.861133 -0.07186329 8.630975 0.2634905 -0.9279789 0.26349202 0.85470814 0.9378371
8.699745 -0.10000008 8.667245 0.22852777 -0.9268629 0.29782608 0.8542101 0.935621
8.979277 0.05333072 8.469587 0.85760635 -0.4113489 0.3087126 0.46249402 0.69620186
8.861133 -0.07186329 8.630975 0.8596698 -0.39730698 0.32111526 0.4642131 0.6939858
8.897404 -0.10000008 8.469587 0.8493693 -0.4535341 0.2699604 0.4645995 0.69620186
8.699746 0.05333072 8.749118 0.30871192 -0.41134912 0.8576065 0.94810754 0.03015766
8.861133 -0.07186329 8.630975 0.32111546 -0.39730653 0.8596699 0.94982666 0.032373715
8.897404 0.05333072 8.667245 0.35790026 -0.35401773 0.86404794 0.94810754 0.032871813
8.699746 0.5734391 8.469587 0.26349062 0.927979 0.26349148 0.010371426 0.9069722
8.861133 0.48179066 8.630975 0.26349053 0.92797893 0.26349163 0.00815534 0.9047562
8.897404 0.5099274 8.469587 0.29782072 0.92686534 0.22852494 0.010371426 0.90425813
8.699746 0.3565966 8.749118 0.30871418 0.41134697 0.8576068 0.94394326 0.03015766
8.861133 0.48179066 8.630975 0.32111767 0.3973057 0.8596695 0.9422242 0.032373715
8.699746 0.5099274 8.667245 0.26995862 0.45353073 0.8493717 0.94183785 0.03015766
8.979277 0.3565966 8.469587 0.85760576 0.41134858 0.3087147 0.4583297 0.69620186
8.861133 0.48179066 8.630975 0.8596694 0.39730665 0.32111675 0.45661062 0.6939858
8.897404 0.3565966 8.667245 0.8640484 0.35401988 0.35789725 0.4583297 0.6934877
8.699746 -0.16351175 8.131002 0.26349178 -0.9279792 -0.2634899 0.86157346 0.935621
8.861133 -0.07186329 7.9696155 0.2634916 -0.9279791 -0.26349 0.86378956 0.9378371
8.897404 -0.10000008 8.131002 0.29782328 -0.9268637 -0.22852798 0.86157346 0.9383352
8.699746 0.05333072 7.851472 0.30871537 -0.41134596 -0.85760677 0.96168643 0.36066648
8.861133 -0.07186329 7.9696155 0.32111755 -0.39730394 -0.85967046 0.9634055 0.3584504
8.699746 -0.10000008 7.9333444 0.26996407 -0.45353213 -0.8493692 0.9637919 0.36066648
8.979277 0.05333072 8.131002 0.85760605 -0.4113495 -0.3087126 0.46249402 0.70085114
8.861133 -0.07186329 7.9696155 0.85966927 -0.39730865 -0.3211149 0.4642131 0.70306724
8.897404 0.05333072 7.9333444 0.8640468 -0.3540249 -0.35789597 0.46249402 0.7035653
8.699746 0.5734391 8.131002 0.26349157 0.9279784 -0.2634928 0.015020676 0.9069722
8.861133 0.48179066 7.9696155 0.26349154 0.92797834 -0.26349276 0.017236762 0.9047562
8.699745 0.5099274 7.9333444 0.2285264 0.9268638 -0.2978245 0.017734827 0.9069722
8.979277 0.3565966 8.131002 0.85760546 0.41134915 -0.30871472 0.4583297 0.70085114
8.861133 0.48179066 7.9696155 0.8596688 0.39730835 -0.3211164 0.45661062 0.70306724
8.897404 0.5099274 8.131002 0.8493693 0.45353144 -0.26996538 0.45622423 0.70085114
8.699746 0.3565966 7.851472 0.30871403 0.41134804 -0.85760623 0.9575221 0.36066648
8.861133 0.48179066 7.9696155 0.3211173 0.397306 -0.8596695 0.95580304 0.3584504
8.897404 0.3565966 7.9333444 0.3579014 0.3540187 -0.8640471 0.9575221 0.35795236
7.258807 -0.16351175 8.469587 -0.3059167 -0.9520583 -0 0.8569242 0.9158348
7.061149 -0.10000008 8.131002 -0.30591643 -0.95205843 -0 0.86157346 0.91312075
7.258807 -0.16351175 8.131002 -0.3059161 -0.95205855 -0 0.86157346 0.9158348
7.061149 -0.10000008 8.469587 -0.8821239 -0.4710177 -0 0.9746443 0.0958077
6.9792767 0.05333072 8.131002 -0.8821235 -0.47101828 -0 0.9725389 0.09115842
7.061149 -0.10000008 8.131002 -0.88212323 -0.4710187 -0 0.9746443 0.09115842
7.258807 0.3565966 8.749118 -0.38268477 0 0.92387897 0.94394326 0.010371456
7.061149 0.05333072 8.667245 -0.3826842 0 0.92387927 0.94810754 0.0076573035
7.258807 0.05333072 8.749118 -0.38268322 0 0.92387974 0.94810754 0.010371456
7.061149 0.3565966 8.667245 -0.9238791 0 0.38268447 0.96837455 0.09852179
6.9792767 0.05333072 8.469587 -0.9238797 0 0.3826831 0.9725389 0.0958077
7.061149 0.05333072 8.667245 -0.92388076 0 0.38268068 0.9725389 0.09852179
7.258807 0.5734391 8.131002 -0.30591652 0.9520584 0 0.015020676 0.92675847
7.061149 0.5099274 8.469587 -0.30591685 0.95205826 0 0.010371426 0.9294726
7.258807 0.5734391 8.469587 -0.30591717 0.95205814 0 0.010371426 0.92675847
7.061149 0.5099274 8.131002 -0.8821235 0.47101828 0 0.96626914 0.09115842
6.9792767 0.3565966 8.469587 -0.8821239 0.47101766 0 0.96837455 0.0958077
7.061149 0.5099274 8.469587 -0.88212407 0.47101712 0 0.96626914 0.0958077
7.258807 0.05333072 7.851472 -0.3826829 0 -0.9238798 0.96168643 0.3804527
7.061149 0.3565966 7.9333444 -0.38268232 0 -0.92388 0.9575221 0.38316682
7.258807 0.3565966 7.851472 -0.38268134 0 -0.92388046 0.9575221 0.3804527
7.061149 0.05333072 7.9333444 -0.9238795 0 -0.38268372 0.9725389 0.08844427
6.9792767 0.3565966 8.131002 -0.92388 0 -0.38268232 0.96837455 0.09115842
7.061149 0.3565966 7.9333444 -0.92388105 0 -0.38267988 0.96837455 0.08844427
7.258807 -0.16351175 8.131002 0 -0.9520583 -0.30591655 0.86157346 0.9158348
8.699746 -0.10000008 7.9333444 0 -0.9520584 -0.30591673 0.8642876 0.935621
8.699746 -0.16351175 8.131002 0 -0.9520583 -0.30591673 0.86157346 0.935621
7.258807 -0.10000008 7.9333444 0 -0.47101864 -0.88212335 0.9637919 0.3804527
8.699746 0.05333072 7.851472 0 -0.47101864 -0.88212335 0.96168643 0.36066648
8.699746 -0.10000008 7.9333444 0 -0.47101858 -0.8821233 0.9637919 0.36066648
7.258807 0.5734391 8.131002 0 0.9520578 -0.3059182 0.015020676 0.92675847
8.699745 0.5099274 7.9333444 0 0.95205885 -0.3059149 0.017734827 0.9069722
7.258807 0.5099274 7.9333444 0 0.95205766 -0.30591857 0.017734827 0.92675847
8.699745 0.5099274 7.9333444 0 0.4710187 -0.88212335 0.9554167 0.36066648
7.258807 0.3565966 7.851472 0 0.471019 -0.88212305 0.9575221 0.3804527
7.258807 0.5099274 7.9333444 0 0.47101903 -0.88212305 0.9554166 0.3804527
8.979277 0.05333072 8.131002 0.9238795 0 -0.38268372 0.46249402 0.70085114
8.897404 0.3565966 7.9333444 0.92388 0 -0.3826823 0.4583297 0.7035653
8.979277 0.3565966 8.131002 0.92388105 0 -0.38267988 0.4583297 0.70085114
8.897404 0.05333072 7.9333444 0.3826845 0 -0.9238792 0.96168643 0.35795236
8.699746 0.3565966 7.851472 0.3826833 0 -0.92387956 0.9575221 0.36066648
8.897404 0.3565966 7.9333444 0.38268134 0 -0.92388046 0.9575221 0.35795236
8.699746 -0.16351175 8.131002 0.30591637 -0.95205843 0 0.86157346 0.935621
8.897404 -0.10000008 8.469587 0.30591673 -0.9520583 0 0.8569242 0.9383352
8.699746 -0.16351175 8.469587 0.30591708 -0.95205826 0 0.8569242 0.935621
8.897404 -0.10000008 8.131002 0.8821224 -0.4710203 0 0.4645995 0.70085114
8.979277 0.05333072 8.469587 0.88212246 -0.4710203 0 0.46249402 0.69620186
8.897404 -0.10000008 8.469587 0.8821224 -0.47102028 0 0.4645995 0.69620186
8.699746 0.5734391 8.469587 0.30591685 0.95205826 0 0.010371426 0.9069722
8.897404 0.5099274 8.131002 0.30591652 0.9520584 0 0.015020676 0.90425813
8.699746 0.5734391 8.131002 0.30591616 0.95205843 0 0.015020676 0.9069722
8.897404 0.5099274 8.469587 0.88212246 0.4710203 0 0.45622423 0.69620186
8.979277 0.3565966 8.131002 0.88212246 0.4710203 0 0.4583297 0.70085114
8.897404 0.5099274 8.131002 0.8821224 0.47102028 0 0.45622423 0.70085114
8.699746 0.05333072 8.749118 0.38268524 0 0.9238788 0.94810754 0.03015766
8.897404 0.3565966 8.667245 0.38268635 0 0.9238783 0.94394326 0.032871813
8.699746 0.3565966 8.749118 0.3826884 0 0.9238775 0.94394326 0.03015766
8.897404 0.05333072 8.667245 0.92387974 0 0.38268316 0.46249402 0.69348776
8.979277 0.3565966 8.469587 0.9238791 0 0.3826845 0.4583297 0.69620186
8.897404 0.3565966 8.667245 0.9238781 0 0.38268697 0.4583297 0.6934877
7.258807 -0.16351175 8.469587 0 -0.9520579 0.3059181 0.8569242 0.9158348
8.699745 -0.10000008 8.667245 0 -0.95205873 0.30591562 0.8542101 0.935621
7.258807 -0.10000008 8.667245 0 -0.9520578 0.3059184 0.8542101 0.9158348
8.699745 -0.10000008 8.667245 0 -0.47101915 0.8821231 0.950213 0.03015766
7.258807 0.05333072 8.749118 0 -0.47102445 0.88212013 0.94810754 0.010371456
7.258807 -0.10000008 8.667245 0 -0.47102493 0.8821199 0.950213 0.010371456
7.258807 0.5734391 8.469587 0 0.9520578 0.30591822 0.010371426 0.92675847
8.699746 0.5099274 8.667245 0 0.9520588 0.3059152 0.0076572737 0.9069722
8.699746 0.5734391 8.469587 0 0.9520589 0.30591488 0.010371426 0.9069722
7.258807 0.5099274 8.667245 0 0.47102416 0.88212043 0.94183785 0.010371456
8.699746 0.3565966 8.749118 0 0.47101906 0.88212305 0.94394326 0.03015766
8.699746 0.5099274 8.667245 0 0.47101858 0.8821233 0.94183785 0.03015766
8.699746 -0.16351175 8.131002 0 -1 0 0.86157346 0.935621
7.258807 -0.16351175 8.469587 0 -1 0 0.8569242 0.9158348
7.258807 -0.16351175 8.131002 0 -1 0 0.86157346 0.9158348
8.699746 1.0935476 8.749118 0 0 1 0.7120239 0.9402776
7.258807 0.79028165 8.749118 0 0 1 0.7161882 0.92049134
8.699746 0.79028165 8.749118 0 0 1 0.7161882 0.9402776
8.979277 1.0935476 8.131002 1 0 0 0.9687535 0.13908172
8.979277 0.79028165 8.469587 1 0 0 0.97291785 0.1344325
8.979277 0.79028165 8.131002 1 0 0 0.97291785 0.13908172
7.258807 1.3103901 8.131002 0 1 0 0.1375642 0.9312125
8.699746 1.3103901 8.469587 0 1 0 0.13291492 0.91142625
8.699746 1.3103901 8.131002 0 1 0 0.1375642 0.91142625
6.9792767 1.0935476 8.469587 -1 0 0 0.712024 0.96566975
6.9792767 0.79028165 8.131002 -1 0 0 0.71618825 0.96102047
6.9792767 0.79028165 8.469587 -1 0 0 0.71618825 0.96566975
7.258807 1.0935476 7.851472 0 0 -1 0.9575221 0.42098173
8.699746 0.79028165 7.851472 0 0 -1 0.96168643 0.40119553
7.258807 0.79028165 7.851472 0 0 -1 0.96168643 0.42098173
7.258807 0.5734391 8.469587 -0.26348886 -0.92797977 0.26349035 0.83153206 0.91637206
7.0974197 0.6650876 8.630975 -0.2634889 -0.9279798 0.2634903 0.82931596 0.91415596
7.061149 0.63695085 8.469587 -0.29781887 -0.9268664 0.22852267 0.83153206 0.91365796
7.258807 0.79028165 8.749118 -0.30871275 -0.41134834 0.8576066 0.7161882 0.92049134
7.0974197 0.6650876 8.630975 -0.3211167 -0.3973053 0.85967004 0.7179073 0.91827524
7.258807 0.63695085 8.667245 -0.2699568 -0.4535365 0.8493693 0.71829367 0.92049134
6.9792767 0.79028165 8.469587 -0.85760796 -0.41134605 0.30871204 0.71618825 0.96566975
7.0974197 0.6650876 8.630975 -0.8596715 -0.39730284 0.32111603 0.7179073 0.9678858
7.061149 0.79028165 8.667245 -0.8640496 -0.35401213 0.35790196 0.71618825 0.96838385
7.258807 1.0935476 8.749118 -0.30871308 0.41134882 0.8576062 0.7120239 0.92049134
7.0974197 1.2187415 8.630975 -0.3211168 0.3973057 0.8596698 0.7103048 0.91827524
7.061149 1.0935475 8.667245 -0.3579019 0.35401544 0.8640483 0.7120239 0.91777724
7.258807 1.3103901 8.469587 -0.2634893 0.9279795 0.26349074 0.13291492 0.9312125
7.0974197 1.2187415 8.630975 -0.26348937 0.9279796 0.26349068 0.1306988 0.9334285
7.258807 1.2468784 8.667245 -0.22852695 0.9268639 0.2978233 0.13020076 0.9312125
6.9792767 1.0935476 8.469587 -0.85760766 0.41134608 0.3087126 0.712024 0.96566975
7.0974197 1.2187415 8.630975 -0.85967124 0.39730287 0.32111645 0.71030486 0.9678858
7.061149 1.2468784 8.469587 -0.8493701 0.4535349 0.2699568 0.7099185 0.96566975
7.258807 0.5734391 8.131002 -0.26349026 -0.9279794 -0.2634907 0.83618134 0.91637206
7.0974197 0.6650876 7.9696155 -0.26349026 -0.9279793 -0.26349062 0.8383974 0.91415596
7.258807 0.63695085 7.9333444 -0.22852609 -0.92686427 -0.29782292 0.83889544 0.91637206
6.9792767 0.79028165 8.131002 -0.8576078 -0.4113465 -0.3087121 0.71618825 0.96102047
7.0974197 0.6650876 7.9696155 -0.85967064 -0.39730486 -0.3211156 0.7179073 0.95880437
7.061149 0.63695085 8.131002 -0.84937227 -0.45353076 -0.26995698 0.71829367 0.96102047
7.258807 0.79028165 7.851472 -0.3087147 -0.41134655 -0.85760677 0.96168643 0.42098173
7.0974197 0.6650876 7.9696155 -0.32111773 -0.39730316 -0.85967064 0.9634055 0.4231978
7.061149 0.79028165 7.9333444 -0.35790068 -0.354012 -0.86405015 0.9616864 0.42369586
7.258807 1.3103901 8.131002 -0.2634902 0.9279793 -0.2634911 0.1375642 0.9312125
7.0974197 1.2187415 7.9696155 -0.26349032 0.9279793 -0.26349103 0.13978025 0.9334285
7.061149 1.2468784 8.131002 -0.29782045 0.9268647 -0.22852781 0.1375642 0.9339266
7.258807 1.0935476 7.851472 -0.30871525 0.411347 -0.8576063 0.9575221 0.42098173
7.0974197 1.2187415 7.9696155 -0.32111815 0.39730346 -0.8596704 0.95580304 0.4231978
7.258807 1.2468784 7.9333444 -0.26996252 0.4535366 -0.84936744 0.9554166 0.42098173
6.9792767 1.0935476 8.131002 -0.85760754 0.4113464 -0.3087126 0.712024 0.96102047
7.0974197 1.2187415 7.9696155 -0.8596705 0.39730477 -0.32111597 0.71030486 0.95880437
7.061149 1.0935475 7.9333444 -0.8640476 0.35401875 -0.35790023 0.712024 0.9583063
8.699746 0.5734391 8.469587 0.2634905 -0.9279785 0.2634932 0.83153206 0.9361583
8.861133 0.6650876 8.630975 0.26349047 -0.9279786 0.26349327 0.82931596 0.93837434
8.699745 0.63695085 8.667245 0.22852714 -0.92686224 0.29782844 0.8288179 0.93615824
8.979277 0.79028165 8.469587 0.8576058 -0.41134864 0.30871475 0.97291785 0.1344325
8.861133 0.6650876 8.630975 0.8596694 -0.39730668 0.32111678 0.9746369 0.13221638
8.897404 0.63695085 8.469587 0.84936833 -0.45353365 0.26996428 0.97502327 0.13443244
8.699746 0.79028165 8.749118 0.3087122 -0.41134906 0.8576064 0.7161882 0.9402776
8.861133 0.6650876 8.630975 0.32111642 -0.39730716 0.85966927 0.7179073 0.9424936
8.897404 0.79028165 8.667245 0.35790303 -0.35402027 0.86404586 0.7161882 0.94299173
8.699746 1.3103901 8.469587 0.26349118 0.9279788 0.26349142 0.13291492 0.91142625
8.861133 1.2187415 8.630975 0.26349106 0.9279788 0.26349157 0.1306988 0.90921015
8.897404 1.2468784 8.469587 0.29782078 0.92686546 0.2285241 0.13291492 0.9087121
8.699746 1.0935476 8.749118 0.30871418 0.4113472 0.8576066 0.7120239 0.9402776
8.861133 1.2187415 8.630975 0.3211176 0.39730582 0.85966945 0.7103048 0.9424936
8.699746 1.2468784 8.667245 0.26995897 0.4535311 0.8493714 0.70991844 0.9402776
8.979277 1.0935476 8.469587 0.8576055 0.4113486 0.30871528 0.9687535 0.1344325
8.861133 1.2187415 8.630975 0.85966927 0.39730677 0.32111725 0.96703446 0.13221638
8.897404 1.0935475 8.667245 0.8640483 0.3540199 0.35789722 0.9687535 0.13171834
8.699746 0.5734391 8.131002 0.2634915 -0.9279788 -0.26349106 0.83618134 0.9361583
8.861133 0.6650876 7.9696155 0.2634914 -0.9279788 -0.26349118 0.8383974 0.93837434
8.897404 0.63695085 8.131002 0.29782376 -0.9268636 -0.22852796 0.83618134 0.9388724
8.699746 0.79028165 7.851472 0.30871576 -0.4113459 -0.85760665 0.96168643 0.40119553
8.861133 0.6650876 7.9696155 0.3211184 -0.39730448 -0.85966974 0.9634055 0.39897946
8.699746 0.63695085 7.9333444 0.26996288 -0.45353016 -0.84937066 0.96379185 0.40119553
8.979277 0.79028165 8.131002 0.8576055 -0.4113492 -0.30871475 0.97291785 0.13908172
8.861133 0.6650876 7.9696155 0.8596687 -0.39730835 -0.32111645 0.9746369 0.14129783
8.897404 0.79028165 7.9333444 0.86404675 -0.35402492 -0.35789603 0.97291785 0.14179587
8.699746 1.3103901 8.131002 0.2634914 0.9279784 -0.26349276 0.1375642 0.91142625
8.861133 1.2187415 7.9696155 0.26349142 0.92797846 -0.2634928 0.13978025 0.90921015
8.699745 1.2468784 7.9333444 0.22852682 0.9268633 -0.29782522 0.14027828 0.91142625
8.979277 1.0935476 8.131002 0.8576053 0.4113491 -0.30871522 0.9687535 0.13908172
8.861133 1.2187415 7.9696155 0.85966873 0.3973083 -0.3211168 0.96703446 0.14129783
8.897404 1.2468784 8.131002 0.84936893 0.4535313 -0.2699663 0.96664804 0.13908172
8.699746 1.0935476 7.851472 0.30871448 0.41134825 -0.857606 0.9575221 0.40119553
8.861133 1.2187415 7.9696155 0.32111758 0.3973062 -0.8596694 0.95580304 0.39897946
8.897404 1.0935475 7.9333444 0.35790107 0.3540188 -0.8640472 0.9575221 0.3984814
7.258807 0.5734391 8.469587 -0.305917 -0.9520582 -0 0.83153206 0.91637206
7.061149 0.63695085 8.131002 -0.30591682 -0.95205826 -0 0.83618134 0.91365796
7.258807 0.5734391 8.131002 -0.30591658 -0.9520583 -0 0.83618134 0.91637206
7.061149 0.63695085 8.469587 -0.8821239 -0.47101766 -0 0.71829367 0.96566975
6.9792767 0.79028165 8.131002 -0.8821235 -0.47101828 -0 0.71618825 0.96102047
7.061149 0.63695085 8.131002 -0.88212323 -0.4710187 -0 0.71829367 0.96102047
7.258807 1.0935476 8.749118 -0.38268492 0 0.92387897 0.7120239 0.92049134
7.061149 0.79028165 8.667245 -0.3826843 0 0.92387915 0.7161882 0.91777724
7.258807 0.79028165 8.749118 -0.38268322 0 0.9238796 0.7161882 0.92049134
7.061149 1.0935475 8.667245 -0.92387915 0 0.38268438 0.712024 0.96838385
6.9792767 0.79028165 8.469587 -0.92387974 0 0.38268316 0.71618825 0.96566975
7.061149 0.79028165 8.667245 -0.92388064 0 0.38268074 0.71618825 0.96838385
7.258807 1.3103901 8.131002 -0.30591702 0.9520582 0 0.1375642 0.9312125
7.061149 1.2468784 8.469587 -0.3059171 0.9520582 0 0.13291492 0.9339266
7.258807 1.3103901 8.469587 -0.30591717 0.95205814 0 0.13291492 0.9312125
7.061149 1.2468784 8.131002 -0.88212353 0.47101817 0 0.7099185 0.96102047
6.9792767 1.0935476 8.469587 -0.88212377 0.4710177 0 0.712024 0.96566975
7.061149 1.2468784 8.469587 -0.882124 0.4710174 0 0.7099185 0.96566975
7.258807 0.79028165 7.851472 -0.3826826 0 -0.9238799 0.96168643 0.42098173
7.061149 1.0935475 7.9333444 -0.3826819 0 -0.9238803 0.9575221 0.42369586
7.258807 1.0935476 7.851472 -0.3826806 0 -0.9238808 0.9575221 0.42098173
7.061149 1.0935475 7.9333444 -0.9238795 0 -0.3826836 0.712024 0.9583063
6.9792767 0.79028165 8.131002 -0.92388 0 -0.38268232 0.71618825 0.96102047
6.9792767 1.0935476 8.131002 -0.9238786 0 -0.38268593 0.712024 0.96102047
7.258807 0.5734391 8.131002 0 -0.9520584 -0.30591673 0.83618134 0.91637206
8.699746 0.63695085 7.9333444 0 -0.9520584 -0.30591673 0.83889544 0.9361583
8.699746 0.5734391 8.131002 0 -0.9520583 -0.30591673 0.83618134 0.9361583
7.258807 0.63695085 7.9333444 0 -0.47101864 -0.88212335 0.96379185 0.42098173
8.699746 0.79028165 7.851472 0 -0.47101864 -0.88212335 0.96168643 0.40119553
8.699746 0.63695085 7.9333444 0 -0.47101858 -0.8821233 0.96379185 0.40119553
7.258807 1.3103901 8.131002 0 0.9520578 -0.3059182 0.1375642 0.9312125
8.699745 1.2468784 7.9333444 0 0.95205885 -0.3059149 0.14027828 0.91142625
7.258807 1.2468784 7.9333444 0 0.95205766 -0.30591857 0.14027828 0.9312125
8.699745 1.2468784 7.9333444 0 0.4710187 -0.88212335 0.9554166 0.40119553
7.258807 1.0935476 7.851472 0 0.471019 -0.88212305 0.9575221 0.42098173
7.258807 1.2468784 7.9333444 0 0.47101903 -0.88212305 0.9554166 0.42098173
8.979277 0.79028165 8.131002 0.9238795 0 -0.38268363 0.97291785 0.13908172
8.897404 1.0935475 7.9333444 0.92387867 0 -0.3826856 0.9687535 0.14179587
8.979277 1.0935476 8.131002 0.9238771 0 -0.3826892 0.9687535 0.13908172
8.897404 1.0935475 7.9333444 0.38268465 0 -0.923879 0.9575221 0.3984814
8.699746 0.79028165 7.851472 0.38268343 0 -0.92387956 0.96168643 0.40119553
8.699746 1.0935476 7.851472 0.38268685 0 -0.92387813 0.9575221 0.40119553
8.699746 0.5734391 8.131002 0.3059167 -0.9520584 0 0.83618134 0.9361583
8.897404 0.63695085 8.469587 0.3059171 -0.95205826 0 0.83153206 0.9388724
8.699746 0.5734391 8.469587 0.3059176 -0.952058 0 0.83153206 0.9361583
8.897404 0.63695085 8.131002 0.88212246 -0.4710203 0 0.97502327 0.13908172
8.979277 0.79028165 8.469587 0.88212246 -0.4710203 0 0.97291785 0.1344325
8.897404 0.63695085 8.469587 0.8821224 -0.47102028 0 0.97502327 0.13443244
8.699746 1.3103901 8.469587 0.30591732 0.95205814 0 0.13291492 0.91142625
8.897404 1.2468784 8.131002 0.30591682 0.95205826 0 0.1375642 0.9087121
8.699746 1.3103901 8.131002 0.30591616 0.95205843 0 0.1375642 0.91142625
8.897404 1.2468784 8.469587 0.8821225 0.47102022 0 0.96664804 0.13443244
8.979277 1.0935476 8.131002 0.88212234 0.47102037 0 0.9687535 0.13908172
8.897404 1.2468784 8.131002 0.88212234 0.47102055 0 0.96664804 0.13908172
8.699746 0.79028165 8.749118 0.38268495 0 0.9238789 0.7161882 0.9402776
8.897404 1.0935475 8.667245 0.3826859 0 0.9238786 0.7120239 0.94299173
8.699746 1.0935476 8.749118 0.38268757 0 0.92387784 0.7120239 0.9402776
8.897404 0.79028165 8.667245 0.9238786 0 0.38268572 0.97291785 0.13171834
8.979277 1.0935476 8.469587 0.92387885 0 0.38268512 0.9687535 0.1344325
8.897404 1.0935475 8.667245 0.9238793 0 0.38268393 0.9687535 0.13171834
7.258807 0.5734391 8.469587 0 -0.9520578 0.30591828 0.83153206 0.91637206
8.699745 0.63695085 8.667245 0 -0.95205873 0.30591562 0.8288179 0.93615824
7.258807 0.63695085 8.667245 0 -0.95205766 0.30591857 0.8288179 0.91637206
8.699745 0.63695085 8.667245 0 -0.47101915 0.8821231 0.71829367 0.9402776
7.258807 0.79028165 8.749118 0 -0.47102445 0.88212013 0.7161882 0.92049134
7.258807 0.63695085 8.667245 0 -0.47102493 0.8821199 0.71829367 0.92049134
7.258807 1.3103901 8.469587 0 0.9520578 0.30591822 0.13291492 0.9312125
8.699746 1.2468784 8.667245 0 0.9520588 0.3059152 0.13020076 0.91142625
8.699746 1.3103901 8.469587 0 0.9520589 0.30591488 0.13291492 0.91142625
7.258807 1.2468784 8.667245 0 0.47102416 0.88212043 0.70991844 0.92049134
8.699746 1.0935476 8.749118 0 0.47101906 0.88212305 0.7120239 0.9402776
8.699746 1.2468784 8.667245 0 0.47101858 0.8821233 0.70991844 0.9402776
8.699746 0.5734391 8.131002 0 -1 0 0.83618134 0.9361583
7.258807 0.5734391 8.469587 0 -1 0 0.83153206 0.91637206
7.258807 0.5734391 8.131002 0 -1 0 0.83618134 0.91637206
16.666092 0.3565966 8.749118 0 0 1 0.9458053 0.2883697
15.225154 0.05333072 8.749118 0 0 1 0.9499696 0.2685835
16.666092 0.05333072 8.749118 0 0 1 0.9499696 0.2883697
16.945623 0.3565966 8.131002 1 0 0 0.40395284 0.9592391
16.945623 0.05333072 8.469587 1 0 0 0.40811715 0.95458984
16.945623 0.05333072 8.131002 1 0 0 0.40811715 0.9592391
15.225154 0.5734391 8.131002 0 1 0 0.21328701 0.92867625
16.666092 0.5734391 8.469587 0 1 0 0.20863774 0.90889
16.666092 0.5734391 8.131002 0 1 0 0.21328701 0.90889
14.945623 0.3565966 8.469587 -1 0 0 0.7357137 0.9656697
14.945623 0.05333072 8.131002 -1 0 0 0.739878 0.9610204
14.945623 0.05333072 8.469587 -1 0 0 0.739878 0.9656697
15.225154 0.3565966 7.851472 0 0 -1 0.94588333 0.5692713
16.666092 0.05333072 7.851472 0 0 -1 0.9500476 0.54948515
15.225154 0.05333072 7.851472 0 0 -1 0.9500476 0.5692713
15.225154 -0.16351175 8.469587 -0.26349002 -0.9279793 0.26349086 0.4403044 0.9125473
15.0637665 -0.07186329 8.630975 -0.26349002 -0.9279793 0.26349086 0.43808836 0.91033125
15.027496 -0.10000008 8.469587 -0.29782063 -0.9268648 0.22852698 0.4403044 0.9098332
15.225154 0.05333072 8.749118 -0.3087135 -0.41134888 0.857606 0.9499696 0.2685835
15.0637665 -0.07186329 8.630975 -0.3211169 -0.397305 0.8596701 0.9516887 0.2663674
15.225154 -0.10000008 8.667245 -0.26995906 -0.45353964 0.84936684 0.95207506 0.2685835
14.945623 0.05333072 8.469587 -0.85760623 -0.4113455 0.30871737 0.739878 0.9656697
15.0637665 -0.07186329 8.630975 -0.85967 -0.39730188 0.32112104 0.7415971 0.96788573
15.027496 0.05333072 8.667245 -0.8640488 -0.35400993 0.357906 0.739878 0.9683838
15.225154 0.3565966 8.749118 -0.30871308 0.41134802 0.8576067 0.9458053 0.2685835
15.0637665 0.48179066 8.630975 -0.32111657 0.39730433 0.8596705 0.9440862 0.2663674
15.027496 0.3565966 8.667245 -0.3579012 0.35401228 0.8640498 0.9458053 0.26586935
15.225154 0.5734391 8.469587 -0.26349002 0.9279794 0.26349092 0.20863774 0.92867625
15.0637665 0.48179066 8.630975 -0.26349002 0.9279793 0.26349086 0.20642166 0.9308923
15.225154 0.5099274 8.667245 -0.22852594 0.9268646 0.29782182 0.20592362 0.92867625
14.945623 0.3565966 8.469587 -0.85760665 0.4113455 0.3087162 0.7357137 0.9656697
15.0637665 0.48179066 8.630975 -0.859671 0.39730218 0.32111832 0.73399466 0.96788573
15.027496 0.5099274 8.469587 -0.84936714 0.45353508 0.26996592 0.73360825 0.9656697
15.225154 -0.16351175 8.131002 -0.26349103 -0.927979 -0.26349083 0.44495368 0.9125473
15.0637665 -0.07186329 7.9696155 -0.26349106 -0.927979 -0.26349083 0.44716975 0.91033125
15.225154 -0.10000008 7.9333444 -0.22852702 -0.92686504 -0.29781973 0.44766784 0.9125473
14.945623 0.05333072 8.131002 -0.8576062 -0.41134596 -0.3087174 0.739878 0.9610204
15.0637665 -0.07186329 7.9696155 -0.8596693 -0.39730388 -0.32112062 0.7415971 0.9588043
15.027496 -0.10000008 8.131002 -0.84936976 -0.4535315 -0.26996338 0.7419835 0.9610204
15.225154 0.05333072 7.851472 -0.30871508 -0.41134864 -0.85760564 0.9500476 0.5692713
15.0637665 -0.07186329 7.9696155 -0.32111758 -0.39730486 -0.8596699 0.9517667 0.5714874
15.027496 0.05333072 7.9333444 -0.3578992 -0.35401255 -0.86405057 0.9500476 0.5719855
15.225154 0.5734391 8.131002 -0.26349112 0.927979 -0.26349086 0.21328701 0.92867625
15.0637665 0.48179066 7.9696155 -0.26349115 0.927979 -0.26349083 0.2155031 0.9308923
15.027496 0.5099274 8.131002 -0.29782268 0.9268637 -0.22852886 0.21328701 0.9313904
15.225154 0.3565966 7.851472 -0.3087145 0.4113477 -0.85760623 0.94588333 0.5692713
15.0637665 0.48179066 7.9696155 -0.32111722 0.3973042 -0.85967034 0.9441642 0.5714874
15.225154 0.5099274 7.9333444 -0.2699621 0.45353746 -0.84936696 0.94377786 0.5692713
14.945623 0.3565966 8.131002 -0.8576064 0.411346 -0.30871627 0.7357137 0.9610204
15.0637665 0.48179066 7.9696155 -0.8596702 0.39730415 -0.32111788 0.73399466 0.9588043
15.027496 0.3565966 7.9333444 -0.8640495 0.35401747 -0.3578969 0.7357137 0.95830625
16.666092 -0.16351175 8.469587 0.26348808 -0.9279798 0.26349095 0.4403044 0.9323335
16.82748 -0.07186329 8.630975 0.26348832 -0.9279798 0.2634907 0.43808836 0.9345496
16.666092 -0.10000008 8.667245 0.228525 -0.9268655 0.29781988 0.4375903 0.9323335
16.945623 0.05333072 8.469587 0.8576082 -0.4113463 0.30871096 0.40811715 0.95458984
16.82748 -0.07186329 8.630975 0.85967267 -0.39730296 0.32111257 0.40983623 0.9523738
16.86375 -0.10000008 8.469587 0.84936804 -0.45353544 0.26996207 0.41022262 0.95458984
16.666092 0.05333072 8.749118 0.3087112 -0.41134468 0.85760885 0.9499696 0.2883697
16.82748 -0.07186329 8.630975 0.32111606 -0.39730224 0.85967165 0.9516887 0.2905858
16.86375 0.05333072 8.667245 0.3579036 -0.35401484 0.86404777 0.9499696 0.29108384
16.666092 0.5734391 8.469587 0.26348805 0.9279799 0.26349092 0.20863774 0.90889
16.82748 0.48179066 8.630975 0.26348832 0.9279798 0.26349068 0.20642166 0.9066739
16.86375 0.5099274 8.469587 0.29781908 0.9268653 0.22852713 0.20863774 0.90617585
16.666092 0.3565966 8.749118 0.30871156 0.41134512 0.8576085 0.9458053 0.2883697
16.82748 0.48179066 8.630975 0.32111633 0.39730257 0.8596715 0.9440862 0.2905858
16.666092 0.5099274 8.667245 0.26995388 0.45353094 0.84937316 0.94369984 0.2883697
16.945623 0.3565966 8.469587 0.85760844 0.4113466 0.30870986 0.40395284 0.95458984
16.82748 0.48179066 8.630975 0.85967183 0.39730275 0.3211154 0.40223375 0.9523738
16.86375 0.3565966 8.667245 0.864049 0.35400975 0.3579058 0.40395284 0.95187575
16.666092 -0.16351175 8.131002 0.26348838 -0.92798007 -0.26348996 0.44495368 0.9323335
16.82748 -0.07186329 7.9696155 0.26348865 -0.92798007 -0.2634897 0.44716975 0.9345496
16.86375 -0.10000008 8.131002 0.2978201 -0.92686415 -0.2285307 0.44495368 0.9350477
16.666092 0.05333072 7.851472 0.3087128 -0.41134375 -0.8576088 0.9500476 0.54948515
16.82748 -0.07186329 7.9696155 0.32111648 -0.39730334 -0.859671 0.9517667 0.54726905
16.666092 -0.10000008 7.9333444 0.26995867 -0.4535231 -0.84937584 0.9521531 0.54948515
16.945623 0.05333072 8.131002 0.857608 -0.41134667 -0.30871093 0.40811715 0.9592391
16.82748 -0.07186329 7.9696155 0.85967195 -0.39730492 -0.32111213 0.40983623 0.9614552
16.86375 0.05333072 7.9333444 0.864052 -0.3540187 -0.35788977 0.40811715 0.9619533
16.666092 0.5734391 8.131002 0.2634884 0.92798007 -0.2634899 0.21328701 0.90889
16.82748 0.48179066 7.9696155 0.2634887 0.92798 -0.26348966 0.2155031 0.9066739
16.666092 0.5099274 7.9333444 0.22852367 0.9268666 -0.2978175 0.21600115 0.90889
16.945623 0.3565966 8.131002 0.85760826 0.41134706 -0.30870992 0.40395284 0.9592391
16.82748 0.48179066 7.9696155 0.85967094 0.39730468 -0.32111496 0.40223375 0.9614552
16.86375 0.5099274 8.131002 0.849373 0.45353344 -0.26995018 0.40184736 0.9592391
16.666092 0.3565966 7.851472 0.30871302 0.4113442 -0.8576085 0.94588333 0.54948515
16.82748 0.48179066 7.9696155 0.32111666 0.39730367 -0.8596708 0.9441642 0.54726905
16.86375 0.3565966 7.9333444 0.3579009 0.35402235 -0.8640459 0.94588333 0.546771
15.225154 -0.16351175 8.469587 -0.3059167 -0.9520583 -0 0.4403044 0.9125473
15.027496 -0.10000008 8.131002 -0.30591643 -0.95205843 -0 0.44495368 0.9098332
15.225154 -0.16351175 8.131002 -0.3059161 -0.95205855 -0 0.44495368 0.9125473
15.027496 -0.10000008 8.469587 -0.8821224 -0.4710203 -0 0.7419835 0.9656697
14.945623 0.05333072 8.131002 -0.88212246 -0.4710203 -0 0.739878 0.9610204
15.027496 -0.10000008 8.131002 -0.8821224 -0.47102028 -0 0.7419835 0.9610204
15.225154 0.3565966 8.749118 -0.38268524 0 0.9238788 0.9458053 0.2685835
15.027496 0.05333072 8.667245 -0.38268635 0 0.9238783 0.9499696 0.26586938
15.225154 0.05333072 8.749118 -0.38268837 0 0.92387754 0.9499696 0.2685835
15.027496 0.3565966 8.667245 -0.92387754 0 0.38268828 0.7357137 0.9683838
14.945623 0.05333072 8.469587 -0.92387867 0 0.3826856 0.739878 0.9656697
15.027496 0.05333072 8.667245 -0.92388076 0 0.38268068 0.739878 0.9683838
15.225154 0.5734391 8.131002 -0.30591652 0.9520584 0 0.21328701 0.92867625
15.027496 0.5099274 8.469587 -0.30591685 0.95205826 0 0.20863774 0.9313904
15.225154 0.5734391 8.469587 -0.30591717 0.95205814 0 0.20863774 0.92867625
15.027496 0.5099274 8.131002 -0.88212246 0.4710203 0 0.73360825 0.9610204
14.945623 0.3565966 8.469587 -0.88212246 0.4710203 0 0.7357137 0.9656697
15.027496 0.5099274 8.469587 -0.8821224 0.47102028 0 0.73360825 0.9656697
15.225154 0.05333072 7.851472 -0.3826833 0 -0.92387956 0.9500476 0.5692713
15.027496 0.3565966 7.9333444 -0.3826845 0 -0.9238792 0.94588333 0.5719855
15.225154 0.3565966 7.851472 -0.3826865 0 -0.9238783 0.94588333 0.5692713
15.027496 0.05333072 7.9333444 -0.9238779 0 -0.3826875 0.739878 0.95830625
14.945623 0.3565966 8.131002 -0.92387897 0 -0.38268477 0.7357137 0.9610204
15.027496 0.3565966 7.9333444 -0.92388105 0 -0.38267988 0.7357137 0.95830625
15.225154 -0.16351175 8.131002 0 -0.9520579 -0.3059182 0.44495368 0.9125473
16.666092 -0.10000008 7.9333444 0 -0.95205903 -0.30591452 0.44766784 0.9323335
16.666092 -0.16351175 8.131002 0 -0.95205915 -0.30591413 0.44495368 0.9323335
15.225154 -0.10000008 7.9333444 0 -0.47101834 -0.8821234 0.952153 0.5692713
16.666092 0.05333072 7.851472 0 -0.47101972 -0.8821228 0.9500476 0.54948515
16.666092 -0.10000008 7.9333444 0 -0.4710198 -0.88212264 0.9521531 0.54948515
16.666092 0.5734391 8.131002 0 0.952058 -0.30591762 0.21328701 0.90889
15.225154 0.5099274 7.9333444 0 0.95205873 -0.30591547 0.21600115 0.92867625
15.225154 0.5734391 8.131002 0 0.95205885 -0.30591524 0.21328701 0.92867625
16.666092 0.5099274 7.9333444 0 0.47101972 -0.8821228 0.94377786 0.54948515
15.225154 0.3565966 7.851472 0 0.47101834 -0.8821234 0.94588333 0.5692713
15.225154 0.5099274 7.9333444 0 0.47101825 -0.88212353 0.94377786 0.5692713
16.945623 0.05333072 8.131002 0.9238821 0 -0.38267714 0.40811715 0.9592391
16.86375 0.3565966 7.9333444 0.9238799 0 -0.38268262 0.40395284 0.9619533
16.945623 0.3565966 8.131002 0.9238758 0 -0.38269246 0.40395284 0.9592391
16.86375 0.05333072 7.9333444 0.38268128 0 -0.92388046 0.9500476 0.546771
16.666092 0.3565966 7.851472 0.38268128 0 -0.92388046 0.94588333 0.54948515
16.86375 0.3565966 7.9333444 0.38268134 0 -0.92388046 0.94588333 0.546771
16.666092 -0.16351175 8.131002 0.30591604 -0.9520585 0 0.44495368 0.9323335
16.86375 -0.10000008 8.469587 0.30591604 -0.9520585 0 0.4403044 0.9350477
16.666092 -0.16351175 8.469587 0.3059161 -0.95205855 0 0.4403044 0.9323335
16.86375 -0.10000008 8.131002 0.8821224 -0.4710203 0 0.41022262 0.9592391
16.945623 0.05333072 8.469587 0.88212246 -0.4710203 0 0.40811715 0.95458984
16.86375 -0.10000008 8.469587 0.8821224 -0.47102028 0 0.41022262 0.95458984
16.666092 0.5734391 8.469587 0.30591616 0.95205843 0 0.20863774 0.90889
16.86375 0.5099274 8.131002 0.30591616 0.95205843 0 0.21328701 0.90617585
16.666092 0.5734391 8.131002 0.30591616 0.95205843 0 0.21328701 0.90889
16.86375 0.5099274 8.469587 0.88212246 0.4710203 0 0.40184736 0.95458984
16.945623 0.3565966 8.131002 0.88212246 0.4710203 0 0.40395284 0.9592391
16.86375 0.5099274 8.131002 0.8821224 0.47102028 0 0.40184736 0.9592391
16.666092 0.05333072 8.749118 0.38268325 0 0.92387974 0.9499696 0.2883697
16.86375 0.3565966 8.667245 0.38268325 0 0.92387974 0.9458053 0.29108384
16.666092 0.3565966 8.749118 0.38268322 0 0.9238796 0.9458053 0.2883697
16.86375 0.05333072 8.667245 0.92387956 0 0.3826834 0.40811715 0.95187575
16.945623 0.3565966 8.469587 0.9238818 0 0.38267797 0.40395284 0.95458984
16.86375 0.3565966 8.667245 0.9238859 0 0.38266814 0.40395284 0.95187575
16.666092 -0.16351175 8.469587 0 -0.95205796 0.30591774 0.4403044 0.9323335
15.225154 -0.10000008 8.667245 0 -0.95205826 0.30591685 0.4375903 0.9125473
15.225154 -0.16351175 8.469587 0 -0.9520583 0.30591673 0.4403044 0.9125473
16.666092 -0.10000008 8.667245 0 -0.47102013 0.88212246 0.952075 0.2883697
15.225154 0.05333072 8.749118 0 -0.4710238 0.88212055 0.9499696 0.2685835
15.225154 -0.10000008 8.667245 0 -0.47102413 0.8821204 0.95207506 0.2685835
15.225154 0.5734391 8.469587 0 0.95205766 0.30591866 0.20863774 0.92867625
16.666092 0.5099274 8.667245 0 0.9520585 0.30591628 0.20592362 0.90889
16.666092 0.5734391 8.469587 0 0.9520585 0.305916 0.20863774 0.90889
15.225154 0.5099274 8.667245 0 0.47101882 0.8821232 0.94369984 0.2685835
16.666092 0.3565966 8.749118 0 0.4710252 0.8821198 0.9458053 0.2883697
16.666092 0.5099274 8.667245 0 0.47102576 0.88211954 0.94369984 0.2883697
16.666092 -0.16351175 8.131002 0 -1 0 0.44495368 0.9323335
15.225154 -0.16351175 8.469587 0 -1 0 0.4403044 0.9125473
15.225154 -0.16351175 8.131002 0 -1 0 0.44495368 0.9125473
16.666092 1.0935476 8.749118 0 0 1 0.9532255 0.82798135
15.225154 0.79028165 8.749118 0 0 1 0.9573898 0.8081951
16.666092 0.79028165 8.749118 0 0 1 0.9573898 0.82798135
16.945623 1.0935476 8.131002 1 0 0 0.9673502 0.7858792
16.945623 0.79028165 8.469587 1 0 0 0.97151446 0.7812299
16.945623 0.79028165 8.131002 1 0 0 0.97151446 0.7858792
15.225154 1.3103901 8.131002 0 1 0 0.9200686 0.3399236
16.666092 1.3103901 8.469587 0 1 0 0.91541934 0.32013738
16.666092 1.3103901 8.131002 0 1 0 0.9200686 0.32013738
14.945623 1.0935476 8.469587 -1 0 0 0.96875346 0.18109363
14.945623 0.79028165 8.131002 -1 0 0 0.97291774 0.17644435
14.945623 0.79028165 8.469587 -1 0 0 0.97291774 0.18109363
15.225154 1.0935476 7.851472 0 0 -1 0.9532255 0.8685104
16.666092 0.79028165 7.851472 0 0 -1 0.95738983 0.8487242
15.225154 0.79028165 7.851472 0 0 -1 0.95738983 0.8685104
15.225154 0.5734391 8.469587 -0.26349005 -0.9279793 0.2634909 0.29388443 0.90889
15.0637665 0.6650876 8.630975 -0.26349008 -0.9279793 0.26349086 0.29166836 0.9066739
15.027496 0.63695085 8.469587 -0.29782107 -0.9268646 0.22852695 0.29388443 0.90617585
15.225154 0.79028165 8.749118 -0.30871287 -0.41134796 0.85760665 0.9573898 0.8081951
15.0637665 0.6650876 8.630975 -0.32111648 -0.3973044 0.85967064 0.9591088 0.8059791
15.225154 0.63695085 8.667245 -0.26995772 -0.45353803 0.84936804 0.95949525 0.8081951
14.945623 0.79028165 8.469587 -0.85760665 -0.4113455 0.30871624 0.97291774 0.18109363
15.0637665 0.6650876 8.630975 -0.859671 -0.39730218 0.32111832 0.97463685 0.18330975
15.027496 0.79028165 8.667245 -0.8640515 -0.35401082 0.35789856 0.97291774 0.18380779
15.225154 1.0935476 8.749118 -0.30871323 0.4113485 0.8576064 0.9532255 0.8081951
15.0637665 1.2187415 8.630975 -0.3211166 0.3973047 0.85967034 0.95150644 0.8059791
15.027496 1.0935475 8.667245 -0.35790083 0.35401228 0.86405 0.9532255 0.805481
15.225154 1.3103901 8.469587 -0.26349053 0.927979 0.26349163 0.91541934 0.3399236
15.0637665 1.2187415 8.630975 -0.2634905 0.92797893 0.26349163 0.91320324 0.3421397
15.225154 1.2468784 8.667245 -0.22852695 0.9268639 0.2978233 0.9127052 0.3399236
14.945623 1.0935476 8.469587 -0.85760665 0.4113457 0.30871633 0.96875346 0.18109363
15.0637665 1.2187415 8.630975 -0.8596708 0.3973022 0.32111835 0.9670344 0.18330975
15.027496 1.2468784 8.469587 -0.8493669 0.4535352 0.269966 0.966648 0.18109363
15.225154 0.5734391 8.131002 -0.2634909 -0.92797905 -0.26349086 0.2985337 0.90889
15.0637665 0.6650876 7.9696155 -0.26349095 -0.92797905 -0.26349083 0.30074978 0.9066739
15.225154 0.63695085 7.9333444 -0.22852634 -0.9268653 -0.2978198 0.30124784 0.90889
14.945623 0.79028165 8.131002 -0.8576064 -0.41134593 -0.30871627 0.97291774 0.17644435
15.0637665 0.6650876 7.9696155 -0.8596701 -0.3973041 -0.32111794 0.97463685 0.1742283
15.027496 0.63695085 8.131002 -0.8493689 -0.453531 -0.26996717 0.9750232 0.17644435
15.225154 0.79028165 7.851472 -0.3087145 -0.4113477 -0.85760623 0.95738983 0.8685104
15.0637665 0.6650876 7.9696155 -0.3211172 -0.39730424 -0.85967046 0.9591089 0.8707265
15.027496 0.79028165 7.9333444 -0.35789913 -0.35401255 -0.86405057 0.95738983 0.8712245
15.225154 1.3103901 8.131002 -0.26349092 0.9279788 -0.26349163 0.9200686 0.3399236
15.0637665 1.2187415 7.9696155 -0.26349097 0.9279789 -0.2634916 0.92228466 0.3421397
15.027496 1.2468784 8.131002 -0.29782188 0.92686397 -0.2285289 0.9200686 0.34263775
15.225154 1.0935476 7.851472 -0.30871508 0.41134807 -0.8576058 0.9532255 0.8685104
15.0637665 1.2187415 7.9696155 -0.32111752 0.3973045 -0.8596701 0.95150644 0.8707265
15.225154 1.2468784 7.9333444 -0.2699634 0.45353815 -0.84936625 0.95112 0.8685104
14.945623 1.0935476 8.131002 -0.8576064 0.411346 -0.3087163 0.96875346 0.17644435
15.0637665 1.2187415 7.9696155 -0.85967016 0.39730406 -0.32111788 0.9670344 0.1742283
15.027496 1.0935475 7.9333444 -0.86404943 0.35401744 -0.35789686 0.96875346 0.17373027
16.666092 0.5734391 8.469587 0.26348817 -0.9279799 0.26349095 0.29388443 0.92867625
16.82748 0.6650876 8.630975 0.26348838 -0.9279798 0.26349068 0.29166836 0.9308923
16.666092 0.63695085 8.667245 0.22852448 -0.9268651 0.2978215 0.2911703 0.92867625
16.945623 0.79028165 8.469587 0.85760844 -0.4113466 0.3087099 0.97151446 0.7812299
16.82748 0.6650876 8.630975 0.8596717 -0.39730275 0.3211154 0.9732336 0.7790139
16.86375 0.63695085 8.469587 0.84937125 -0.4535373 0.26994884 0.97361994 0.7812299
16.666092 0.79028165 8.749118 0.3087114 -0.4113452 0.8576087 0.9573898 0.82798135
16.82748 0.6650876 8.630975 0.32111627 -0.39730266 0.85967153 0.9591088 0.83019745
16.86375 0.79028165 8.667245 0.35790387 -0.3540148 0.8640477 0.9573898 0.83069545
16.666092 1.3103901 8.469587 0.26348868 0.92797977 0.2634909 0.91541934 0.32013738
16.82748 1.2187415 8.630975 0.2634889 0.92797977 0.26349062 0.91320324 0.31792128
16.86375 1.2468784 8.469587 0.29781917 0.9268657 0.2285255 0.91541934 0.31742322
16.666092 1.0935476 8.749118 0.30871063 0.4113438 0.8576095 0.9532255 0.82798135
16.82748 1.2187415 8.630975 0.32111552 0.39730155 0.8596722 0.95150644 0.83019745
16.666092 1.2468784 8.667245 0.2699526 0.45352858 0.84937483 0.95112 0.82798135
16.945623 1.0935476 8.469587 0.8576088 0.41134673 0.30870888 0.9673502 0.7812299
16.82748 1.2187415 8.630975 0.8596732 0.39730328 0.321111 0.96563107 0.7790139
16.86375 1.0935475 8.667245 0.8640541 0.35401186 0.35789132 0.9673502 0.7785158
16.666092 0.5734391 8.131002 0.26348823 -0.9279801 -0.26348993 0.2985337 0.92867625
16.82748 0.6650876 7.9696155 0.2634885 -0.92798007 -0.26348966 0.30074978 0.9308923
16.86375 0.63695085 8.131002 0.29782063 -0.92686427 -0.22852899 0.2985337 0.9313904
16.666092 0.79028165 7.851472 0.30871302 -0.41134417 -0.85760844 0.95738983 0.8487242
16.82748 0.6650876 7.9696155 0.32111663 -0.39730367 -0.8596708 0.9591089 0.8465081
16.666092 0.63695085 7.9333444 0.26995912 -0.4535238 -0.8493752 0.95949525 0.8487242
16.945623 0.79028165 8.131002 0.85760826 -0.411347 -0.30870992 0.97151446 0.7858792
16.82748 0.6650876 7.9696155 0.85967094 -0.3973047 -0.32111502 0.9732336 0.78809524
16.86375 0.79028165 7.9333444 0.8640468 -0.35401663 -0.35790434 0.97151446 0.78859335
16.666092 1.3103901 8.131002 0.26348832 0.92798007 -0.2634899 0.9200686 0.32013738
16.82748 1.2187415 7.9696155 0.2634886 0.92798007 -0.26348966 0.92228466 0.31792128
16.666092 1.2468784 7.9333444 0.22852407 0.926866 -0.29781905 0.9227828 0.32013738
16.945623 1.0935476 8.131002 0.8576086 0.41134703 -0.30870882 0.9673502 0.7858792
16.82748 1.2187415 7.9696155 0.85967255 0.3973052 -0.3211105 0.96563107 0.78809524
16.86375 1.2468784 8.131002 0.8493706 0.45353216 -0.26995966 0.9652447 0.7858792
16.666092 1.0935476 7.851472 0.30871254 0.41134274 -0.85760933 0.9532255 0.8487242
16.82748 1.2187415 7.9696155 0.32111615 0.39730263 -0.8596715 0.95150644 0.8465081
16.86375 1.0935475 7.9333444 0.35790053 0.3540224 -0.8640459 0.9532255 0.84601
15.225154 0.5734391 8.469587 -0.30591697 -0.9520582 -0 0.29388443 0.90889
15.027496 0.63695085 8.131002 -0.3059168 -0.95205826 -0 0.2985337 0.90617585
15.225154 0.5734391 8.131002 -0.30591658 -0.9520583 -0 0.2985337 0.90889
15.027496 0.63695085 8.469587 -0.88212246 -0.4710203 -0 0.9750232 0.18109363
14.945623 0.79028165 8.131002 -0.88212246 -0.4710203 -0 0.97291774 0.17644435
15.027496 0.63695085 8.131002 -0.8821224 -0.47102028 -0 0.9750232 0.17644435
15.225154 0.79028165 8.749118 -0.3826849 0 0.92387897 0.9573898 0.8081951
15.027496 1.0935475 8.667245 -0.38268578 0 0.9238786 0.9532255 0.805481
15.027496 0.79028165 8.667245 -0.38268322 0 0.9238796 0.9573898 0.805481
15.027496 1.0935475 8.667245 -0.92387754 0 0.3826882 0.96875346 0.18380779
14.945623 0.79028165 8.469587 -0.9238787 0 0.3826856 0.97291774 0.18109363
15.027496 0.79028165 8.667245 -0.92388064 0 0.38268074 0.97291774 0.18380779
15.225154 1.3103901 8.131002 -0.30591702 0.9520582 0 0.9200686 0.3399236
15.027496 1.2468784 8.469587 -0.30591708 0.9520582 0 0.91541934 0.34263775
15.225154 1.3103901 8.469587 -0.30591717 0.95205814 0 0.91541934 0.3399236
15.027496 1.2468784 8.131002 -0.8821225 0.47102022 0 0.966648 0.17644435
14.945623 1.0935476 8.469587 -0.88212234 0.47102037 0 0.96875346 0.18109363
15.027496 1.2468784 8.469587 -0.88212234 0.47102055 0 0.966648 0.18109363
15.225154 0.79028165 7.851472 -0.38268304 0 -0.9238798 0.95738983 0.8685104
15.027496 1.0935475 7.9333444 -0.382684 0 -0.9238794 0.9532255 0.8712245
15.225154 1.0935476 7.851472 -0.38268572 0 -0.92387867 0.9532255 0.8685104
15.027496 0.79028165 7.9333444 -0.92387956 0 -0.3826835 0.97291774 0.17373027
14.945623 1.0935476 8.131002 -0.92387867 0 -0.38268554 0.96875346 0.17644435
15.027496 1.0935475 7.9333444 -0.9238772 0 -0.3826892 0.96875346 0.17373027
15.225154 0.5734391 8.131002 0 -0.9520577 -0.3059185 0.2985337 0.90889
16.666092 0.63695085 7.9333444 0 -0.95205903 -0.30591458 0.30124784 0.92867625
16.666092 0.5734391 8.131002 0 -0.95205915 -0.30591413 0.2985337 0.92867625
15.225154 0.63695085 7.9333444 0 -0.47101834 -0.8821234 0.95949525 0.8685104
16.666092 0.79028165 7.851472 0 -0.47101972 -0.8821228 0.95738983 0.8487242
16.666092 0.63695085 7.9333444 0 -0.4710198 -0.88212264 0.95949525 0.8487242
16.666092 1.3103901 8.131002 0 0.952058 -0.30591762 0.9200686 0.32013738
15.225154 1.2468784 7.9333444 0 0.95205873 -0.30591547 0.9227828 0.3399236
15.225154 1.3103901 8.131002 0 0.95205885 -0.30591524 0.9200686 0.3399236
16.666092 1.2468784 7.9333444 0 0.47101972 -0.8821228 0.95112 0.8487242
15.225154 1.0935476 7.851472 0 0.47101834 -0.8821234 0.9532255 0.8685104
15.225154 1.2468784 7.9333444 0 0.47101825 -0.88212353 0.95112 0.8685104
16.945623 0.79028165 8.131002 0.92388064 0 -0.3826809 0.97151446 0.7858792
16.86375 1.0935475 7.9333444 0.9238775 0 -0.38268837 0.9673502 0.78859335
16.945623 1.0935476 8.131002 0.92387193 0 -0.38270193 0.9673502 0.7858792
16.86375 0.79028165 7.9333444 0.38268107 0 -0.9238805 0.95738983 0.84601
16.666092 1.0935476 7.851472 0.3826809 0 -0.9238807 0.9532255 0.8487242
16.86375 1.0935475 7.9333444 0.38268045 0 -0.92388076 0.9532255 0.84601
16.666092 0.5734391 8.131002 0.30591634 -0.95205843 0 0.2985337 0.92867625
16.86375 0.63695085 8.469587 0.30591643 -0.95205843 0 0.29388443 0.9313904
16.666092 0.5734391 8.469587 0.30591658 -0.9520583 0 0.29388443 0.92867625
16.86375 0.63695085 8.131002 0.88212246 -0.4710203 0 0.97361994 0.7858792
16.945623 0.79028165 8.469587 0.88212246 -0.4710203 0 0.97151446 0.7812299
16.86375 0.63695085 8.469587 0.8821224 -0.47102028 0 0.97361994 0.7812299
16.666092 1.3103901 8.469587 0.30591673 0.9520584 0 0.91541934 0.32013738
16.86375 1.2468784 8.131002 0.30591646 0.95205843 0 0.9200686 0.31742322
16.666092 1.3103901 8.131002 0.30591616 0.95205843 0 0.9200686 0.32013738
16.86375 1.2468784 8.469587 0.8821225 0.47102022 0 0.9652447 0.7812299
16.945623 1.0935476 8.131002 0.88212234 0.47102037 0 0.9673502 0.7858792
16.86375 1.2468784 8.131002 0.88212234 0.47102055 0 0.9652447 0.7858792
16.666092 0.79028165 8.749118 0.38268295 0 0.9238798 0.9573898 0.82798135
16.86375 1.0935475 8.667245 0.38268277 0 0.9238799 0.9532255 0.83069545
16.666092 1.0935476 8.749118 0.38268244 0 0.9238799 0.9532255 0.82798135
16.86375 0.79028165 8.667245 0.923878 0 0.38268712 0.97151446 0.7785158
16.945623 1.0935476 8.469587 0.9238794 0 0.38268378 0.9673502 0.7812299
16.86375 1.0935475 8.667245 0.9238819 0 0.38267776 0.9673502 0.7785158
16.666092 0.5734391 8.469587 0 -0.95205796 0.3059178 0.29388443 0.92867625
15.225154 0.63695085 8.667245 0 -0.9520582 0.3059172 0.2911703 0.90889
15.225154 0.5734391 8.469587 0 -0.95205826 0.3059171 0.29388443 0.90889
16.666092 0.63695085 8.667245 0 -0.47102013 0.88212246 0.95949525 0.82798135
15.225154 0.79028165 8.749118 0 -0.4710238 0.88212055 0.9573898 0.8081951
15.225154 0.63695085 8.667245 0 -0.47102413 0.8821204 0.95949525 0.8081951
15.225154 1.3103901 8.469587 0 0.95205766 0.30591866 0.91541934 0.3399236
16.666092 1.2468784 8.667245 0 0.9520585 0.30591628 0.9127052 0.32013738
16.666092 1.3103901 8.469587 0 0.9520585 0.305916 0.91541934 0.32013738
15.225154 1.2468784 8.667245 0 0.47101882 0.8821232 0.95112 0.8081951
16.666092 1.0935476 8.749118 0 0.4710252 0.8821198 0.9532255 0.82798135
16.666092 1.2468784 8.667245 0 0.47102576 0.88211954 0.95112 0.82798135
16.666092 0.5734391 8.131002 0 -1 0 0.2985337 0.92867625
15.225154 0.5734391 8.469587 0 -1 0 0.29388443 0.90889
15.225154 0.5734391 8.131002 0 -1 0 0.2985337 0.90889
16.666092 0.3565966 -2.4663956 0 0 1 0.6067289 0.9590288
15.225154 0.05333072 -2.4663956 0 0 1 0.6108932 0.9392426
16.666092 0.05333072 -2.4663956 0 0 1 0.6108932 0.9590288
16.945623 0.3565966 -3.084511 1 0 0 0.96875346 0.22162269
16.945623 0.05333072 -2.7459261 1 0 0 0.97291774 0.21697341
16.945623 0.05333072 -3.084511 1 0 0 0.97291774 0.22162269
15.225154 0.5734391 -3.084511 0 1 0 0.93738794 0.3804526
16.666092 0.5734391 -2.7459261 0 1 0 0.93273866 0.36066642
16.666092 0.5734391 -3.084511 0 1 0 0.93738794 0.36066642
14.945623 0.3565966 -2.7459261 -1 0 0 0.85631555 0.96101314
14.945623 0.05333072 -3.084511 -1 0 0 0.8604799 0.9563639
14.945623 0.05333072 -2.7459261 -1 0 0 0.8604799 0.96101314
15.225154 0.3565966 -3.3640416 0 0 -1 0.5830391 0.9590288
16.666092 0.05333072 -3.3640416 0 0 -1 0.58720344 0.9392426
15.225154 0.05333072 -3.3640416 0 0 -1 0.58720344 0.9590288
15.225154 -0.16351175 -2.7459261 -0.26348996 -0.92797947 0.26349044 0.46569663 0.91254723
15.0637665 -0.07186329 -2.5845387 -0.26349 -0.9279795 0.26349044 0.46348056 0.9103312
15.027496 -0.10000008 -2.7459261 -0.29782194 -0.92686415 0.22852798 0.46569663 0.90983313
15.225154 0.05333072 -2.4663956 -0.30871394 -0.4113461 0.8576073 0.6108932 0.9392426
15.0637665 -0.07186329 -2.5845387 -0.3211173 -0.39730233 0.8596712 0.6126123 0.9370265
15.225154 -0.10000008 -2.5482686 -0.26995954 -0.4535363 0.8493684 0.6129986 0.9392426
14.945623 0.05333072 -2.7459261 -0.85760653 -0.41134486 0.30871743 0.8604799 0.96101314
15.0637665 -0.07186329 -2.5845387 -0.85967 -0.39730194 0.321121 0.86219895 0.96322924
15.027496 0.05333072 -2.5482686 -0.864048 -0.3540122 0.35790566 0.8604799 0.9637273
15.225154 0.3565966 -2.4663956 -0.30871344 0.41134512 0.8576079 0.6067289 0.9392426
15.0637665 0.48179066 -2.5845387 -0.32111695 0.3973016 0.85967165 0.6050098 0.9370265
15.027496 0.3565966 -2.5482686 -0.3579015 0.35401 0.86405057 0.6067289 0.93652844
15.225154 0.5734391 -2.7459261 -0.26348993 0.92797947 0.2634904 0.93273866 0.3804526
15.0637665 0.48179066 -2.5845387 -0.26348996 0.9279795 0.26349044 0.93052256 0.38266873
15.225154 0.5099274 -2.5482686 -0.22852448 0.92686564 0.2978199 0.9300245 0.3804526
14.945623 0.3565966 -2.7459261 -0.857607 0.41134483 0.3087163 0.85631555 0.96101314
15.0637665 0.48179066 -2.5845387 -0.859671 0.3973022 0.32111827 0.8545965 0.96322924
15.027496 0.5099274 -2.7459261 -0.84936845 0.45353222 0.26996636 0.8542101 0.96101314
15.225154 -0.16351175 -3.084511 -0.2634905 -0.92797935 -0.26349023 0.4703459 0.91254723
15.0637665 -0.07186329 -3.245898 -0.26349056 -0.9279794 -0.26349023 0.47256196 0.9103312
15.225154 -0.10000008 -3.282169 -0.22852634 -0.92686564 -0.29781878 0.47306004 0.91254723
14.945623 0.05333072 -3.084511 -0.85760623 -0.41134557 -0.3087174 0.8604799 0.9563639
15.0637665 -0.07186329 -3.245898 -0.85966945 -0.3973032 -0.32112068 0.86219895 0.9541478
15.027496 -0.10000008 -3.084511 -0.8493696 -0.453532 -0.26996335 0.86258537 0.9563639
15.225154 0.05333072 -3.3640416 -0.30871525 -0.41134697 -0.85760635 0.58720344 0.9590288
15.0637665 -0.07186329 -3.245898 -0.3211175 -0.39730483 -0.8596699 0.5889225 0.9612449
15.027496 0.05333072 -3.282169 -0.3578985 -0.35401753 -0.8640488 0.58720344 0.96174294
15.225154 0.5734391 -3.084511 -0.2634906 0.9279793 -0.26349023 0.93738794 0.3804526
15.0637665 0.48179066 -3.245898 -0.26349065 0.9279794 -0.26349023 0.939604 0.38266873
15.027496 0.5099274 -3.084511 -0.29782233 0.92686385 -0.22852856 0.93738794 0.38316676
15.225154 0.3565966 -3.3640416 -0.30871466 0.41134605 -0.85760707 0.5830391 0.9590288
15.0637665 0.48179066 -3.245898 -0.3211171 0.39730418 -0.8596704 0.58132005 0.9612449
15.225154 0.5099274 -3.282169 -0.26996312 0.453531 -0.8493701 0.58093363 0.9590288
14.945623 0.3565966 -3.084511 -0.85760653 0.41134563 -0.30871636 0.85631555 0.9563639
15.0637665 0.48179066 -3.245898 -0.8596704 0.39730352 -0.32111797 0.8545965 0.9541478
15.027496 0.3565966 -3.282169 -0.86405003 0.3540161 -0.35789707 0.85631555 0.95364976
16.666092 -0.16351175 -2.7459261 0.26348844 -0.9279798 0.26349095 0.46569663 0.9323334
16.82748 -0.07186329 -2.5845387 0.26348862 -0.92797977 0.26349062 0.46348056 0.93454957
16.666092 -0.10000008 -2.5482686 0.22852391 -0.9268663 0.29781845 0.46298248 0.9323334
16.945623 0.05333072 -2.7459261 0.85760856 -0.41134563 0.30871102 0.97291774 0.21697341
16.82748 -0.07186329 -2.5845387 0.85967267 -0.39730301 0.32111254 0.97463685 0.21475735
16.86375 -0.10000008 -2.7459261 0.8493695 -0.45353267 0.26996252 0.9750232 0.21697341
16.666092 0.05333072 -2.4663956 0.3087114 -0.4113436 0.85760933 0.6108932 0.9590288
16.82748 -0.07186329 -2.5845387 0.3211162 -0.3973013 0.85967207 0.6126123 0.9612449
16.86375 0.05333072 -2.5482686 0.3579037 -0.35401437 0.86404794 0.6108932 0.96174294
16.666092 0.5734391 -2.7459261 0.26348844 0.9279798 0.26349092 0.93273866 0.36066642
16.82748 0.48179066 -2.5845387 0.26348868 0.9279798 0.26349068 0.93052256 0.35845035
16.86375 0.5099274 -2.7459261 0.29782084 0.9268644 0.2285285 0.93273866 0.35795233
16.666092 0.3565966 -2.4663956 0.3087117 0.41134405 0.857609 0.6067289 0.9590288
16.82748 0.48179066 -2.5845387 0.32111645 0.3973016 0.8596719 0.6050098 0.9612449
16.666092 0.5099274 -2.5482686 0.26995412 0.4535293 0.8493739 0.60462344 0.9590288
16.945623 0.3565966 -2.7459261 0.8576088 0.4113459 0.30870992 0.96875346 0.21697341
16.82748 0.48179066 -2.5845387 0.8596718 0.39730275 0.32111534 0.9670344 0.21475735
16.86375 0.3565966 -2.5482686 0.8640482 0.35401195 0.35790542 0.96875346 0.21425933
16.666092 -0.16351175 -3.084511 0.2634889 -0.92797965 -0.26349074 0.4703459 0.9323334
16.82748 -0.07186329 -3.245898 0.26348916 -0.92797965 -0.2634905 0.47256196 0.93454957
16.86375 -0.10000008 -3.084511 0.29781973 -0.92686427 -0.22853044 0.4703459 0.93504757
16.666092 0.05333072 -3.3640416 0.30871266 -0.41134465 -0.8576083 0.58720344 0.9392426
16.82748 -0.07186329 -3.245898 0.32111648 -0.3973035 -0.85967094 0.5889225 0.9370265
16.666092 -0.10000008 -3.282169 0.26995814 -0.4535263 -0.8493742 0.58930886 0.9392426
16.945623 0.05333072 -3.084511 0.8576082 -0.41134644 -0.30871102 0.97291774 0.22162269
16.82748 -0.07186329 -3.245898 0.8596722 -0.39730433 -0.32111225 0.97463685 0.2238388
16.86375 0.05333072 -3.282169 0.8640524 -0.35401732 -0.35788998 0.97291774 0.22433685
16.666092 0.5734391 -3.084511 0.263489 0.92797965 -0.26349074 0.93738794 0.36066642
16.82748 0.48179066 -3.245898 0.2634893 0.9279797 -0.2634905 0.939604 0.35845035
16.666092 0.5099274 -3.282169 0.22852518 0.9268657 -0.29781944 0.94010204 0.36066642
16.945623 0.3565966 -3.084511 0.85760844 0.41134676 -0.30870998 0.96875346 0.22162269
16.82748 0.48179066 -3.245898 0.8596713 0.39730415 -0.32111508 0.9670344 0.2238388
16.86375 0.5099274 -3.084511 0.84937274 0.45353386 -0.26995012 0.96664804 0.22162269
16.666092 0.3565966 -3.3640416 0.30871293 0.41134515 -0.8576081 0.5830391 0.9392426
16.82748 0.48179066 -3.245898 0.32111672 0.39730388 -0.8596708 0.58132005 0.9370265
16.86375 0.3565966 -3.282169 0.35790122 0.3540201 -0.8640467 0.5830391 0.93652844
15.225154 -0.16351175 -2.7459261 -0.3059167 -0.9520583 -0 0.46569663 0.91254723
15.027496 -0.10000008 -3.084511 -0.30591688 -0.95205826 -0 0.4703459 0.90983313
15.225154 -0.16351175 -3.084511 -0.30591708 -0.95205826 -0 0.4703459 0.91254723
15.027496 -0.10000008 -2.7459261 -0.88212234 -0.4710204 -0 0.8625853 0.96101314
14.945623 0.05333072 -3.084511 -0.88212234 -0.4710206 -0 0.8604799 0.9563639
15.027496 -0.10000008 -3.084511 -0.88212216 -0.47102064 -0 0.86258537 0.9563639
15.225154 0.3565966 -2.4663956 -0.38268524 0 0.9238788 0.6067289 0.9392426
15.027496 0.05333072 -2.5482686 -0.38268635 0 0.9238783 0.6108932 0.93652844
15.225154 0.05333072 -2.4663956 -0.38268837 0 0.92387754 0.6108932 0.9392426
15.027496 0.3565966 -2.5482686 -0.92387754 0 0.38268828 0.85631555 0.9637273
14.945623 0.05333072 -2.7459261 -0.92387867 0 0.3826856 0.8604799 0.96101314
15.027496 0.05333072 -2.5482686 -0.92388076 0 0.38268068 0.8604799 0.9637273
15.225154 0.5734391 -3.084511 -0.305917 0.9520582 0 0.93738794 0.3804526
15.027496 0.5099274 -2.7459261 -0.30591685 0.95205826 0 0.93273866 0.38316676
15.225154 0.5734391 -2.7459261 -0.3059167 0.9520583 0 0.93273866 0.3804526
15.027496 0.5099274 -3.084511 -0.88212234 0.4710206 0 0.8542101 0.9563639
14.945623 0.3565966 -2.7459261 -0.88212234 0.4710204 0 0.85631555 0.96101314
15.027496 0.5099274 -2.7459261 -0.8821224 0.47102028 0 0.8542101 0.96101314
15.225154 0.05333072 -3.3640416 -0.3826833 0 -0.92387956 0.58720344 0.9590288
15.027496 0.3565966 -3.282169 -0.3826845 0 -0.9238792 0.5830391 0.96174294
15.225154 0.3565966 -3.3640416 -0.3826865 0 -0.9238783 0.5830391 0.9590288
15.027496 0.05333072 -3.282169 -0.9238779 0 -0.3826875 0.8604799 0.95364976
14.945623 0.3565966 -3.084511 -0.92387897 0 -0.38268477 0.85631555 0.9563639
15.027496 0.3565966 -3.282169 -0.92388105 0 -0.38267988 0.85631555 0.95364976
15.225154 -0.16351175 -3.084511 0 -0.9520583 -0.30591667 0.4703459 0.91254723
16.666092 -0.10000008 -3.282169 0 -0.95205855 -0.30591607 0.47306004 0.9323334
16.666092 -0.16351175 -3.084511 0 -0.9520585 -0.305916 0.4703459 0.9323334
15.225154 -0.10000008 -3.282169 0 -0.47101834 -0.8821234 0.58930886 0.9590288
16.666092 0.05333072 -3.3640416 0 -0.47101972 -0.8821228 0.58720344 0.9392426
16.666092 -0.10000008 -3.282169 0 -0.4710198 -0.88212264 0.58930886 0.9392426
16.666092 0.5734391 -3.084511 0 0.9520585 -0.3059161 0.93738794 0.36066642
15.225154 0.5099274 -3.282169 0 0.95205826 -0.30591702 0.94010204 0.3804526
15.225154 0.5734391 -3.084511 0 0.95205826 -0.3059171 0.93738794 0.3804526
16.666092 0.5099274 -3.282169 0 0.47101972 -0.8821228 0.58093363 0.9392426
15.225154 0.3565966 -3.3640416 0 0.47101834 -0.8821234 0.5830391 0.9590288
15.225154 0.5099274 -3.282169 0 0.47101825 -0.88212353 0.58093363 0.9590288
16.945623 0.05333072 -3.084511 0.9238821 0 -0.38267714 0.97291774 0.22162269
16.86375 0.3565966 -3.282169 0.9238799 0 -0.38268262 0.96875346 0.22433685
16.945623 0.3565966 -3.084511 0.9238758 0 -0.38269246 0.96875346 0.22162269
16.86375 0.05333072 -3.282169 0.38268128 0 -0.92388046 0.58720344 0.93652844
16.666092 0.3565966 -3.3640416 0.38268128 0 -0.92388046 0.5830391 0.9392426
16.86375 0.3565966 -3.282169 0.38268134 0 -0.92388046 0.5830391 0.93652844
16.666092 -0.16351175 -3.084511 0.30591553 -0.9520587 0 0.4703459 0.9323334
16.86375 -0.10000008 -2.7459261 0.30591556 -0.9520587 0 0.46569663 0.93504757
16.666092 -0.16351175 -2.7459261 0.30591562 -0.9520587 0 0.46569663 0.9323334
16.86375 -0.10000008 -3.084511 0.88212234 -0.4710206 0 0.9750232 0.22162269
16.945623 0.05333072 -2.7459261 0.88212234 -0.4710204 0 0.97291774 0.21697341
16.86375 -0.10000008 -2.7459261 0.8821224 -0.47102028 0 0.9750232 0.21697341
16.666092 0.5734391 -2.7459261 0.30591574 0.9520587 0 0.93273866 0.36066642
16.86375 0.5099274 -3.084511 0.30591574 0.9520587 0 0.93738794 0.35795233
16.666092 0.5734391 -3.084511 0.3059157 0.9520586 0 0.93738794 0.36066642
16.86375 0.5099274 -2.7459261 0.88212234 0.4710204 0 0.96664804 0.21697341
16.945623 0.3565966 -3.084511 0.88212234 0.4710206 0 0.96875346 0.22162269
16.86375 0.5099274 -3.084511 0.88212216 0.47102064 0 0.96664804 0.22162269
16.666092 0.05333072 -2.4663956 0.38268325 0 0.92387974 0.6108932 0.9590288
16.86375 0.3565966 -2.5482686 0.38268325 0 0.92387974 0.6067289 0.96174294
16.666092 0.3565966 -2.4663956 0.38268322 0 0.9238796 0.6067289 0.9590288
16.86375 0.05333072 -2.5482686 0.92387956 0 0.3826834 0.97291774 0.21425933
16.945623 0.3565966 -2.7459261 0.9238818 0 0.38267797 0.96875346 0.21697341
16.86375 0.3565966 -2.5482686 0.9238859 0 0.38266814 0.96875346 0.21425933
16.666092 -0.16351175 -2.7459261 0 -0.9520584 0.30591658 0.46569663 0.9323334
15.225154 -0.10000008 -2.5482686 0 -0.9520582 0.3059171 0.46298248 0.91254723
15.225154 -0.16351175 -2.7459261 0 -0.95205814 0.30591717 0.46569663 0.91254723
16.666092 -0.10000008 -2.5482686 0 -0.47102115 0.8821219 0.6129986 0.9590288
15.225154 0.05333072 -2.4663956 0 -0.4710198 0.88212264 0.6108932 0.9392426
15.225154 -0.10000008 -2.5482686 0 -0.47101974 0.8821227 0.6129986 0.9392426
15.225154 0.5734391 -2.7459261 0 0.9520581 0.30591744 0.93273866 0.3804526
16.666092 0.5099274 -2.5482686 0 0.9520583 0.30591658 0.9300245 0.36066642
16.666092 0.5734391 -2.7459261 0 0.9520584 0.3059165 0.93273866 0.36066642
15.225154 0.5099274 -2.5482686 0 0.4710198 0.88212264 0.60462344 0.9392426
16.666092 0.3565966 -2.4663956 0 0.47102115 0.8821219 0.6067289 0.9590288
16.666092 0.5099274 -2.5482686 0 0.4710213 0.88212186 0.60462344 0.9590288
16.666092 -0.16351175 -3.084511 0 -1 0 0.4703459 0.9323334
15.225154 -0.16351175 -2.7459261 0 -1 0 0.46569663 0.91254723
15.225154 -0.16351175 -3.084511 0 -1 0 0.4703459 0.91254723
16.666092 1.0935476 -2.4663956 0 0 1 0.35040003 0.9654165
15.225154 0.79028165 -2.4663956 0 0 1 0.35456434 0.9456303
16.666092 0.79028165 -2.4663956 0 0 1 0.35456434 0.9654165
16.945623 1.0935476 -3.084511 1 0 0 0.96875346 0.24701482
16.945623 0.79028165 -2.7459261 1 0 0 0.9729178 0.2423656
16.945623 0.79028165 -3.084511 1 0 0 0.9729178 0.24701482
15.225154 1.3103901 -3.084511 0 1 0 0.9373879 0.42098168
16.666092 1.3103901 -2.7459261 0 1 0 0.9327386 0.40119547
16.666092 1.3103901 -3.084511 0 1 0 0.9373879 0.40119547
14.945623 1.0935476 -2.7459261 -1 0 0 0.5326086 0.966743
14.945623 0.79028165 -3.084511 -1 0 0 0.5367729 0.9620937
14.945623 0.79028165 -2.7459261 -1 0 0 0.5367729 0.966743
15.225154 1.0935476 -3.3640416 0 0 -1 0.658405 0.9626703
16.666092 0.79028165 -3.3640416 0 0 -1 0.6625693 0.94288415
15.225154 0.79028165 -3.3640416 0 0 -1 0.6625693 0.9626703
15.225154 0.5734391 -2.7459261 -0.26349 -0.92797947 0.2634904 0.93273866 0.4417245
15.0637665 0.6650876 -2.5845387 -0.26349 -0.9279795 0.26349044 0.93052256 0.43950847
15.027496 0.63695085 -2.7459261 -0.2978224 -0.92686397 0.22852795 0.93273866 0.43901044
15.225154 0.79028165 -2.4663956 -0.3087133 -0.41134515 0.8576079 0.35456434 0.9456303
15.0637665 0.6650876 -2.5845387 -0.3211169 -0.39730164 0.8596717 0.35628343 0.9434142
15.225154 0.63695085 -2.5482686 -0.26995823 -0.45353484 0.84936965 0.3566698 0.9456303
14.945623 0.79028165 -2.7459261 -0.857607 -0.4113449 0.30871633 0.5367729 0.966743
15.0637665 0.6650876 -2.5845387 -0.859671 -0.3973022 0.3211183 0.538492 0.9689591
15.027496 0.79028165 -2.5482686 -0.8640507 -0.3540131 0.35789824 0.5367729 0.9694571
15.225154 1.0935476 -2.4663956 -0.30871361 0.41134557 0.8576076 0.35040003 0.9456303
15.0637665 1.2187415 -2.5845387 -0.321117 0.39730197 0.8596715 0.34868094 0.9434142
15.027496 1.0935475 -2.5482686 -0.35790113 0.35401005 0.8640507 0.3504001 0.94291615
15.225154 1.3103901 -2.7459261 -0.26349044 0.9279791 0.26349118 0.9327386 0.42098168
15.0637665 1.2187415 -2.5845387 -0.26349044 0.9279791 0.26349118 0.93052256 0.42319778
15.225154 1.2468784 -2.5482686 -0.22852547 0.9268649 0.2978214 0.9300245 0.42098168
14.945623 1.0935476 -2.7459261 -0.8576069 0.41134495 0.3087164 0.5326086 0.966743
15.0637665 1.2187415 -2.5845387 -0.8596709 0.39730224 0.32111832 0.5308896 0.9689591
15.027496 1.2468784 -2.7459261 -0.8493683 0.4535324 0.26996645 0.53050315 0.966743
15.225154 0.5734391 -3.084511 -0.26349038 -0.92797935 -0.26349023 0.9373879 0.4417245
15.0637665 0.6650876 -3.245898 -0.2634904 -0.92797947 -0.2634902 0.939604 0.43950847
15.225154 0.63695085 -3.282169 -0.2285256 -0.9268657 -0.2978188 0.94010204 0.4417245
14.945623 0.79028165 -3.084511 -0.8576066 -0.41134563 -0.30871636 0.5367729 0.9620937
15.0637665 0.6650876 -3.245898 -0.85967034 -0.39730355 -0.32111806 0.538492 0.9598776
15.027496 0.63695085 -3.084511 -0.84936863 -0.45353135 -0.26996708 0.5388784 0.9620937
15.225154 0.79028165 -3.3640416 -0.3087147 -0.41134608 -0.85760707 0.6625693 0.9626703
15.0637665 0.6650876 -3.245898 -0.32111707 -0.3973042 -0.8596705 0.6642884 0.96488637
15.027496 0.79028165 -3.282169 -0.3578984 -0.3540176 -0.8640488 0.6625693 0.9653844
15.225154 1.3103901 -3.084511 -0.26349038 0.9279791 -0.26349103 0.9373879 0.42098168
15.0637665 1.2187415 -3.245898 -0.26349044 0.92797923 -0.26349103 0.9396039 0.42319778
15.027496 1.2468784 -3.084511 -0.29782152 0.9268641 -0.22852862 0.9373879 0.42369583
15.225154 1.0935476 -3.3640416 -0.3087152 0.4113464 -0.85760653 0.658405 0.9626703
15.0637665 1.2187415 -3.245898 -0.32111746 0.39730453 -0.8596702 0.6566859 0.96488637
15.225154 1.2468784 -3.282169 -0.26996443 0.45353168 -0.8493694 0.65629953 0.9626703
14.945623 1.0935476 -3.084511 -0.85760653 0.41134566 -0.30871636 0.5326086 0.9620937
15.0637665 1.2187415 -3.245898 -0.8596704 0.3973035 -0.321118 0.5308896 0.9598776
15.027496 1.0935475 -3.282169 -0.86405003 0.3540161 -0.35789707 0.5326086 0.9593796
16.666092 0.5734391 -2.7459261 0.2634885 -0.9279798 0.26349092 0.93273866 0.46151072
16.82748 0.6650876 -2.5845387 0.2634887 -0.9279798 0.26349068 0.93052256 0.46372685
16.666092 0.63695085 -2.5482686 0.22852336 -0.9268659 0.29782003 0.9300245 0.46151072
16.945623 0.79028165 -2.7459261 0.85760874 -0.41134587 0.30870995 0.9729178 0.2423656
16.82748 0.6650876 -2.5845387 0.8596717 -0.39730278 0.32111537 0.97463685 0.24014948
16.86375 0.63695085 -2.7459261 0.8493726 -0.45353448 0.26994932 0.9750232 0.2423656
16.666092 0.79028165 -2.4663956 0.3087116 -0.4113441 0.8576091 0.35456434 0.9654165
16.82748 0.6650876 -2.5845387 0.32111636 -0.3973016 0.8596719 0.35628343 0.9676326
16.86375 0.79028165 -2.5482686 0.3579039 -0.35401434 0.8640479 0.35456434 0.96813065
16.666092 1.3103901 -2.7459261 0.26348898 0.92797965 0.26349086 0.9327386 0.40119547
16.82748 1.2187415 -2.5845387 0.26348925 0.9279796 0.2634906 0.93052256 0.39897943
16.86375 1.2468784 -2.7459261 0.29782096 0.9268647 0.22852686 0.9327386 0.39848137
16.666092 1.0935476 -2.4663956 0.3087108 0.41134268 0.85761 0.35040003 0.9654165
16.82748 1.2187415 -2.5845387 0.3211157 0.3973006 0.8596726 0.34868094 0.9676326
16.666092 1.2468784 -2.5482686 0.2699528 0.45352688 0.84937555 0.34829462 0.9654165
16.945623 1.0935476 -2.7459261 0.8576091 0.41134602 0.30870894 0.96875346 0.2423656
16.82748 1.2187415 -2.5845387 0.85967314 0.3973033 0.32111093 0.9670344 0.24014948
16.86375 1.0935475 -2.5482686 0.8640533 0.35401416 0.357891 0.96875346 0.23965146
16.666092 0.5734391 -3.084511 0.26348883 -0.92797977 -0.2634908 0.9373879 0.46151072
16.82748 0.6650876 -3.245898 0.26348907 -0.9279797 -0.26349053 0.939604 0.46372685
16.86375 0.63695085 -3.084511 0.2978203 -0.92686456 -0.22852875 0.9373879 0.46422487
16.666092 0.79028165 -3.3640416 0.30871293 -0.4113451 -0.8576081 0.6625693 0.94288415
16.82748 0.6650876 -3.245898 0.32111666 -0.39730382 -0.85967076 0.6642884 0.940668
16.666092 0.63695085 -3.282169 0.26995862 -0.4535271 -0.8493737 0.66467476 0.94288415
16.945623 0.79028165 -3.084511 0.8576083 -0.41134664 -0.30870998 0.9729178 0.24701482
16.82748 0.6650876 -3.245898 0.8596712 -0.39730412 -0.3211151 0.97463685 0.24923094
16.86375 0.79028165 -3.282169 0.8640472 -0.35401526 -0.35790455 0.9729178 0.24972898
16.666092 1.3103901 -3.084511 0.2634889 0.92797965 -0.26349074 0.9373879 0.40119547
16.82748 1.2187415 -3.245898 0.26348916 0.9279797 -0.26349047 0.9396039 0.39897943
16.666092 1.2468784 -3.282169 0.22852556 0.9268651 -0.29782096 0.94010204 0.40119547
16.945623 1.0935476 -3.084511 0.8576088 0.4113467 -0.3087089 0.96875346 0.24701482
16.82748 1.2187415 -3.245898 0.85967267 0.39730456 -0.32111058 0.9670344 0.24923094
16.86375 1.2468784 -3.084511 0.8493705 0.4535326 -0.26995963 0.966648 0.24701482
16.666092 1.0935476 -3.3640416 0.30871242 0.41134366 -0.8576089 0.658405 0.94288415
16.82748 1.2187415 -3.245898 0.32111624 0.3973028 -0.8596715 0.6566859 0.940668
16.86375 1.0935475 -3.282169 0.3579009 0.35402015 -0.86404675 0.658405 0.94017
15.225154 0.5734391 -2.7459261 -0.305917 -0.9520582 -0 0.93273866 0.4417245
15.027496 0.63695085 -3.084511 -0.30591726 -0.95205814 -0 0.9373879 0.43901044
15.225154 0.5734391 -3.084511 -0.3059176 -0.952058 -0 0.9373879 0.4417245
15.027496 0.63695085 -2.7459261 -0.88212234 -0.4710204 -0 0.5388784 0.966743
14.945623 0.79028165 -3.084511 -0.88212234 -0.4710206 -0 0.5367729 0.9620937
15.027496 0.63695085 -3.084511 -0.88212216 -0.47102064 -0 0.5388784 0.9620937
15.225154 1.0935476 -2.4663956 -0.38268536 0 0.9238787 0.35040003 0.9456303
15.027496 0.79028165 -2.5482686 -0.38268647 0 0.9238784 0.35456434 0.94291615
15.225154 0.79028165 -2.4663956 -0.3826884 0 0.9238775 0.35456434 0.9456303
15.027496 1.0935475 -2.5482686 -0.92387754 0 0.3826882 0.5326086 0.9694571
14.945623 0.79028165 -2.7459261 -0.9238787 0 0.3826856 0.5367729 0.966743
15.027496 0.79028165 -2.5482686 -0.92388064 0 0.38268074 0.5367729 0.9694571
15.225154 1.3103901 -3.084511 -0.30591753 0.952058 0 0.9373879 0.42098168
15.027496 1.2468784 -2.7459261 -0.30591714 0.9520582 0 0.9327386 0.42369583
15.225154 1.3103901 -2.7459261 -0.3059167 0.9520583 0 0.9327386 0.42098168
15.027496 1.2468784 -3.084511 -0.8821224 0.4710205 0 0.53050315 0.9620937
14.945623 1.0935476 -2.7459261 -0.8821224 0.4710205 0 0.5326086 0.966743
15.027496 1.2468784 -2.7459261 -0.88212234 0.47102055 0 0.53050315 0.966743
15.225154 0.79028165 -3.3640416 -0.38268304 0 -0.9238798 0.6625693 0.9626703
15.027496 1.0935475 -3.282169 -0.382684 0 -0.9238794 0.658405 0.9653844
15.225154 1.0935476 -3.3640416 -0.38268572 0 -0.92387867 0.658405 0.9626703
15.027496 0.79028165 -3.282169 -0.92387956 0 -0.3826835 0.5367729 0.9593796
14.945623 1.0935476 -3.084511 -0.92387867 0 -0.38268554 0.5326086 0.9620937
15.027496 1.0935475 -3.282169 -0.9238772 0 -0.3826892 0.5326086 0.9593796
15.225154 0.5734391 -3.084511 0 -0.95205826 -0.30591702 0.9373879 0.4417245
16.666092 0.63695085 -3.282169 0 -0.9520585 -0.3059161 0.94010204 0.46151072
16.666092 0.5734391 -3.084511 0 -0.9520585 -0.305916 0.9373879 0.46151072
15.225154 0.63695085 -3.282169 0 -0.47101834 -0.8821234 0.66467476 0.9626703
16.666092 0.79028165 -3.3640416 0 -0.47101972 -0.8821228 0.6625693 0.94288415
16.666092 0.63695085 -3.282169 0 -0.4710198 -0.88212264 0.66467476 0.94288415
16.666092 1.3103901 -3.084511 0 0.9520585 -0.3059161 0.9373879 0.40119547
15.225154 1.2468784 -3.282169 0 0.95205826 -0.30591702 0.94010204 0.42098168
15.225154 1.3103901 -3.084511 0 0.95205826 -0.3059171 0.9373879 0.42098168
16.666092 1.2468784 -3.282169 0 0.47101972 -0.8821228 0.65629953 0.94288415
15.225154 1.0935476 -3.3640416 0 0.47101834 -0.8821234 0.658405 0.9626703
15.225154 1.2468784 -3.282169 0 0.47101825 -0.88212353 0.65629953 0.9626703
16.945623 0.79028165 -3.084511 0.92388064 0 -0.3826809 0.9729178 0.24701482
16.86375 1.0935475 -3.282169 0.9238775 0 -0.38268837 0.96875346 0.24972898
16.945623 1.0935476 -3.084511 0.92387193 0 -0.38270193 0.96875346 0.24701482
16.86375 1.0935475 -3.282169 0.38268146 0 -0.92388034 0.658405 0.94017
16.666092 0.79028165 -3.3640416 0.3826814 0 -0.9238804 0.6625693 0.94288415
16.666092 1.0935476 -3.3640416 0.3826816 0 -0.92388034 0.658405 0.94288415
16.666092 0.5734391 -3.084511 0.30591586 -0.9520587 0 0.9373879 0.46151072
16.86375 0.63695085 -2.7459261 0.30591595 -0.95205855 0 0.93273866 0.46422487
16.666092 0.5734391 -2.7459261 0.30591607 -0.95205855 0 0.93273866 0.46151072
16.86375 0.63695085 -3.084511 0.88212234 -0.4710206 0 0.9750232 0.24701482
16.945623 0.79028165 -2.7459261 0.88212234 -0.4710204 0 0.9729178 0.2423656
16.86375 0.63695085 -2.7459261 0.8821224 -0.47102028 0 0.9750232 0.2423656
16.666092 1.3103901 -2.7459261 0.3059162 0.95205843 0 0.9327386 0.40119547
16.86375 1.2468784 -3.084511 0.30591598 0.9520585 0 0.9373879 0.39848137
16.666092 1.3103901 -3.084511 0.3059157 0.9520586 0 0.9373879 0.40119547
16.86375 1.2468784 -2.7459261 0.88212234 0.47102034 0 0.966648 0.2423656
16.945623 1.0935476 -3.084511 0.8821222 0.47102064 0 0.96875346 0.24701482
16.86375 1.2468784 -3.084511 0.88212216 0.47102094 0 0.966648 0.24701482
16.666092 0.79028165 -2.4663956 0.38268295 0 0.9238798 0.35456434 0.9654165
16.86375 1.0935475 -2.5482686 0.38268277 0 0.9238799 0.35040003 0.96813065
16.666092 1.0935476 -2.4663956 0.38268244 0 0.9238799 0.35040003 0.9654165
16.86375 0.79028165 -2.5482686 0.923878 0 0.38268712 0.9729178 0.23965146
16.945623 1.0935476 -2.7459261 0.9238794 0 0.38268378 0.96875346 0.2423656
16.86375 1.0935475 -2.5482686 0.9238819 0 0.38267776 0.96875346 0.23965146
16.666092 0.5734391 -2.7459261 0 -0.9520583 0.30591658 0.93273866 0.46151072
15.225154 0.63695085 -2.5482686 0 -0.9520581 0.30591744 0.9300245 0.4417245
15.225154 0.5734391 -2.7459261 0 -0.952058 0.30591753 0.93273866 0.4417245
16.666092 0.63695085 -2.5482686 0 -0.47102115 0.8821219 0.3566698 0.9654165
15.225154 0.79028165 -2.4663956 0 -0.4710198 0.88212264 0.35456434 0.9456303
15.225154 0.63695085 -2.5482686 0 -0.47101974 0.8821227 0.3566698 0.9456303
15.225154 1.3103901 -2.7459261 0 0.9520581 0.30591744 0.9327386 0.42098168
16.666092 1.2468784 -2.5482686 0 0.9520583 0.30591658 0.9300245 0.40119547
16.666092 1.3103901 -2.7459261 0 0.9520584 0.3059165 0.9327386 0.40119547
15.225154 1.2468784 -2.5482686 0 0.4710198 0.88212264 0.34829462 0.9456303
16.666092 1.0935476 -2.4663956 0 0.47102115 0.8821219 0.35040003 0.9654165
16.666092 1.2468784 -2.5482686 0 0.4710213 0.88212186 0.34829462 0.9654165
16.666092 0.5734391 -3.084511 0 -1 0 0.9373879 0.46151072
15.225154 0.5734391 -2.7459261 0 -1 0 0.93273866 0.4417245
15.225154 0.5734391 -3.084511 0 -1 0 0.9373879 0.4417245
11.885635 0.3565966 -2.4663956 0 0 1 0.32596868 0.96485984
10.444697 0.05333072 -2.4663956 0 0 1 0.330133 0.9450737
11.885635 0.05333072 -2.4663956 0 0 1 0.330133 0.96485984
12.165167 0.3565966 -3.084511 1 0 0 0.9690459 0.6899654
12.165167 0.05333072 -2.7459261 1 0 0 0.97321016 0.68531615
12.165167 0.05333072 -3.084511 1 0 0 0.97321016 0.6899654
10.444697 0.5734391 -3.084511 0 1 0 0.9373879 0.5020399
11.885635 0.5734391 -2.7459261 0 1 0 0.9327386 0.4822537
11.885635 0.5734391 -3.084511 0 1 0 0.9373879 0.4822537
10.165167 0.3565966 -2.7459261 -1 0 0 0.96763307 0.015020676
10.165167 0.05333072 -3.084511 -1 0 0 0.97179735 0.010371396
10.165167 0.05333072 -2.7459261 -1 0 0 0.97179735 0.015020676
10.444697 0.3565966 -3.3640416 0 0 -1 0.009762755 0.96728754
11.885635 0.05333072 -3.3640416 0 0 -1 0.013927029 0.9475013
10.444697 0.05333072 -3.3640416 0 0 -1 0.013927029 0.96728754
10.444697 -0.16351175 -2.7459261 -0.26348996 -0.92797947 0.26349044 0.91112274 0.9110124
10.28331 -0.07186329 -2.5845387 -0.26349 -0.9279795 0.26349044 0.9089066 0.9087963
10.24704 -0.10000008 -2.7459261 -0.29782194 -0.92686415 0.22852798 0.91112274 0.9082983
10.444697 0.05333072 -2.4663956 -0.30871397 -0.4113453 0.8576076 0.330133 0.9450737
10.28331 -0.07186329 -2.5845387 -0.321118 -0.39730245 0.859671 0.33185208 0.94285756
10.444697 -0.10000008 -2.5482686 -0.2699577 -0.45353317 0.84937066 0.33223844 0.9450737
10.165167 0.05333072 -2.7459261 -0.8576078 -0.41134545 0.30871317 0.97179735 0.015020676
10.28331 -0.07186329 -2.5845387 -0.85967094 -0.39730245 0.32111782 0.97351646 0.017236792
10.24704 0.05333072 -2.5482686 -0.864048 -0.3540122 0.35790566 0.97179735 0.017734827
10.444697 0.3565966 -2.4663956 -0.30871397 0.41134605 0.85760725 0.3259687 0.9450737
10.28331 0.48179066 -2.5845387 -0.32111734 0.39730227 0.8596712 0.3242496 0.94285756
10.24704 0.3565966 -2.5482686 -0.3579015 0.35401 0.86405057 0.3259687 0.94235957
10.444697 0.5734391 -2.7459261 -0.2634901 0.92797995 0.26348883 0.9327386 0.5020399
10.28331 0.48179066 -2.5845387 -0.26349008 0.92797995 0.26348883 0.93052256 0.50425595
10.444697 0.5099274 -2.5482686 -0.22852448 0.92686564 0.2978199 0.9300245 0.5020399
10.165167 0.3565966 -2.7459261 -0.8576079 0.41134545 0.30871317 0.96763307 0.015020676
10.28331 0.48179066 -2.5845387 -0.85967106 0.39730236 0.32111767 0.96591395 0.017236792
10.24704 0.5099274 -2.7459261 -0.84937125 0.4535337 0.26995498 0.9655276 0.015020676
10.444697 -0.16351175 -3.084511 -0.2634905 -0.92797935 -0.26349023 0.915772 0.9110124
10.28331 -0.07186329 -3.245898 -0.26349056 -0.9279794 -0.26349023 0.91798806 0.9087963
10.444697 -0.10000008 -3.282169 -0.22852634 -0.92686564 -0.29781878 0.9184861 0.9110124
10.165167 0.05333072 -3.084511 -0.8576075 -0.4113463 -0.3087132 0.97179735 0.010371396
10.28331 -0.07186329 -3.245898 -0.85967046 -0.39730373 -0.32111752 0.97351646 0.00815534
10.24704 -0.10000008 -3.084511 -0.8493715 -0.453533 -0.26995575 0.9739028 0.010371396
10.444697 0.05333072 -3.3640416 -0.30871525 -0.4113462 -0.8576067 0.013927029 0.96728754
10.28331 -0.07186329 -3.245898 -0.32111818 -0.39730498 -0.85966974 0.015646137 0.9695036
10.24704 0.05333072 -3.282169 -0.35790107 -0.3540201 -0.86404663 0.013927029 0.97000164
10.444697 0.5734391 -3.084511 -0.2634907 0.92797977 -0.2634886 0.9373879 0.5020399
10.28331 0.48179066 -3.245898 -0.2634907 0.92797977 -0.26348856 0.9396039 0.50425595
10.24704 0.5099274 -3.084511 -0.29782254 0.9268646 -0.22852527 0.9373879 0.504754
10.444697 0.3565966 -3.3640416 -0.30871516 0.41134688 -0.85760635 0.009762755 0.96728754
10.28331 0.48179066 -3.245898 -0.3211175 0.39730483 -0.8596699 0.008043648 0.9695036
10.444697 0.5099274 -3.282169 -0.26996404 0.4535325 -0.84936893 0.007657296 0.96728754
10.165167 0.3565966 -3.084511 -0.8576075 0.4113463 -0.3087132 0.96763307 0.010371396
10.28331 0.48179066 -3.245898 -0.8596706 0.39730376 -0.32111746 0.96591395 0.00815534
10.24704 0.3565966 -3.282169 -0.8640474 0.35401502 -0.35790431 0.96763307 0.0076573035
11.885635 -0.16351175 -2.7459261 0.26348862 -0.92798024 0.26348925 0.91112274 0.93079865
12.047024 -0.07186329 -2.5845387 0.26348883 -0.9279802 0.26348898 0.9089066 0.93301475
11.885635 -0.10000008 -2.5482686 0.22852366 -0.9268653 0.29782158 0.9084086 0.93079865
12.165167 0.05333072 -2.7459261 0.8576078 -0.41134545 0.30871317 0.97321016 0.68531615
12.047024 -0.07186329 -2.5845387 0.85967094 -0.39730245 0.32111782 0.9749293 0.6831001
12.083294 -0.10000008 -2.7459261 0.8493713 -0.45353362 0.26995492 0.97531563 0.68531615
11.885635 0.05333072 -2.4663956 0.30871242 -0.41134614 0.8576078 0.330133 0.96485984
12.047024 -0.07186329 -2.5845387 0.32111636 -0.39730257 0.85967153 0.33185208 0.96707594
12.083294 0.05333072 -2.5482686 0.35790113 -0.35401183 0.86405003 0.330133 0.967574
11.885635 0.5734391 -2.7459261 0.26348856 0.92798024 0.26348925 0.9327386 0.4822537
12.047024 0.48179066 -2.5845387 0.2634888 0.9279802 0.263489 0.93052256 0.48003757
12.083294 0.5099274 -2.7459261 0.29782122 0.92686546 0.22852358 0.9327386 0.47953954
11.885635 0.3565966 -2.4663956 0.30871248 0.41134608 0.8576077 0.32596868 0.96485984
12.047024 0.48179066 -2.5845387 0.3211164 0.39730254 0.8596714 0.3242496 0.96707594
11.885635 0.5099274 -2.5482686 0.2699574 0.45353478 0.8493699 0.32386324 0.96485984
12.165167 0.3565966 -2.7459261 0.8576079 0.41134545 0.30871317 0.9690459 0.68531615
12.047024 0.48179066 -2.5845387 0.85967106 0.39730236 0.32111767 0.96732676 0.6831001
12.083294 0.3565966 -2.5482686 0.8640482 0.35401195 0.35790542 0.9690459 0.68260205
11.885635 -0.16351175 -3.084511 0.2634891 -0.9279801 -0.2634891 0.915772 0.93079865
12.047024 -0.07186329 -3.245898 0.26348934 -0.92798007 -0.26348883 0.91798806 0.93301475
12.083294 -0.10000008 -3.084511 0.2978202 -0.9268657 -0.22852387 0.915772 0.9335128
11.885635 0.05333072 -3.3640416 0.30871376 -0.41134718 -0.85760677 0.013927029 0.9475013
12.047024 -0.07186329 -3.245898 0.32111666 -0.3973047 -0.85967034 0.015646137 0.9452852
11.885635 -0.10000008 -3.282169 0.26996192 -0.4535326 -0.84936965 0.016032489 0.9475013
12.165167 0.05333072 -3.084511 0.8576075 -0.4113463 -0.3087132 0.97321016 0.6899654
12.047024 -0.07186329 -3.245898 0.85967046 -0.39730373 -0.32111752 0.9749293 0.6921816
12.083294 0.05333072 -3.282169 0.8640473 -0.3540152 -0.3579045 0.97321016 0.6926796
11.885635 0.5734391 -3.084511 0.26348916 0.92798007 -0.26348907 0.9373879 0.4822537
12.047024 0.48179066 -3.245898 0.2634894 0.92798007 -0.26348883 0.939604 0.48003757
11.885635 0.5099274 -3.282169 0.22852504 0.92686516 -0.297821 0.94010204 0.4822537
12.165167 0.3565966 -3.084511 0.8576075 0.4113463 -0.3087132 0.9690459 0.6899654
12.047024 0.48179066 -3.245898 0.8596706 0.39730376 -0.32111746 0.96732676 0.6921816
12.083294 0.5099274 -3.084511 0.8493713 0.45353305 -0.2699558 0.96694046 0.6899654
11.885635 0.3565966 -3.3640416 0.3087137 0.41134718 -0.85760677 0.009762755 0.9475013
12.047024 0.48179066 -3.245898 0.32111666 0.3973048 -0.8596704 0.008043648 0.9452852
12.083294 0.3565966 -3.282169 0.35789862 0.35401753 -0.8640487 0.009762755 0.94478714
10.444697 -0.16351175 -2.7459261 -0.3059167 -0.9520583 -0 0.91112274 0.9110124
10.24704 -0.10000008 -3.084511 -0.30591688 -0.95205826 -0 0.915772 0.9082983
10.444697 -0.16351175 -3.084511 -0.30591708 -0.95205826 -0 0.915772 0.9110124
10.24704 -0.10000008 -2.7459261 -0.88212234 -0.4710204 -0 0.9739028 0.015020676
10.165167 0.05333072 -3.084511 -0.88212234 -0.4710206 -0 0.97179735 0.010371396
10.24704 -0.10000008 -3.084511 -0.88212216 -0.47102064 -0 0.9739028 0.010371396
10.444697 0.3565966 -2.4663956 -0.3826842 0 0.92387927 0.3259687 0.9450737
10.24704 0.05333072 -2.5482686 -0.38268477 0 0.92387897 0.330133 0.94235957
10.444697 0.05333072 -2.4663956 -0.3826858 0 0.92387867 0.330133 0.9450737
10.24704 0.3565966 -2.5482686 -0.9238791 0 0.3826845 0.96763307 0.017734827
10.165167 0.05333072 -2.7459261 -0.92387974 0 0.38268316 0.97179735 0.015020676
10.24704 0.05333072 -2.5482686 -0.92388076 0 0.38268068 0.97179735 0.017734827
10.444697 0.5734391 -3.084511 -0.305917 0.9520582 0 0.9373879 0.5020399
10.24704 0.5099274 -2.7459261 -0.30591685 0.95205826 0 0.9327386 0.504754
10.444697 0.5734391 -2.7459261 -0.3059167 0.9520583 0 0.9327386 0.5020399
10.24704 0.5099274 -3.084511 -0.88212234 0.4710206 0 0.9655276 0.010371396
10.165167 0.3565966 -2.7459261 -0.88212234 0.4710204 0 0.96763307 0.015020676
10.24704 0.5099274 -2.7459261 -0.8821224 0.47102028 0 0.9655276 0.015020676
10.444697 0.05333072 -3.3640416 -0.38268232 0 -0.92388 0.013927029 0.96728754
10.24704 0.3565966 -3.282169 -0.38268292 0 -0.92387974 0.009762755 0.97000164
10.444697 0.3565966 -3.3640416 -0.38268393 0 -0.9238794 0.009762755 0.96728754
10.24704 0.05333072 -3.282169 -0.9238795 0 -0.38268372 0.97179735 0.0076573035
10.165167 0.3565966 -3.084511 -0.92388 0 -0.3826823 0.96763307 0.010371396
10.24704 0.3565966 -3.282169 -0.92388105 0 -0.38267988 0.96763307 0.0076573035
10.444697 -0.16351175 -3.084511 0 -0.9520584 -0.30591637 0.915772 0.9110124
11.885635 -0.10000008 -3.282169 0 -0.9520584 -0.30591637 0.9184861 0.93079865
11.885635 -0.16351175 -3.084511 0 -0.95205843 -0.30591637 0.915772 0.93079865
10.444697 -0.10000008 -3.282169 0 -0.4710186 -0.8821233 0.016032489 0.96728754
11.885635 0.05333072 -3.3640416 0 -0.471019 -0.88212305 0.013927029 0.9475013
11.885635 -0.10000008 -3.282169 0 -0.47101903 -0.88212305 0.016032489 0.9475013
11.885635 0.5734391 -3.084511 0 0.95205843 -0.30591643 0.9373879 0.4822537
10.444697 0.5099274 -3.282169 0 0.9520582 -0.30591702 0.94010204 0.5020399
10.444697 0.5734391 -3.084511 0 0.95205826 -0.3059171 0.9373879 0.5020399
11.885635 0.5099274 -3.282169 0 0.471019 -0.88212305 0.007657296 0.9475013
10.444697 0.3565966 -3.3640416 0 0.4710186 -0.8821233 0.009762755 0.96728754
10.444697 0.5099274 -3.282169 0 0.47101858 -0.8821233 0.007657296 0.96728754
12.165167 0.05333072 -3.084511 0.9238795 0 -0.38268372 0.97321016 0.6899654
12.083294 0.3565966 -3.282169 0.92388 0 -0.3826823 0.9690459 0.6926796
12.165167 0.3565966 -3.084511 0.92388105 0 -0.38267988 0.9690459 0.6899654
12.083294 0.05333072 -3.282169 0.38268128 0 -0.92388046 0.013927029 0.94478714
11.885635 0.3565966 -3.3640416 0.38268128 0 -0.92388046 0.009762755 0.9475013
12.083294 0.3565966 -3.282169 0.38268134 0 -0.92388046 0.009762755 0.94478714
11.885635 -0.16351175 -3.084511 0.30591553 -0.9520587 0 0.915772 0.93079865
12.083294 -0.10000008 -2.7459261 0.30591556 -0.9520587 0 0.91112274 0.9335128
11.885635 -0.16351175 -2.7459261 0.30591562 -0.9520587 0 0.91112274 0.93079865
12.083294 -0.10000008 -3.084511 0.88212234 -0.4710206 0 0.97531563 0.6899654
12.165167 0.05333072 -2.7459261 0.88212234 -0.4710204 0 0.97321016 0.68531615
12.083294 -0.10000008 -2.7459261 0.8821224 -0.47102028 0 0.97531563 0.68531615
11.885635 0.5734391 -2.7459261 0.30591574 0.9520587 0 0.9327386 0.4822537
12.083294 0.5099274 -3.084511 0.30591574 0.9520587 0 0.9373879 0.47953954
11.885635 0.5734391 -3.084511 0.3059157 0.9520586 0 0.9373879 0.4822537
12.083294 0.5099274 -2.7459261 0.88212234 0.4710204 0 0.96694046 0.68531615
12.165167 0.3565966 -3.084511 0.88212234 0.4710206 0 0.9690459 0.6899654
12.083294 0.5099274 -3.084511 0.88212216 0.47102064 0 0.96694046 0.6899654
11.885635 0.05333072 -2.4663956 0.38268325 0 0.92387974 0.330133 0.96485984
12.083294 0.3565966 -2.5482686 0.38268325 0 0.92387974 0.32596868 0.967574
11.885635 0.3565966 -2.4663956 0.38268322 0 0.9238796 0.32596868 0.96485984
12.083294 0.05333072 -2.5482686 0.92387974 0 0.38268316 0.97321016 0.68260205
12.165167 0.3565966 -2.7459261 0.9238791 0 0.3826845 0.9690459 0.68531615
12.083294 0.3565966 -2.5482686 0.9238781 0 0.38268697 0.9690459 0.68260205
11.885635 -0.16351175 -2.7459261 0 -0.95205826 0.30591685 0.91112274 0.93079865
10.444697 -0.10000008 -2.5482686 0 -0.95205826 0.30591685 0.9084086 0.9110124
10.444697 -0.16351175 -2.7459261 0 -0.9520583 0.30591685 0.91112274 0.9110124
11.885635 -0.10000008 -2.5482686 0 -0.47102046 0.8821223 0.33223844 0.96485984
10.444697 0.05333072 -2.4663956 0 -0.47102013 0.8821225 0.330133 0.9450737
10.444697 -0.10000008 -2.5482686 0 -0.4710201 0.8821225 0.33223844 0.9450737
10.444697 0.5734391 -2.7459261 0 0.9520581 0.30591747 0.9327386 0.5020399
11.885635 0.5099274 -2.5482686 0 0.95205826 0.30591688 0.9300245 0.4822537
11.885635 0.5734391 -2.7459261 0 0.9520583 0.30591685 0.9327386 0.4822537
10.444697 0.5099274 -2.5482686 0 0.47102013 0.8821225 0.32386324 0.9450737
11.885635 0.3565966 -2.4663956 0 0.47102046 0.8821223 0.32596868 0.96485984
11.885635 0.5099274 -2.5482686 0 0.4710205 0.88212234 0.32386324 0.96485984
11.885635 -0.16351175 -3.084511 0 -1 0 0.915772 0.93079865
10.444697 -0.16351175 -2.7459261 0 -1 0 0.91112274 0.9110124
10.444697 -0.16351175 -3.084511 0 -1 0 0.915772 0.9110124
11.885635 1.0935476 -2.4663956 0 0 1 0.68826795 0.9626703
10.444697 0.79028165 -2.4663956 0 0 1 0.6924323 0.94288415
11.885635 0.79028165 -2.4663956 0 0 1 0.6924323 0.9626703
12.165167 1.0935476 -3.084511 1 0 0 0.967633 0.040412806
12.165167 0.79028165 -2.7459261 1 0 0 0.9717973 0.035763588
12.165167 0.79028165 -3.084511 1 0 0 0.9717973 0.040412806
10.444697 1.3103901 -3.084511 0 1 0 0.7409717 0.94027746
11.885635 1.3103901 -2.7459261 0 1 0 0.7363224 0.9204913
11.885635 1.3103901 -3.084511 0 1 0 0.7409717 0.9204913
10.165167 1.0935476 -2.7459261 -1 0 0 0.9682935 0.6269302
10.165167 0.79028165 -3.084511 -1 0 0 0.97245777 0.6222809
10.165167 0.79028165 -2.7459261 -1 0 0 0.97245777 0.6269302
10.444697 1.0935476 -3.3640416 0 0 -1 0.96559495 0.33992353
11.885635 0.79028165 -3.3640416 0 0 -1 0.9697592 0.32013732
10.444697 0.79028165 -3.3640416 0 0 -1 0.9697592 0.33992353
10.444697 0.5734391 -2.7459261 -0.26349014 -0.92797995 0.26348883 0.7617146 0.9204913
10.28331 0.6650876 -2.5845387 -0.2634901 -0.92797995 0.26348883 0.7594984 0.91827524
10.24704 0.63695085 -2.7459261 -0.29782262 -0.9268647 0.22852467 0.7617146 0.91777724
10.444697 0.79028165 -2.4663956 -0.30871382 -0.41134605 0.85760725 0.6924323 0.94288415
10.28331 0.6650876 -2.5845387 -0.32111725 -0.3973023 0.85967124 0.69415134 0.940668
10.444697 0.63695085 -2.5482686 -0.26995915 -0.4535364 0.8493685 0.6945377 0.94288415
10.165167 0.79028165 -2.7459261 -0.8576078 -0.41134545 0.30871314 0.97245777 0.6269302
10.28331 0.6650876 -2.5845387 -0.8596711 -0.39730242 0.32111776 0.9741768 0.6291463
10.24704 0.79028165 -2.5482686 -0.8640482 -0.35401207 0.35790554 0.97245777 0.62964433
10.444697 1.0935476 -2.4663956 -0.30871418 0.4113458 0.85760736 0.68826795 0.94288415
10.28331 1.2187415 -2.5845387 -0.3211181 0.39730278 0.8596707 0.6865489 0.940668
10.24704 1.0935475 -2.5482686 -0.35790372 0.35401258 0.8640486 0.68826795 0.94017
10.444697 1.3103901 -2.7459261 -0.26349062 0.9279798 0.26348877 0.7363224 0.94027746
10.28331 1.2187415 -2.5845387 -0.26349062 0.9279797 0.26348877 0.7341063 0.94249356
10.444697 1.2468784 -2.5482686 -0.22852571 0.92686594 0.29781824 0.73360825 0.94027746
10.165167 1.0935476 -2.7459261 -0.8576074 0.41134542 0.30871427 0.9682935 0.6269302
10.28331 1.2187415 -2.5845387 -0.8596707 0.39730233 0.3211186 0.9665744 0.6291463
10.24704 1.2468784 -2.7459261 -0.8493706 0.45353368 0.269957 0.966188 0.6269302
10.444697 0.5734391 -3.084511 -0.26349053 -0.9279799 -0.26348865 0.76636386 0.9204913
10.28331 0.6650876 -3.245898 -0.2634905 -0.9279798 -0.26348856 0.7685799 0.91827524
10.444697 0.63695085 -3.282169 -0.2285256 -0.9268657 -0.2978188 0.76907796 0.9204913
10.165167 0.79028165 -3.084511 -0.8576075 -0.41134626 -0.3087132 0.97245777 0.6222809
10.28331 0.6650876 -3.245898 -0.8596705 -0.39730376 -0.32111752 0.9741768 0.62006485
10.24704 0.63695085 -3.084511 -0.8493715 -0.45353287 -0.2699557 0.9745632 0.6222809
10.444697 0.79028165 -3.3640416 -0.30871522 -0.41134694 -0.85760635 0.9697592 0.33992353
10.28331 0.6650876 -3.245898 -0.3211175 -0.3973049 -0.85967004 0.97147834 0.34213957
10.24704 0.79028165 -3.282169 -0.3578984 -0.3540176 -0.8640488 0.9697592 0.34263763
10.444697 1.3103901 -3.084511 -0.26349056 0.9279799 -0.26348865 0.7409717 0.94027746
10.28331 1.2187415 -3.245898 -0.2634906 0.9279799 -0.26348862 0.7431878 0.94249356
10.24704 1.2468784 -3.084511 -0.29782164 0.92686445 -0.22852698 0.7409717 0.9429916
10.444697 1.0935476 -3.3640416 -0.30871582 0.41134667 -0.85760635 0.96559495 0.33992353
10.28331 1.2187415 -3.245898 -0.32111853 0.39730522 -0.8596694 0.96387583 0.34213957
10.444697 1.2468784 -3.282169 -0.2699635 0.45353013 -0.84937054 0.9634895 0.33992353
10.165167 1.0935476 -3.084511 -0.8576071 0.41134605 -0.3087142 0.9682935 0.6222809
10.28331 1.2187415 -3.245898 -0.8596703 0.39730358 -0.32111824 0.9665744 0.62006485
10.24704 1.0935475 -3.282169 -0.8640474 0.35401502 -0.35790434 0.9682935 0.6195668
11.885635 0.5734391 -2.7459261 0.26348865 -0.92798024 0.26348925 0.7617146 0.9402775
12.047024 0.6650876 -2.5845387 0.26348886 -0.9279802 0.263489 0.7594984 0.9424936
11.885635 0.63695085 -2.5482686 0.22852325 -0.92686546 0.29782164 0.7590004 0.9402775
12.165167 0.79028165 -2.7459261 0.8576078 -0.41134545 0.30871314 0.9717973 0.035763588
12.047024 0.6650876 -2.5845387 0.8596711 -0.39730242 0.32111776 0.9735164 0.033547472
12.083294 0.63695085 -2.7459261 0.84937125 -0.4535337 0.26995498 0.97390276 0.035763588
11.885635 0.79028165 -2.4663956 0.30871233 -0.41134608 0.8576078 0.6924323 0.9626703
12.047024 0.6650876 -2.5845387 0.32111633 -0.39730257 0.8596714 0.69415134 0.96488637
12.083294 0.79028165 -2.5482686 0.3579013 -0.3540118 0.86405 0.6924323 0.9653844
11.885635 1.3103901 -2.7459261 0.26348907 0.9279799 0.26349005 0.7363224 0.9204913
12.047024 1.2187415 -2.5845387 0.2634893 0.9279799 0.26348978 0.7341063 0.9182752
12.083294 1.2468784 -2.7459261 0.29782107 0.92686504 0.22852522 0.7363224 0.9177772
11.885635 1.0935476 -2.4663956 0.3087124 0.41134608 0.8576078 0.68826795 0.9626703
12.047024 1.2187415 -2.5845387 0.32111624 0.39730254 0.8596715 0.6865489 0.96488637
11.885635 1.2468784 -2.5482686 0.2699575 0.45353478 0.8493699 0.68616253 0.9626703
12.165167 1.0935476 -2.7459261 0.857608 0.41134578 0.30871215 0.967633 0.035763588
12.047024 1.2187415 -2.5845387 0.85967124 0.39730266 0.321117 0.9659139 0.033547472
12.083294 1.0935475 -2.5482686 0.8640481 0.35401204 0.3579055 0.967633 0.033049434
11.885635 0.5734391 -3.084511 0.26348898 -0.9279801 -0.2634891 0.76636386 0.9402775
12.047024 0.6650876 -3.245898 0.26348925 -0.9279802 -0.2634889 0.7685799 0.9424936
12.083294 0.63695085 -3.084511 0.29782066 -0.92686564 -0.22852382 0.76636386 0.9429917
11.885635 0.79028165 -3.3640416 0.30871373 -0.41134715 -0.85760677 0.9697592 0.32013732
12.047024 0.6650876 -3.245898 0.32111663 -0.3973048 -0.8596704 0.97147834 0.31792122
11.885635 0.63695085 -3.282169 0.26996192 -0.45353267 -0.8493697 0.97186464 0.32013732
12.165167 0.79028165 -3.084511 0.8576075 -0.41134626 -0.3087132 0.9717973 0.040412806
12.047024 0.6650876 -3.245898 0.8596705 -0.39730376 -0.32111752 0.9735164 0.04262892
12.083294 0.79028165 -3.282169 0.8640472 -0.35401526 -0.35790455 0.9717973 0.04312696
11.885635 1.3103901 -3.084511 0.26348895 0.9279799 -0.2634899 0.7409717 0.9204913
12.047024 1.2187415 -3.245898 0.2634892 0.9279799 -0.26348963 0.7431878 0.9182752
11.885635 1.2468784 -3.282169 0.22852556 0.9268651 -0.29782096 0.7436858 0.9204913
12.165167 1.0935476 -3.084511 0.8576078 0.41134644 -0.3087121 0.967633 0.040412806
12.047024 1.2187415 -3.245898 0.85967076 0.39730382 -0.32111666 0.9659139 0.04262892
12.083294 1.2468784 -3.084511 0.8493718 0.45353332 -0.2699539 0.96552753 0.040412806
11.885635 1.0935476 -3.3640416 0.308714 0.41134715 -0.85760665 0.96559495 0.32013732
12.047024 1.2187415 -3.245898 0.3211168 0.39730477 -0.85967034 0.96387583 0.31792122
12.083294 1.0935475 -3.282169 0.35789827 0.35401762 -0.86404884 0.96559495 0.31742316
10.444697 0.5734391 -2.7459261 -0.305917 -0.9520582 -0 0.7617146 0.9204913
10.24704 0.63695085 -3.084511 -0.30591726 -0.95205814 -0 0.76636386 0.91777724
10.444697 0.5734391 -3.084511 -0.3059176 -0.952058 -0 0.76636386 0.9204913
10.24704 0.63695085 -2.7459261 -0.88212234 -0.4710204 -0 0.9745632 0.6269302
10.165167 0.79028165 -3.084511 -0.88212234 -0.4710206 -0 0.97245777 0.6222809
10.24704 0.63695085 -3.084511 -0.88212216 -0.47102064 -0 0.9745632 0.6222809
10.444697 1.0935476 -2.4663956 -0.38268536 0 0.9238787 0.68826795 0.94288415
10.24704 0.79028165 -2.5482686 -0.38268647 0 0.9238784 0.6924323 0.94017
10.444697 0.79028165 -2.4663956 -0.3826884 0 0.9238775 0.6924323 0.94288415
10.24704 1.0935475 -2.5482686 -0.92387974 0 0.38268307 0.9682935 0.62964433
10.165167 0.79028165 -2.7459261 -0.9238792 0 0.3826845 0.97245777 0.6269302
10.24704 0.79028165 -2.5482686 -0.9238781 0 0.38268706 0.97245777 0.62964433
10.444697 1.3103901 -3.084511 -0.30591753 0.952058 0 0.7409717 0.94027746
10.24704 1.2468784 -2.7459261 -0.30591714 0.9520582 0 0.7363224 0.9429916
10.444697 1.3103901 -2.7459261 -0.3059167 0.9520583 0 0.7363224 0.94027746
10.24704 1.2468784 -3.084511 -0.8821224 0.4710205 0 0.966188 0.6222809
10.165167 1.0935476 -2.7459261 -0.8821224 0.4710205 0 0.9682935 0.6269302
10.24704 1.2468784 -2.7459261 -0.88212234 0.47102055 0 0.966188 0.6269302
10.444697 0.79028165 -3.3640416 -0.38268363 0 -0.9238795 0.9697592 0.33992353
10.24704 1.0935475 -3.282169 -0.38268495 0 -0.923879 0.96559495 0.34263763
10.444697 1.0935476 -3.3640416 -0.38268733 0 -0.923878 0.96559495 0.33992353
10.24704 0.79028165 -3.282169 -0.9238799 0 -0.3826825 0.97245777 0.6195668
10.165167 1.0935476 -3.084511 -0.9238794 0 -0.38268408 0.9682935 0.6222809
10.24704 1.0935475 -3.282169 -0.9238782 0 -0.3826867 0.9682935 0.6195668
10.444697 0.5734391 -3.084511 0 -0.9520582 -0.30591702 0.76636386 0.9204913
11.885635 0.63695085 -3.282169 0 -0.95205843 -0.30591643 0.76907796 0.9402775
11.885635 0.5734391 -3.084511 0 -0.95205843 -0.30591637 0.76636386 0.9402775
10.444697 0.63695085 -3.282169 0 -0.4710186 -0.8821233 0.97186464 0.33992353
11.885635 0.79028165 -3.3640416 0 -0.471019 -0.88212305 0.9697592 0.32013732
11.885635 0.63695085 -3.282169 0 -0.47101903 -0.88212305 0.97186464 0.32013732
11.885635 1.3103901 -3.084511 0 0.95205843 -0.30591643 0.7409717 0.9204913
10.444697 1.2468784 -3.282169 0 0.9520582 -0.30591702 0.7436858 0.94027746
10.444697 1.3103901 -3.084511 0 0.95205826 -0.3059171 0.7409717 0.94027746
11.885635 1.2468784 -3.282169 0 0.471019 -0.88212305 0.9634895 0.32013732
10.444697 1.0935476 -3.3640416 0 0.4710186 -0.8821233 0.96559495 0.33992353
10.444697 1.2468784 -3.282169 0 0.47101858 -0.8821233 0.9634895 0.33992353
12.165167 0.79028165 -3.084511 0.9238785 0 -0.38268593 0.9717973 0.040412806
12.083294 1.0935475 -3.282169 0.9238786 0 -0.38268584 0.967633 0.04312696
12.165167 1.0935476 -3.084511 0.92387867 0 -0.3826855 0.967633 0.040412806
12.083294 0.79028165 -3.282169 0.38268146 0 -0.9238804 0.9697592 0.31742316
11.885635 1.0935476 -3.3640416 0.38268143 0 -0.92388034 0.96559495 0.32013732
12.083294 1.0935475 -3.282169 0.38268152 0 -0.9238804 0.96559495 0.31742316
11.885635 0.5734391 -3.084511 0.30591586 -0.9520587 0 0.76636386 0.9402775
12.083294 0.63695085 -2.7459261 0.30591595 -0.95205855 0 0.7617146 0.9429917
11.885635 0.5734391 -2.7459261 0.30591607 -0.95205855 0 0.7617146 0.9402775
12.083294 0.63695085 -3.084511 0.88212234 -0.4710206 0 0.97390276 0.040412806
12.165167 0.79028165 -2.7459261 0.88212234 -0.4710204 0 0.9717973 0.035763588
12.083294 0.63695085 -2.7459261 0.8821224 -0.47102028 0 0.97390276 0.035763588
11.885635 1.3103901 -2.7459261 0.3059162 0.95205843 0 0.7363224 0.9204913
12.083294 1.2468784 -3.084511 0.30591598 0.9520585 0 0.7409717 0.9177772
11.885635 1.3103901 -3.084511 0.3059157 0.9520586 0 0.7409717 0.9204913
12.083294 1.2468784 -2.7459261 0.88212234 0.47102034 0 0.96552753 0.035763588
12.165167 1.0935476 -3.084511 0.8821222 0.47102064 0 0.967633 0.040412806
12.083294 1.2468784 -3.084511 0.88212216 0.47102094 0 0.96552753 0.040412806
11.885635 0.79028165 -2.4663956 0.38268328 0 0.92387956 0.6924323 0.9626703
12.083294 1.0935475 -2.5482686 0.3826834 0 0.9238796 0.68826795 0.9653844
11.885635 1.0935476 -2.4663956 0.38268343 0 0.92387956 0.68826795 0.9626703
12.083294 0.79028165 -2.5482686 0.9238782 0 0.3826867 0.9717973 0.033049434
12.165167 1.0935476 -2.7459261 0.9238782 0 0.38268664 0.967633 0.035763588
12.083294 1.0935475 -2.5482686 0.92387825 0 0.3826865 0.967633 0.033049434
11.885635 0.5734391 -2.7459261 0 -0.95205826 0.30591688 0.7617146 0.9402775
10.444697 0.63695085 -2.5482686 0 -0.9520581 0.30591747 0.7590004 0.9204913
10.444697 0.5734391 -2.7459261 0 -0.952058 0.30591753 0.7617146 0.9204913
11.885635 0.63695085 -2.5482686 0 -0.47102046 0.8821223 0.6945377 0.9626703
10.444697 0.79028165 -2.4663956 0 -0.47102013 0.8821225 0.6924323 0.94288415
10.444697 0.63695085 -2.5482686 0 -0.4710201 0.8821225 0.6945377 0.94288415
10.444697 1.3103901 -2.7459261 0 0.9520581 0.30591747 0.7363224 0.94027746
11.885635 1.2468784 -2.5482686 0 0.95205826 0.30591688 0.73360825 0.9204913
11.885635 1.3103901 -2.7459261 0 0.9520583 0.30591685 0.7363224 0.9204913
10.444697 1.2468784 -2.5482686 0 0.47102013 0.8821225 0.68616253 0.94288415
11.885635 1.0935476 -2.4663956 0 0.47102046 0.8821223 0.68826795 0.9626703
11.885635 1.2468784 -2.5482686 0 0.4710205 0.88212234 0.68616253 0.9626703
11.885635 0.5734391 -3.084511 0 -1 0 0.76636386 0.9402775
10.444697 0.5734391 -2.7459261 0 -1 0 0.7617146 0.9204913
10.444697 0.5734391 -3.084511 0 -1 0 0.76636386 0.9204913
18.440197 0.3565966 -1.3783898 1 0 0 0.9446848 0.08555255
18.440197 0.05333078 0.06254816 1 0 0 0.94884914 0.06576635
18.440197 0.05333078 -1.3783898 1 0 0 0.94884914 0.08555255
17.822083 0.3565966 -1.6579213 0 0 -1 0.95151216 0.52874225
18.160667 0.05333078 -1.6579213 0 0 -1 0.95567644 0.524093
17.822083 0.05333078 -1.6579213 0 0 -1 0.95567644 0.52874225
17.822083 0.5734391 0.06254816 0 1 0 0.7871067 0.9204913
18.160667 0.5734391 -1.3783898 0 1 0 0.791756 0.9402775
17.822083 0.5734391 -1.3783898 0 1 0 0.7871067 0.9402775
18.160667 0.3565966 0.3420787 0 0 1 0.9446848 0.11094468
17.822083 0.05333078 0.3420787 0 0 1 0.94884914 0.10629542
18.160667 0.05333078 0.3420787 0 0 1 0.94884914 0.11094468
17.542551 0.3565966 0.06254816 -1 0 0 0.94506365 0.23675968
17.542551 0.05333078 -1.3783898 -1 0 0 0.949228 0.21697347
17.542551 0.05333078 0.06254816 -1 0 0 0.949228 0.23675968
18.160667 -0.1635117 0.06254816 0.26349145 -0.9279802 0.2634866 0.88573056 0.9114152
18.322054 -0.071863234 0.2239356 0.2634912 -0.9279801 0.26348683 0.8835145 0.9091991
18.160667 -0.100000024 0.26020575 0.22852679 -0.9268671 0.29781348 0.88573056 0.90870106
18.440197 0.05333078 0.06254816 0.8576074 -0.4113454 0.30871427 0.94884914 0.06576635
18.322054 -0.071863234 0.2239356 0.85966957 -0.3973021 0.3211223 0.9505682 0.063550234
18.358324 -0.100000024 0.06254816 0.84937406 -0.4535342 0.26994556 0.95095456 0.06576635
18.160667 0.05333078 0.3420787 0.30871615 -0.41134718 0.857606 0.94884914 0.11094468
18.322054 -0.071863234 0.2239356 0.32111934 -0.39730418 0.85966957 0.9505682 0.11316076
18.358324 0.05333078 0.26020575 0.35790393 -0.35401312 0.8640484 0.94884914 0.11365881
18.440197 0.3565966 0.06254816 0.85760766 0.4113452 0.3087142 0.9446848 0.06576635
18.322054 0.48179066 0.2239356 0.8596708 0.39730236 0.3211185 0.94296575 0.063550234
18.358324 0.3565966 0.26020575 0.8640479 0.35401273 0.3579054 0.9446848 0.06305219
18.160667 0.5734391 0.06254816 0.26349142 0.9279802 0.2634866 0.791756 0.9204913
18.322054 0.48179066 0.2239356 0.26349118 0.9279801 0.2634868 0.793972 0.91827524
18.358324 0.5099274 0.06254816 0.29782364 0.9268646 0.22852373 0.7944701 0.9204913
18.160667 0.3565966 0.3420787 0.30871558 0.41134766 0.8576059 0.9446848 0.11094468
18.322054 0.48179066 0.2239356 0.3211177 0.3973033 0.8596707 0.94296575 0.11316076
18.160667 0.5099274 0.26020575 0.2699641 0.45354095 0.8493644 0.9425794 0.11094468
17.822083 -0.1635117 0.06254816 -0.26348832 -0.9279798 0.2634908 0.89037985 0.9114152
17.660694 -0.071863234 0.2239356 -0.26348856 -0.9279798 0.26349053 0.89259595 0.9091991
17.624424 -0.100000024 0.06254816 -0.2978201 -0.9268642 0.22853003 0.89309394 0.9114152
17.822083 0.05333078 0.3420787 -0.3087135 -0.4113477 0.8576067 0.94884914 0.10629542
17.660694 -0.071863234 0.2239356 -0.32111773 -0.3973046 0.85967004 0.9505682 0.10407932
17.822083 -0.100000024 0.26020575 -0.26995742 -0.45353502 0.8493698 0.9509546 0.10629542
17.542551 0.05333078 0.06254816 -0.85760915 -0.41134602 0.3087089 0.949228 0.23675968
17.660694 -0.071863234 0.2239356 -0.8596719 -0.39730301 0.3211146 0.95094705 0.2389758
17.624424 0.05333078 0.26020575 -0.86404777 -0.35401288 0.35790557 0.949228 0.23947383
17.822083 0.5734391 0.06254816 -0.26348826 0.9279798 0.26349074 0.7871067 0.9204913
17.660694 0.48179066 0.2239356 -0.26348853 0.9279798 0.26349056 0.7848906 0.91827524
17.822083 0.5099274 0.26020575 -0.2285232 0.92686594 0.29781997 0.7871067 0.91777724
17.542551 0.3565966 0.06254816 -0.85760957 0.41134596 0.3087078 0.94506365 0.23675968
17.660694 0.48179066 0.2239356 -0.85967344 0.39730337 0.32111 0.9433446 0.2389758
17.624424 0.5099274 0.06254816 -0.8493712 0.45353281 0.269957 0.94295824 0.23675968
17.822083 0.3565966 0.3420787 -0.30871272 0.4113463 0.85760766 0.9446848 0.106295414
17.660694 0.48179066 0.2239356 -0.3211172 0.39730352 0.8596707 0.94296575 0.10407932
17.624424 0.3565966 0.26020575 -0.35790372 0.35401514 0.8640477 0.9446848 0.10358127
18.160667 -0.1635117 -1.3783898 0.26349145 -0.92798054 -0.26348516 0.88573056 0.9312014
18.322054 -0.071863234 -1.5397782 0.263491 -0.9279806 -0.26348564 0.8835145 0.9334175
18.358324 -0.100000024 -1.3783898 0.29782292 -0.9268644 -0.22852568 0.88301647 0.9312014
18.160667 0.05333078 -1.6579213 0.3087162 -0.41134676 -0.8576061 0.95567644 0.524093
18.322054 -0.071863234 -1.5397782 0.32111943 -0.39730394 -0.8596697 0.95739555 0.52187693
18.160667 -0.100000024 -1.5760484 0.26996148 -0.45353544 -0.84936833 0.9577819 0.524093
18.440197 0.05333078 -1.3783898 0.85760796 -0.41134566 -0.30871266 0.94884914 0.08555255
18.322054 -0.071863234 -1.5397782 0.85967004 -0.39730185 -0.32112092 0.9505682 0.08776861
18.358324 0.05333078 -1.5760484 0.86404335 -0.3540104 -0.35791868 0.94884914 0.0882667
18.160667 0.5734391 -1.3783898 0.2634915 0.9279806 -0.26348516 0.791756 0.9402775
18.322054 0.48179066 -1.5397782 0.263491 0.92798054 -0.26348558 0.793972 0.9424936
18.160667 0.5099274 -1.5760484 0.22852623 0.92686665 -0.29781532 0.791756 0.9429917
18.440197 0.3565966 -1.3783898 0.857608 0.41134536 -0.30871257 0.9446848 0.08555255
18.322054 0.48179066 -1.5397782 0.8596714 0.39730218 -0.32111722 0.94296575 0.08776861
18.358324 0.5099274 -1.3783898 0.84937155 0.4535329 -0.26995534 0.9425793 0.08555255
18.160667 0.3565966 -1.6579213 0.30871564 0.41134724 -0.8576061 0.95151216 0.524093
18.322054 0.48179066 -1.5397782 0.3211177 0.39730301 -0.8596707 0.94979304 0.52187693
18.358324 0.3565966 -1.5760484 0.3578988 0.3540081 -0.8640525 0.95151216 0.5213789
17.822083 -0.1635117 -1.3783898 -0.26348823 -0.92798036 -0.26348925 0.89037985 0.9312014
17.660694 -0.071863234 -1.5397782 -0.26348823 -0.92798036 -0.26348925 0.89259595 0.9334175
17.822083 -0.100000024 -1.5760484 -0.22852357 -0.9268669 -0.29781693 0.89037985 0.93391556
17.542551 0.05333078 -1.3783898 -0.85760957 -0.4113462 -0.30870727 0.949228 0.21697347
17.660694 -0.071863234 -1.5397782 -0.8596725 -0.39730284 -0.32111326 0.95094705 0.21475735
17.624424 -0.100000024 -1.3783898 -0.8493738 -0.45353428 -0.26994592 0.9513334 0.21697347
17.822083 0.05333078 -1.6579213 -0.3087135 -0.4113475 -0.85760665 0.95567644 0.52874225
17.660694 -0.071863234 -1.5397782 -0.3211178 -0.39730445 -0.85967016 0.95739555 0.53095835
17.624424 0.05333078 -1.5760484 -0.35790363 -0.35401508 -0.8640477 0.95567644 0.5314564
17.822083 0.5734391 -1.3783898 -0.26348823 0.9279803 -0.26348922 0.7871067 0.9402775
17.660694 0.48179066 -1.5397782 -0.26348826 0.92798036 -0.26348922 0.7848906 0.9424936
17.624424 0.5099274 -1.3783898 -0.29782012 0.92686504 -0.22852696 0.78439254 0.9402775
17.822083 0.3565966 -1.6579213 -0.30871272 0.4113461 -0.8576076 0.95151216 0.52874225
17.660694 0.48179066 -1.5397782 -0.3211172 0.39730337 -0.85967076 0.94979304 0.53095835
17.822083 0.5099274 -1.5760484 -0.26995596 0.45353243 -0.8493716 0.94940674 0.52874225
17.542551 0.3565966 -1.3783898 -0.85761 0.41134608 -0.30870613 0.94506365 0.21697347
17.660694 0.48179066 -1.5397782 -0.85967404 0.3973032 -0.32110876 0.9433446 0.21475735
17.624424 0.3565966 -1.5760484 -0.8640537 0.3540146 -0.35788962 0.94506365 0.21425933
18.160667 -0.1635117 0.06254816 0 -0.9520579 0.30591786 0.88573056 0.9114152
17.822083 -0.100000024 0.26020575 0 -0.95205796 0.30591786 0.89037985 0.90870106
17.822083 -0.1635117 0.06254816 0 -0.9520579 0.30591783 0.89037985 0.9114152
18.160667 -0.100000024 0.26020575 0 -0.47101948 0.88212293 0.9509546 0.11094468
17.822083 0.05333078 0.3420787 0 -0.47101948 0.88212293 0.94884914 0.10629542
17.822083 -0.100000024 0.26020575 0 -0.47101945 0.8821229 0.9509546 0.10629542
18.440197 0.3565966 0.06254816 0.9238775 0 0.3826884 0.9446848 0.06576635
18.358324 0.05333078 0.26020575 0.9238786 0 0.3826857 0.94884914 0.06305219
18.440197 0.05333078 0.06254816 0.92388064 0 0.38268074 0.94884914 0.06576635
18.358324 0.3565966 0.26020575 0.3826894 0 0.92387706 0.9446848 0.1136588
18.160667 0.05333078 0.3420787 0.3826872 0 0.92387795 0.94884914 0.11094468
18.358324 0.05333078 0.26020575 0.38268316 0 0.9238797 0.94884914 0.11365881
17.822083 0.5734391 0.06254816 0 0.9520579 0.3059179 0.7871067 0.9204913
18.160667 0.5099274 0.26020575 0 0.9520579 0.30591783 0.791756 0.91777724
18.160667 0.5734391 0.06254816 0 0.9520579 0.30591783 0.791756 0.9204913
17.822083 0.5099274 0.26020575 0 0.47101948 0.88212293 0.9425794 0.106295414
18.160667 0.3565966 0.3420787 0 0.47101948 0.88212293 0.9446848 0.11094468
18.160667 0.5099274 0.26020575 0 0.47101945 0.8821229 0.9425794 0.11094468
17.542551 0.05333078 0.06254816 -0.9238786 0 0.3826857 0.949228 0.23675968
17.624424 0.3565966 0.26020575 -0.9238775 0 0.3826884 0.94506365 0.23947383
17.542551 0.3565966 0.06254816 -0.92387545 0 0.38269326 0.94506365 0.23675968
17.624424 0.05333078 0.26020575 -0.3826863 0 0.92387843 0.94884914 0.10358127
17.822083 0.3565966 0.3420787 -0.38268515 0 0.9238789 0.9446848 0.106295414
17.624424 0.3565966 0.26020575 -0.38268307 0 0.9238797 0.9446848 0.10358127
17.822083 -0.1635117 0.06254816 -0.3059156 -0.9520587 -0 0.89037985 0.9114152
17.624424 -0.100000024 -1.3783898 -0.30591565 -0.9520586 -0 0.89309394 0.9312014
17.822083 -0.1635117 -1.3783898 -0.30591562 -0.9520587 -0 0.89037985 0.9312014
17.624424 -0.100000024 0.06254816 -0.8821224 -0.4710205 -0 0.9513334 0.23675968
17.542551 0.05333078 -1.3783898 -0.88212234 -0.47102037 -0 0.949228 0.21697347
17.624424 -0.100000024 -1.3783898 -0.88212234 -0.47102043 -0 0.9513334 0.21697347
17.822083 0.5734391 -1.3783898 -0.30591598 0.9520585 0 0.7871067 0.9402775
17.624424 0.5099274 0.06254816 -0.30591562 0.9520587 0 0.78439254 0.9204913
17.822083 0.5734391 0.06254816 -0.3059156 0.9520587 0 0.7871067 0.9204913
17.624424 0.5099274 -1.3783898 -0.8821223 0.47102055 0 0.94295824 0.21697347
17.542551 0.3565966 0.06254816 -0.88212234 0.47102043 0 0.94506365 0.23675968
17.624424 0.5099274 0.06254816 -0.88212234 0.47102043 0 0.94295824 0.23675968
17.822083 0.05333078 -1.6579213 -0.38268518 0 -0.9238789 0.95567644 0.52874225
17.624424 0.3565966 -1.5760484 -0.3826863 0 -0.92387843 0.95151216 0.5314564
17.822083 0.3565966 -1.6579213 -0.3826883 0 -0.92387754 0.95151216 0.52874225
17.624424 0.05333078 -1.5760484 -0.92387825 0 -0.38268682 0.949228 0.21425933
17.542551 0.3565966 -1.3783898 -0.9238793 0 -0.3826841 0.94506365 0.21697347
17.624424 0.3565966 -1.5760484 -0.92388135 0 -0.38267916 0.94506365 0.21425933
17.822083 -0.1635117 -1.3783898 0 -0.95205843 -0.3059165 0.89037985 0.9312014
18.160667 -0.100000024 -1.5760484 0 -0.95205843 -0.3059165 0.88573056 0.93391556
18.160667 -0.1635117 -1.3783898 0 -0.9520584 -0.3059165 0.88573056 0.9312014
17.822083 -0.100000024 -1.5760484 0 -0.47101924 -0.88212293 0.9577819 0.52874225
18.160667 0.05333078 -1.6579213 0 -0.47101924 -0.88212293 0.95567644 0.524093
18.160667 -0.100000024 -1.5760484 0 -0.47101924 -0.88212293 0.9577819 0.524093
18.160667 0.5734391 -1.3783898 0 0.9520583 -0.30591646 0.791756 0.9402775
17.822083 0.5099274 -1.5760484 0 0.9520583 -0.30591646 0.7871067 0.9429917
17.822083 0.5734391 -1.3783898 0 0.9520584 -0.3059165 0.7871067 0.9402775
18.160667 0.5099274 -1.5760484 0 0.47101924 -0.88212293 0.94940674 0.524093
17.822083 0.3565966 -1.6579213 0 0.47101924 -0.88212293 0.95151216 0.52874225
17.822083 0.5099274 -1.5760484 0 0.47101924 -0.88212293 0.94940674 0.52874225
18.440197 0.05333078 -1.3783898 0.92387825 0 -0.38268682 0.94884914 0.08555255
18.358324 0.3565966 -1.5760484 0.9238793 0 -0.3826841 0.9446848 0.0882667
18.440197 0.3565966 -1.3783898 0.92388135 0 -0.38267916 0.9446848 0.08555255
18.358324 0.05333078 -1.5760484 0.38268945 0 -0.92387706 0.95567644 0.5213789
18.160667 0.3565966 -1.6579213 0.3826872 0 -0.9238781 0.95151216 0.524093
18.358324 0.3565966 -1.5760484 0.38268307 0 -0.9238797 0.95151216 0.5213789
18.160667 -0.1635117 -1.3783898 0.3059183 -0.9520578 0 0.88573056 0.9312014
18.358324 -0.100000024 0.06254816 0.3059183 -0.9520578 0 0.88301647 0.9114152
18.160667 -0.1635117 0.06254816 0.3059183 -0.95205784 0 0.88573056 0.9114152
18.358324 -0.100000024 -1.3783898 0.8821224 -0.4710205 0 0.95095456 0.08555255
18.440197 0.05333078 0.06254816 0.88212234 -0.47102043 0 0.94884914 0.06576635
18.358324 -0.100000024 0.06254816 0.88212234 -0.47102046 0 0.95095456 0.06576635
18.160667 0.5734391 0.06254816 0.3059186 0.95205766 0 0.791756 0.9204913
18.358324 0.5099274 -1.3783898 0.30591834 0.9520578 0 0.7944701 0.9402775
18.160667 0.5734391 -1.3783898 0.3059183 0.9520578 0 0.791756 0.9402775
18.358324 0.5099274 0.06254816 0.8821223 0.47102058 0 0.9425793 0.06576635
18.440197 0.3565966 -1.3783898 0.88212234 0.47102037 0 0.9446848 0.08555255
18.358324 0.5099274 -1.3783898 0.88212234 0.47102037 0 0.9425793 0.08555255
17.822083 -0.1635117 -1.3783898 0 -1 0 0.89037985 0.9312014
18.160667 -0.1635117 0.06254816 0 -1 0 0.88573056 0.9114152
17.822083 -0.1635117 0.06254816 0 -1 0 0.89037985 0.9114152
18.440197 1.0935476 -1.3783898 1 0 0 0.9612983 0.9307986
18.440197 0.79028165 0.06254816 1 0 0 0.96546257 0.9110124
18.440197 0.79028165 -1.3783898 1 0 0 0.96546257 0.93079865
17.822083 1.0935476 -1.6579213 0 0 -1 0.9690459 0.6645733
18.160667 0.79028165 -1.6579213 0 0 -1 0.97321016 0.6599241
17.822083 0.79028165 -1.6579213 0 0 -1 0.97321016 0.6645733
17.822083 1.31039 0.06254816 0 1 0 0.93651485 0.91101235
18.160667 1.31039 -1.3783898 0 1 0 0.94116414 0.9307986
17.822083 1.31039 -1.3783898 0 1 0 0.93651485 0.9307986
18.160667 1.0935476 0.3420787 0 0 1 0.9690525 0.7453501
17.822083 0.79028165 0.3420787 0 0 1 0.9732167 0.74070084
18.160667 0.79028165 0.3420787 0 0 1 0.9732167 0.7453501
17.542551 1.0935476 0.06254816 -1 0 0 0.9575221 0.4615108
17.542551 0.79028165 -1.3783898 -1 0 0 0.96168643 0.4417246
17.542551 0.79028165 0.06254816 -1 0 0 0.96168643 0.4615108
18.160667 0.5734391 0.06254816 0.26349148 -0.9279802 0.2634866 0.53321725 0.92156464
18.322054 0.6650876 0.2239356 0.26349124 -0.9279801 0.2634868 0.53100115 0.9193485
18.160667 0.63695085 0.26020575 0.22852607 -0.9268663 0.29781666 0.53321725 0.9188505
18.440197 0.79028165 0.06254816 0.85760766 -0.4113452 0.3087142 0.96546257 0.9110124
18.322054 0.6650876 0.2239356 0.8596708 -0.39730236 0.3211185 0.9671816 0.9087963
18.358324 0.63695085 0.06254816 0.8493712 -0.45353281 0.269957 0.96756804 0.9110124
18.160667 0.79028165 0.3420787 0.30871543 -0.41134772 0.857606 0.9732167 0.7453501
18.322054 0.6650876 0.2239356 0.32111758 -0.39730328 0.85967064 0.9749359 0.7475662
18.358324 0.79028165 0.26020575 0.35789892 -0.354008 0.86405253 0.9732167 0.7480643
18.440197 1.0935476 0.06254816 0.85760885 0.4113457 0.3087099 0.9612983 0.9110124
18.322054 1.2187414 0.2239356 0.85967183 0.39730287 0.32111534 0.95957917 0.9087963
18.358324 1.0935473 0.26020575 0.8640478 0.3540128 0.35790548 0.9612983 0.9082983
18.160667 1.31039 0.06254816 0.26349133 0.9279788 0.26349142 0.94116414 0.91101235
18.322054 1.2187414 0.2239356 0.26349112 0.9279789 0.26349163 0.94338024 0.90879625
18.358324 1.2468784 0.06254816 0.2978224 0.92686343 0.22853036 0.94387823 0.91101235
18.160667 1.0935476 0.3420787 0.30871534 0.4113468 0.8576065 0.9690525 0.7453501
18.322054 1.2187414 0.2239356 0.32111767 0.3973026 0.859671 0.9673334 0.7475662
18.160667 1.2468784 0.26020575 0.26996312 0.45353946 0.8493657 0.966947 0.7453501
17.822083 0.5734391 0.06254816 -0.26348832 -0.9279798 0.26349077 0.53786653 0.92156464
17.660694 0.6650876 0.2239356 -0.26348856 -0.9279798 0.26349056 0.54008263 0.9193485
17.624424 0.63695085 0.06254816 -0.29782066 -0.92686445 0.22852837 0.54058063 0.92156464
17.822083 0.79028165 0.3420787 -0.30871257 -0.41134632 0.8576076 0.9732167 0.74070084
17.660694 0.6650876 0.2239356 -0.3211171 -0.39730352 0.8596707 0.9749359 0.7384848
17.822083 0.63695085 0.26020575 -0.2699556 -0.4535327 0.84937155 0.9753222 0.74070084
17.542551 0.79028165 0.06254816 -0.85760957 -0.41134596 0.3087078 0.96168643 0.4615108
17.660694 0.6650876 0.2239356 -0.85967344 -0.3973034 0.32111004 0.9634055 0.46372688
17.624424 0.79028165 0.26020575 -0.864053 -0.3540148 0.35789087 0.96168643 0.46422493
17.822083 1.31039 0.06254816 -0.26348877 0.9279805 0.26348826 0.93651485 0.91101235
17.660694 1.2187414 0.2239356 -0.263489 0.92798036 0.26348802 0.93429875 0.90879625
17.822083 1.2468784 0.26020575 -0.22852428 0.9268647 0.297823 0.93651485 0.90829825
17.542551 1.0935476 0.06254816 -0.8576105 0.41134638 0.30870456 0.9575221 0.4615108
17.660694 1.2187414 0.2239356 -0.85967416 0.39730376 0.32110766 0.95580304 0.46372688
17.624424 1.2468784 0.06254816 -0.8493727 0.45353335 0.26995116 0.9554166 0.4615108
17.822083 1.0935476 0.3420787 -0.30871236 0.41134676 0.8576075 0.9690525 0.74070084
17.660694 1.2187414 0.2239356 -0.32111588 0.3973026 0.8596717 0.9673334 0.7384848
17.624424 1.0935473 0.26020575 -0.35789934 0.35400996 0.86405164 0.9690525 0.73798674
18.160667 0.5734391 -1.3783898 0.26349154 -0.9279806 -0.26348513 0.53321725 0.9413508
18.322054 0.6650876 -1.5397782 0.2634911 -0.9279806 -0.2634856 0.53100115 0.94356686
18.358324 0.63695085 -1.3783898 0.2978236 -0.9268649 -0.22852235 0.53050315 0.9413508
18.160667 0.79028165 -1.6579213 0.30871552 -0.41134733 -0.8576062 0.97321016 0.6599241
18.322054 0.6650876 -1.5397782 0.3211176 -0.39730304 -0.85967076 0.9749293 0.657708
18.160667 0.63695085 -1.5760484 0.2699639 -0.45354027 -0.849365 0.97531563 0.6599241
18.440197 0.79028165 -1.3783898 0.85760814 -0.41134533 -0.30871248 0.96546257 0.93079865
18.322054 0.6650876 -1.5397782 0.8596715 -0.39730212 -0.3211171 0.9671816 0.9330147
18.358324 0.79028165 -1.5760484 0.8640488 -0.35401222 -0.35790387 0.96546257 0.93351275
18.160667 1.31039 -1.3783898 0.2634914 0.9279793 -0.26348996 0.94116414 0.9307986
18.322054 1.2187414 -1.5397782 0.2634909 0.92797923 -0.2634904 0.94338024 0.93301463
18.160667 1.2468784 -1.5760484 0.22852693 0.9268655 -0.29781842 0.94116414 0.9335127
18.440197 1.0935476 -1.3783898 0.85760933 0.41134596 -0.30870828 0.9612983 0.9307986
18.322054 1.2187414 -1.5397782 0.85967237 0.39730266 -0.321114 0.95957917 0.9330147
18.358324 1.2468784 -1.3783898 0.8493735 0.4535339 -0.26994774 0.9591928 0.9307986
18.160667 1.0935476 -1.6579213 0.3087154 0.41134638 -0.85760665 0.9690459 0.6599241
18.322054 1.2187414 -1.5397782 0.3211177 0.3973023 -0.85967106 0.96732676 0.657708
18.358324 1.0935473 -1.5760484 0.35789964 0.35400805 -0.8640523 0.9690459 0.65720993
17.822083 0.5734391 -1.3783898 -0.2634883 -0.92798024 -0.26348922 0.53786653 0.9413508
17.660694 0.6650876 -1.5397782 -0.26348826 -0.92798024 -0.26348922 0.54008263 0.94356686
17.822083 0.63695085 -1.5760484 -0.22852308 -0.9268664 -0.29781854 0.53786653 0.9440649
17.542551 0.79028165 -1.3783898 -0.85761005 -0.41134608 -0.30870607 0.96168643 0.4417246
17.660694 0.6650876 -1.5397782 -0.85967416 -0.3973032 -0.32110864 0.9634055 0.4395085
17.624424 0.63695085 -1.3783898 -0.84937143 -0.4535331 -0.26995546 0.96379185 0.4417246
17.822083 0.79028165 -1.6579213 -0.3087126 -0.41134614 -0.8576077 0.97321016 0.6645733
17.660694 0.6650876 -1.5397782 -0.3211171 -0.39730337 -0.85967076 0.9749293 0.6667894
17.624424 0.79028165 -1.5760484 -0.35790384 -0.35401505 -0.8640476 0.97321016 0.66728747
17.822083 1.31039 -1.3783898 -0.26348877 0.92798096 -0.26348674 0.93651485 0.9307986
17.660694 1.2187414 -1.5397782 -0.26348874 0.92798096 -0.26348674 0.93429875 0.93301463
17.624424 1.2468784 -1.3783898 -0.2978203 0.926867 -0.22851878 0.93380076 0.9307986
17.822083 1.0935476 -1.6579213 -0.3087124 0.41134658 -0.85760754 0.9690459 0.6645733
17.660694 1.2187414 -1.5397782 -0.3211159 0.39730245 -0.85967165 0.96732676 0.6667894
17.822083 1.2468784 -1.5760484 -0.2699587 0.4535372 -0.8493683 0.9669404 0.6645733
17.542551 1.0935476 -1.3783898 -0.85761094 0.41134652 -0.30870292 0.9575221 0.4417246
17.660694 1.2187414 -1.5397782 -0.8596748 0.39730358 -0.3211063 0.95580304 0.4395085
17.624424 1.0935473 -1.5760484 -0.8640537 0.35401458 -0.35788956 0.9575221 0.43901044
18.160667 0.5734391 0.06254816 0 -0.9520579 0.3059179 0.53321725 0.92156464
17.822083 0.63695085 0.26020575 0 -0.9520579 0.30591783 0.53786653 0.9188505
17.822083 0.5734391 0.06254816 0 -0.9520579 0.30591783 0.53786653 0.92156464
18.160667 0.63695085 0.26020575 0 -0.47101948 0.88212293 0.9753222 0.7453501
17.822083 0.79028165 0.3420787 0 -0.47101948 0.88212293 0.9732167 0.74070084
17.822083 0.63695085 0.26020575 0 -0.47101945 0.8821229 0.9753222 0.74070084
18.440197 0.79028165 0.06254816 0.9238799 0 0.3826826 0.96546257 0.9110124
18.358324 1.0935473 0.26020575 0.9238824 0 0.38267648 0.9612983 0.9082983
18.358324 0.79028165 0.26020575 0.9238754 0 0.3826935 0.96546257 0.9082983
18.358324 1.0935473 0.26020575 0.38268632 0 0.9238784 0.9690525 0.7480643
18.160667 0.79028165 0.3420787 0.38268515 0 0.9238789 0.9732167 0.7453501
18.358324 0.79028165 0.26020575 0.382683 0 0.92387974 0.9732167 0.7480643
17.822083 1.31039 0.06254816 0 0.95205826 0.30591682 0.93651485 0.91101235
18.160667 1.2468784 0.26020575 0 0.95205855 0.30591586 0.94116414 0.90829825
18.160667 1.31039 0.06254816 0 0.9520589 0.3059148 0.94116414 0.91101235
17.822083 1.2468784 0.26020575 0 0.47101948 0.88212293 0.966947 0.74070084
18.160667 1.0935476 0.3420787 0 0.47101948 0.88212293 0.9690525 0.7453501
18.160667 1.2468784 0.26020575 0 0.47101945 0.8821229 0.966947 0.7453501
17.542551 0.79028165 0.06254816 -0.92388016 0 0.38268194 0.96168643 0.4615108
17.624424 1.0935473 0.26020575 -0.923877 0 0.3826895 0.9575221 0.46422493
17.542551 1.0935476 0.06254816 -0.92387146 0 0.38270313 0.9575221 0.4615108
17.624424 1.0935473 0.26020575 -0.38268313 0 0.9238797 0.9690525 0.73798674
17.822083 0.79028165 0.3420787 -0.38268313 0 0.92387974 0.9732167 0.74070084
17.822083 1.0935476 0.3420787 -0.38268325 0 0.92387974 0.9690525 0.74070084
17.822083 0.5734391 0.06254816 -0.30591598 -0.9520585 -0 0.53786653 0.92156464
17.624424 0.63695085 -1.3783898 -0.305916 -0.9520585 -0 0.54058063 0.9413508
17.822083 0.5734391 -1.3783898 -0.305916 -0.95205855 -0 0.53786653 0.9413508
17.624424 0.63695085 0.06254816 -0.8821223 -0.47102058 -0 0.96379185 0.4615108
17.542551 0.79028165 -1.3783898 -0.88212234 -0.47102037 -0 0.96168643 0.4417246
17.624424 0.63695085 -1.3783898 -0.88212234 -0.47102037 -0 0.96379185 0.4417246
17.822083 1.31039 -1.3783898 -0.30591527 0.9520588 0 0.93651485 0.9307986
17.624424 1.2468784 0.06254816 -0.30591527 0.9520588 0 0.93380076 0.91101235
17.822083 1.31039 0.06254816 -0.30591527 0.95205885 0 0.93651485 0.91101235
17.624424 1.2468784 -1.3783898 -0.8821223 0.47102055 0 0.9554166 0.4417246
17.542551 1.0935476 0.06254816 -0.8821224 0.4710202 0 0.9575221 0.4615108
17.624424 1.2468784 0.06254816 -0.8821225 0.47102022 0 0.9554166 0.4615108
17.822083 0.79028165 -1.6579213 -0.3826828 0 -0.9238798 0.97321016 0.6645733
17.624424 1.0935473 -1.5760484 -0.38268265 0 -0.9238798 0.9690459 0.66728747
17.822083 1.0935476 -1.6579213 -0.3826825 0 -0.92388 0.9690459 0.6645733
17.624424 1.0935473 -1.5760484 -0.923877 0 -0.3826896 0.9575221 0.43901044
17.542551 0.79028165 -1.3783898 -0.9238804 0 -0.38268137 0.96168643 0.4417246
17.542551 1.0935476 -1.3783898 -0.923871 0 -0.38270426 0.9575221 0.4417246
17.822083 0.5734391 -1.3783898 0 -0.9520583 -0.30591646 0.53786653 0.9413508
18.160667 0.63695085 -1.5760484 0 -0.9520583 -0.30591646 0.53321725 0.9440649
18.160667 0.5734391 -1.3783898 0 -0.9520584 -0.3059165 0.53321725 0.9413508
17.822083 0.63695085 -1.5760484 0 -0.47101924 -0.88212293 0.97531563 0.6645733
18.160667 0.79028165 -1.6579213 0 -0.47101924 -0.88212293 0.97321016 0.6599241
18.160667 0.63695085 -1.5760484 0 -0.47101924 -0.88212293 0.97531563 0.6599241
18.160667 1.31039 -1.3783898 0 0.95205903 -0.3059145 0.94116414 0.9307986
17.822083 1.2468784 -1.5760484 0 0.95205873 -0.30591542 0.93651485 0.9335127
17.822083 1.31039 -1.3783898 0 0.9520584 -0.3059165 0.93651485 0.9307986
18.160667 1.2468784 -1.5760484 0 0.47101924 -0.88212293 0.9669404 0.6599241
17.822083 1.0935476 -1.6579213 0 0.47101924 -0.88212293 0.9690459 0.6645733
17.822083 1.2468784 -1.5760484 0 0.47101924 -0.88212293 0.9669404 0.6645733
18.440197 0.79028165 -1.3783898 0.92388064 0 -0.38268104 0.96546257 0.93079865
18.358324 1.0935473 -1.5760484 0.9238831 0 -0.382675 0.9612983 0.93351275
18.440197 1.0935476 -1.3783898 0.92388755 0 -0.3826641 0.9612983 0.9307986
18.358324 1.0935473 -1.5760484 0.38268632 0 -0.9238784 0.9690459 0.65720993
18.160667 0.79028165 -1.6579213 0.38268515 0 -0.9238789 0.97321016 0.6599241
18.160667 1.0935476 -1.6579213 0.38268846 0 -0.92387754 0.9690459 0.6599241
18.160667 0.5734391 -1.3783898 0.30591866 -0.95205766 0 0.53321725 0.9413508
18.358324 0.63695085 0.06254816 0.30591866 -0.95205766 0 0.53050315 0.92156464
18.160667 0.5734391 0.06254816 0.30591866 -0.9520577 0 0.53321725 0.92156464
18.358324 0.63695085 -1.3783898 0.8821223 -0.47102055 0 0.967568 0.93079865
18.440197 0.79028165 0.06254816 0.88212234 -0.47102043 0 0.96546257 0.9110124
18.358324 0.63695085 0.06254816 0.88212234 -0.47102043 0 0.96756804 0.9110124
18.160667 1.31039 0.06254816 0.30591792 0.9520579 0 0.94116414 0.91101235
18.358324 1.2468784 -1.3783898 0.30591792 0.9520579 0 0.94387823 0.9307986
18.160667 1.31039 -1.3783898 0.30591795 0.9520579 0 0.94116414 0.9307986
18.358324 1.2468784 0.06254816 0.8821223 0.47102058 0 0.9591928 0.9110124
18.440197 1.0935476 -1.3783898 0.88212246 0.4710202 0 0.9612983 0.9307986
18.358324 1.2468784 -1.3783898 0.88212246 0.47102016 0 0.9591928 0.9307986
17.822083 0.5734391 -1.3783898 0 -1 0 0.53786653 0.9413508
18.160667 0.5734391 0.06254816 0 -1 0 0.53321725 0.92156464
17.822083 0.5734391 0.06254816 0 -1 0 0.53786653 0.92156464
-1.5534912 0.3565966 -6.0723133 1 0 0 0.9450637 0.15421867
-1.5534912 0.05333078 -4.6313753 1 0 0 0.949228 0.13443246
-1.5534912 0.05333078 -6.0723133 1 0 0 0.949228 0.15421867
-2.1716056 0.3565966 -6.351845 0 0 -1 0.8326257 0.96155035
-1.8330208 0.05333078 -6.351845 0 0 -1 0.83679 0.95690113
-2.1716056 0.05333078 -6.351845 0 0 -1 0.83679 0.96155035
-2.1716056 0.5734391 -4.6313753 0 1 0 0.9408115 0.32013732
-1.8330208 0.5734391 -6.0723133 0 1 0 0.9454608 0.33992347
-2.1716056 0.5734391 -6.0723133 0 1 0 0.9408115 0.33992347
-1.8330208 0.3565966 -4.351845 0 0 1 0.786498 0.9656697
-2.1716056 0.05333078 -4.351845 0 0 1 0.7906623 0.96102047
-1.8330208 0.05333078 -4.351845 0 0 1 0.7906623 0.9656697
-2.451137 0.3565966 -4.6313753 -1 0 0 0.18263696 0.9692052
-2.451137 0.05333078 -6.0723133 -1 0 0 0.1868012 0.949419
-2.451137 0.05333078 -4.6313753 -1 0 0 0.1868012 0.9692052
-1.8330208 -0.1635117 -4.6313753 0.26349142 -0.9279792 0.26348996 0.50166255 0.9280272
-1.6716343 -0.071863234 -4.469988 0.26349115 -0.92797923 0.26349017 0.4994465 0.9258112
-1.8330208 -0.100000024 -4.4337177 0.22852644 -0.92686427 0.29782256 0.50166255 0.9253131
-1.5534912 0.05333078 -4.6313753 0.8576079 -0.41134456 0.30871388 0.949228 0.13443246
-1.6716343 -0.071863234 -4.469988 0.8596711 -0.39730242 0.32111755 0.9509471 0.13221635
-1.6353642 -0.100000024 -4.6313753 0.8493719 -0.4535303 0.26995867 0.95133346 0.13443246
-1.8330208 0.05333078 -4.351845 0.3087151 -0.41134503 0.8576074 0.7906623 0.9656697
-1.6716343 -0.071863234 -4.469988 0.32111865 -0.39730293 0.8596704 0.7923814 0.9678858
-1.6353642 0.05333078 -4.4337177 0.35790437 -0.35401455 0.8640475 0.7906623 0.96838385
-1.5534912 0.3565966 -4.6313753 0.8576081 0.41134462 0.30871356 0.9450637 0.13443246
-1.6716343 0.48179066 -4.469988 0.85967124 0.39730242 0.32111728 0.9433446 0.13221635
-1.6353642 0.3565966 -4.4337177 0.86404836 0.3540147 0.3579024 0.9450637 0.13171831
-1.8330208 0.5734391 -4.6313753 0.2634913 0.9279791 0.26349014 0.9454608 0.32013732
-1.6716343 0.48179066 -4.469988 0.26349112 0.9279791 0.26349038 0.94767684 0.31792122
-1.6353642 0.5099274 -4.6313753 0.29782352 0.9268645 0.22852449 0.9481749 0.32013732
-1.8330208 0.3565966 -4.351845 0.30871496 0.41134483 0.85760736 0.786498 0.9656697
-1.6716343 0.48179066 -4.469988 0.32111853 0.39730275 0.8596706 0.7847789 0.9678858
-1.8330208 0.5099274 -4.4337177 0.2699591 0.4535315 0.84937114 0.78439254 0.9656697
-2.1716056 -0.1635117 -4.6313753 -0.2634881 -0.9279803 0.26348916 0.50631183 0.9280272
-2.332994 -0.071863234 -4.469988 -0.26348835 -0.9279803 0.26348895 0.50852793 0.9258112
-2.3692641 -0.100000024 -4.6313753 -0.29782012 -0.9268658 0.22852357 0.509026 0.9280272
-2.1716056 0.05333078 -4.351845 -0.3087116 -0.41134524 0.85760844 0.7906623 0.96102047
-2.332994 -0.071863234 -4.469988 -0.3211156 -0.3973027 0.8596717 0.7923814 0.95880437
-2.1716056 -0.100000024 -4.4337177 -0.26995638 -0.453531 0.8493722 0.79276776 0.96102047
-2.451137 0.05333078 -4.6313753 -0.85760796 -0.4113446 0.30871397 0.1868012 0.9692052
-2.332994 -0.071863234 -4.469988 -0.8596711 -0.39730245 0.32111743 0.1885203 0.97142136
-2.3692641 0.05333078 -4.4337177 -0.8640485 -0.35401502 0.35790172 0.1868012 0.97191936
-2.1716056 0.5734391 -4.6313753 -0.26348805 0.92798024 0.2634896 0.9408115 0.32013732
-2.332994 0.48179066 -4.469988 -0.2634883 0.92798024 0.26348934 0.9385954 0.31792122
-2.1716056 0.5099274 -4.4337177 -0.22852269 0.9268653 0.29782233 0.9408115 0.31742316
-2.451137 0.3565966 -4.6313753 -0.8576081 0.41134465 0.30871347 0.18263696 0.9692052
-2.332994 0.48179066 -4.469988 -0.85967124 0.39730245 0.32111692 0.1809178 0.97142136
-2.3692641 0.5099274 -4.6313753 -0.8493719 0.45353046 0.26995876 0.18053149 0.9692052
-2.1716056 0.3565966 -4.351845 -0.30871147 0.411345 0.85760874 0.786498 0.96102047
-2.332994 0.48179066 -4.469988 -0.32111552 0.39730248 0.8596718 0.7847789 0.95880437
-2.3692641 0.3565966 -4.4337177 -0.35790077 0.354015 0.86404896 0.786498 0.9583063
-1.8330208 -0.1635117 -6.0723133 0.26349086 -0.92797995 -0.26348796 0.50166255 0.94781345
-1.6716343 -0.071863234 -6.2337017 0.26349038 -0.9279799 -0.26348844 0.4994465 0.95002955
-1.6353642 -0.100000024 -6.0723133 0.2978225 -0.9268652 -0.22852275 0.49894845 0.94781345
-1.8330208 0.05333078 -6.351845 0.30871522 -0.4113443 -0.85760766 0.83679 0.95690113
-1.6716343 -0.071863234 -6.2337017 0.32111883 -0.39730188 -0.8596708 0.83850914 0.95468503
-1.8330208 -0.100000024 -6.269972 0.26995912 -0.4535315 -0.84937114 0.8388955 0.95690113
-1.5534912 0.05333078 -6.0723133 0.8576085 -0.4113447 -0.3087123 0.949228 0.15421867
-1.6716343 -0.071863234 -6.2337017 0.859672 -0.39730152 -0.3211164 0.9509471 0.15643479
-1.6353642 0.05333078 -6.269972 0.86404985 -0.35401177 -0.35790154 0.949228 0.15693282
-1.8330208 0.5734391 -6.0723133 0.26349086 0.9279798 -0.26348814 0.9454608 0.33992347
-1.6716343 0.48179066 -6.2337017 0.26349038 0.9279798 -0.26348862 0.94767684 0.34213957
-1.8330208 0.5099274 -6.269972 0.22852562 0.926865 -0.29782102 0.9454608 0.34263763
-1.5534912 0.3565966 -6.0723133 0.8576087 0.4113447 -0.308712 0.9450637 0.15421867
-1.6716343 0.48179066 -6.2337017 0.85967207 0.39730147 -0.32111615 0.9433446 0.15643479
-1.6353642 0.5099274 -6.0723133 0.8493716 0.45353243 -0.26995635 0.94295824 0.15421867
-1.8330208 0.3565966 -6.351845 0.3087151 0.41134414 -0.85760784 0.8326257 0.95690113
-1.6716343 0.48179066 -6.2337017 0.32111868 0.3973017 -0.85967094 0.8309066 0.95468503
-1.6353642 0.3565966 -6.269972 0.35790446 0.35401243 -0.8640485 0.8326257 0.954187
-2.1716056 -0.1635117 -6.0723133 -0.26348802 -0.9279808 -0.26348755 0.50631183 0.94781345
-2.332994 -0.071863234 -6.2337017 -0.26348805 -0.9279808 -0.26348755 0.50852793 0.95002955
-2.1716056 -0.100000024 -6.269972 -0.22852258 -0.9268663 -0.29781955 0.50631183 0.9505276
-2.451137 0.05333078 -6.0723133 -0.8576085 -0.41134474 -0.30871248 0.1868012 0.949419
-2.332994 -0.071863234 -6.2337017 -0.85967195 -0.39730152 -0.32111627 0.1885203 0.947203
-2.3692641 -0.100000024 -6.0723133 -0.84937114 -0.45353234 -0.26995784 0.18890667 0.949419
-2.1716056 0.05333078 -6.351845 -0.3087117 -0.41134414 -0.8576089 0.83679 0.96155035
-2.332994 -0.071863234 -6.2337017 -0.32111558 -0.39730227 -0.85967183 0.83850914 0.96376646
-2.3692641 0.05333078 -6.269972 -0.35790038 -0.35401678 -0.8640483 0.83679 0.9642645
-2.1716056 0.5734391 -6.0723133 -0.26348802 0.9279807 -0.26348796 0.9408115 0.33992347
-2.332994 0.48179066 -6.2337017 -0.26348805 0.9279808 -0.26348796 0.9385954 0.34213957
-2.3692641 0.5099274 -6.0723133 -0.29782057 0.92686594 -0.22852254 0.93809736 0.33992347
-2.1716056 0.3565966 -6.351845 -0.30871165 0.41134387 -0.8576091 0.8326257 0.96155035
-2.332994 0.48179066 -6.2337017 -0.32111558 0.39730215 -0.859672 0.8309066 0.96376646
-2.1716056 0.5099274 -6.269972 -0.26995665 0.4535274 -0.8493742 0.8305203 0.96155035
-2.451137 0.3565966 -6.0723133 -0.8576087 0.4113447 -0.3087119 0.18263696 0.949419
-2.332994 0.48179066 -6.2337017 -0.8596721 0.3973015 -0.3211158 0.1809178 0.947203
-2.3692641 0.3565966 -6.269972 -0.8640503 0.3540119 -0.35790062 0.18263696 0.9467049
-1.8330208 -0.1635117 -4.6313753 0 -0.9520582 0.30591694 0.50166255 0.9280272
-2.1716056 -0.100000024 -4.4337177 0 -0.9520582 0.30591705 0.50631183 0.9253131
-2.1716056 -0.1635117 -4.6313753 0 -0.95205814 0.30591717 0.50631183 0.9280272
-1.8330208 -0.100000024 -4.4337177 0 -0.4710205 0.8821224 0.79276776 0.9656697
-2.1716056 0.05333078 -4.351845 0 -0.4710205 0.8821224 0.7906623 0.96102047
-2.1716056 -0.100000024 -4.4337177 0 -0.47102055 0.88212234 0.79276776 0.96102047
-1.5534912 0.3565966 -4.6313753 0.9238787 0 0.38268542 0.9450637 0.13443246
-1.6353642 0.05333078 -4.4337177 0.9238787 0 0.38268542 0.949228 0.13171831
-1.5534912 0.05333078 -4.6313753 0.92387867 0 0.38268548 0.949228 0.13443246
-1.6353642 0.3565966 -4.4337177 0.38268706 0 0.92387813 0.786498 0.96838385
-1.8330208 0.05333078 -4.351845 0.38268706 0 0.92387813 0.7906623 0.9656697
-1.6353642 0.05333078 -4.4337177 0.38268706 0 0.9238781 0.7906623 0.96838385
-2.1716056 0.5734391 -4.6313753 0 0.9520582 0.3059171 0.9408115 0.32013732
-1.8330208 0.5099274 -4.4337177 0 0.9520582 0.30591705 0.9454608 0.31742316
-1.8330208 0.5734391 -4.6313753 0 0.9520582 0.305917 0.9454608 0.32013732
-2.1716056 0.5099274 -4.4337177 0 0.4710205 0.8821224 0.78439254 0.96102047
-1.8330208 0.3565966 -4.351845 0 0.4710205 0.8821224 0.786498 0.9656697
-1.8330208 0.5099274 -4.4337177 0 0.47102055 0.88212234 0.78439254 0.9656697
-2.451137 0.05333078 -4.6313753 -0.9238787 0 0.38268542 0.1868012 0.9692052
-2.3692641 0.3565966 -4.4337177 -0.9238787 0 0.38268542 0.18263696 0.97191936
-2.451137 0.3565966 -4.6313753 -0.9238787 0 0.38268545 0.18263696 0.9692052
-2.3692641 0.05333078 -4.4337177 -0.38268378 0 0.9238794 0.7906623 0.9583063
-2.1716056 0.3565966 -4.351845 -0.38268378 0 0.9238794 0.786498 0.96102047
-2.3692641 0.3565966 -4.4337177 -0.38268375 0 0.9238794 0.786498 0.9583063
-2.1716056 -0.1635117 -4.6313753 -0.3059157 -0.9520587 -0 0.50631183 0.9280272
-2.3692641 -0.100000024 -6.0723133 -0.3059157 -0.9520587 -0 0.509026 0.94781345
-2.1716056 -0.1635117 -6.0723133 -0.30591568 -0.9520586 -0 0.50631183 0.94781345
-2.3692641 -0.100000024 -4.6313753 -0.88212234 -0.47102055 -0 0.18890667 0.9692052
-2.451137 0.05333078 -6.0723133 -0.88212234 -0.47102034 -0 0.1868012 0.949419
-2.3692641 -0.100000024 -6.0723133 -0.88212234 -0.4710203 -0 0.18890667 0.949419
-2.1716056 0.5734391 -6.0723133 -0.30591598 0.9520585 0 0.9408115 0.33992347
-2.3692641 0.5099274 -4.6313753 -0.30591574 0.9520587 0 0.93809736 0.32013732
-2.1716056 0.5734391 -4.6313753 -0.30591568 0.9520586 0 0.9408115 0.32013732
-2.3692641 0.5099274 -6.0723133 -0.8821223 0.4710205 0 0.18053149 0.949419
-2.451137 0.3565966 -4.6313753 -0.8821223 0.47102046 0 0.18263696 0.9692052
-2.3692641 0.5099274 -4.6313753 -0.88212234 0.47102055 0 0.18053149 0.9692052
-2.1716056 0.05333078 -6.351845 -0.38268378 0 -0.9238794 0.83679 0.96155035
-2.3692641 0.3565966 -6.269972 -0.38268378 0 -0.9238794 0.8326257 0.9642645
-2.1716056 0.3565966 -6.351845 -0.38268375 0 -0.9238794 0.8326257 0.96155035
-2.3692641 0.05333078 -6.269972 -0.9238794 0 -0.38268387 0.1868012 0.9467049
-2.451137 0.3565966 -6.0723133 -0.9238794 0 -0.38268387 0.18263696 0.949419
-2.3692641 0.3565966 -6.269972 -0.9238794 0 -0.38268387 0.18263696 0.9467049
-2.1716056 -0.1635117 -6.0723133 0 -0.9520585 -0.30591607 0.50631183 0.94781345
-1.8330208 -0.100000024 -6.269972 0 -0.9520585 -0.30591595 0.50166255 0.9505276
-1.8330208 -0.1635117 -6.0723133 0 -0.9520586 -0.30591583 0.50166255 0.94781345
-2.1716056 -0.100000024 -6.269972 0 -0.4710205 -0.8821224 0.8388955 0.96155035
-1.8330208 0.05333078 -6.351845 0 -0.4710205 -0.8821224 0.83679 0.95690113
-1.8330208 -0.100000024 -6.269972 0 -0.47102055 -0.88212234 0.8388955 0.95690113
-1.8330208 0.5734391 -6.0723133 0 0.9520585 -0.30591604 0.9454608 0.33992347
-2.1716056 0.5099274 -6.269972 0 0.9520585 -0.30591613 0.9408115 0.34263763
-2.1716056 0.5734391 -6.0723133 0 0.95205843 -0.30591616 0.9408115 0.33992347
-1.8330208 0.5099274 -6.269972 0 0.4710205 -0.8821224 0.8305203 0.95690113
-2.1716056 0.3565966 -6.351845 0 0.4710205 -0.8821224 0.8326257 0.96155035
-2.1716056 0.5099274 -6.269972 0 0.47102055 -0.88212234 0.8305203 0.96155035
-1.5534912 0.05333078 -6.0723133 0.9238794 0 -0.38268387 0.949228 0.15421867
-1.6353642 0.3565966 -6.269972 0.9238794 0 -0.38268387 0.9450637 0.15693282
-1.5534912 0.3565966 -6.0723133 0.9238794 0 -0.38268387 0.9450637 0.15421867
-1.6353642 0.05333078 -6.269972 0.38268706 0 -0.92387813 0.83679 0.954187
-1.8330208 0.3565966 -6.351845 0.38268706 0 -0.92387813 0.8326257 0.95690113
-1.6353642 0.3565966 -6.269972 0.382687 0 -0.9238781 0.8326257 0.954187
-1.8330208 -0.1635117 -6.0723133 0.30591825 -0.9520578 0 0.50166255 0.94781345
-1.6353642 -0.100000024 -4.6313753 0.30591837 -0.9520578 0 0.49894845 0.9280272
-1.8330208 -0.1635117 -4.6313753 0.30591834 -0.9520578 0 0.50166255 0.9280272
-1.6353642 -0.100000024 -6.0723133 0.88212234 -0.47102037 0 0.95133346 0.15421867
-1.5534912 0.05333078 -4.6313753 0.8821223 -0.4710205 0 0.949228 0.13443246
-1.6353642 -0.100000024 -4.6313753 0.88212234 -0.47102058 0 0.95133346 0.13443246
-1.8330208 0.5734391 -4.6313753 0.30591866 0.95205766 0 0.9454608 0.32013732
-1.6353642 0.5099274 -6.0723133 0.3059183 0.9520578 0 0.9481749 0.33992347
-1.8330208 0.5734391 -6.0723133 0.30591825 0.95205784 0 0.9454608 0.33992347
-1.6353642 0.5099274 -4.6313753 0.8821222 0.4710207 0 0.94295824 0.13443246
-1.5534912 0.3565966 -6.0723133 0.88212234 0.4710203 0 0.9450637 0.15421867
-1.6353642 0.5099274 -6.0723133 0.8821224 0.47102028 0 0.94295824 0.15421867
-2.1716056 -0.1635117 -6.0723133 0 -1 0 0.50631183 0.94781345
-1.8330208 -0.1635117 -4.6313753 0 -1 0 0.50166255 0.9280272
-2.1716056 -0.1635117 -4.6313753 0 -1 0 0.50631183 0.9280272
-1.5534912 1.0935476 -6.0723133 1 0 0 0.63471514 0.96267027
-1.5534912 0.79028165 -4.6313753 1 0 0 0.6388794 0.9428841
-1.5534912 0.79028165 -6.0723133 1 0 0 0.6388794 0.96267027
-2.1716056 1.0935476 -6.351845 0 0 -1 0.9694952 0.27323276
-1.8330208 0.79028165 -6.351845 0 0 -1 0.97365946 0.26858348
-2.1716056 0.79028165 -6.351845 0 0 -1 0.97365946 0.27323276
-2.1716056 1.31039 -4.6313753 0 1 0 0.94351 0.60714394
-1.8330208 1.31039 -6.0723133 0 1 0 0.9481593 0.6269301
-2.1716056 1.31039 -6.0723133 0 1 0 0.94351 0.6269301
-1.8330208 1.0935476 -4.351845 0 0 1 0.9694952 0.29862493
-2.1716056 0.79028165 -4.351845 0 0 1 0.97365946 0.29397565
-1.8330208 0.79028165 -4.351845 0 0 1 0.97365946 0.29862493
-2.451137 1.0935476 -4.6313753 -1 0 0 0.55934936 0.95902884
-2.451137 0.79028165 -6.0723133 -1 0 0 0.5635137 0.93924266
-2.451137 0.79028165 -4.6313753 -1 0 0 0.5635137 0.95902884
-1.8330208 0.5734391 -4.6313753 0.2634914 -0.9279791 0.26349014 0.100045905 0.9114263
-1.6716343 0.6650876 -4.469988 0.26349118 -0.9279792 0.2634904 0.09782985 0.90921026
-1.8330208 0.63695085 -4.4337177 0.22852598 -0.9268643 0.297823 0.100045905 0.90871215
-1.5534912 0.79028165 -4.6313753 0.857608 -0.41134462 0.30871356 0.6388794 0.9428841
-1.6716343 0.6650876 -4.469988 0.85967124 -0.39730242 0.3211173 0.64059854 0.940668
-1.6353642 0.63695085 -4.6313753 0.849372 -0.45353052 0.2699583 0.6409849 0.9428841
-1.8330208 0.79028165 -4.351845 0.30871484 -0.41134492 0.8576075 0.97365946 0.29862493
-1.6716343 0.6650876 -4.469988 0.3211184 -0.39730275 0.8596706 0.9753786 0.300841
-1.6353642 0.79028165 -4.4337177 0.35790431 -0.3540142 0.8640478 0.97365946 0.30133903
-1.5534912 1.0935476 -4.6313753 0.8576081 0.41134456 0.30871382 0.63471514 0.9428841
-1.6716343 1.2187414 -4.469988 0.8596711 0.39730236 0.3211175 0.632996 0.940668
-1.6353642 1.0935473 -4.4337177 0.8640483 0.35401478 0.35790253 0.63471514 0.94017
-1.8330208 1.31039 -4.6313753 0.2634916 0.9279792 0.26349014 0.9481593 0.60714394
-1.6716343 1.2187414 -4.469988 0.26349133 0.92797905 0.26349035 0.9503753 0.60492784
-1.6353642 1.2468784 -4.6313753 0.29782262 0.92686445 0.2285262 0.95087343 0.60714394
-1.8330208 1.0935476 -4.351845 0.30871528 0.4113449 0.8576074 0.9694952 0.29862493
-1.6716343 1.2187414 -4.469988 0.32111895 0.39730272 0.8596704 0.96777606 0.300841
-1.8330208 1.2468784 -4.4337177 0.269959 0.45353153 0.8493712 0.9673897 0.29862493
-2.1716056 0.5734391 -4.6313753 -0.2634881 -0.9279802 0.26348957 0.104695186 0.9114263
-2.332994 0.6650876 -4.469988 -0.26348832 -0.92798024 0.26348934 0.1069113 0.90921026
-2.3692641 0.63695085 -4.6313753 -0.2978206 -0.9268657 0.22852355 0.107409336 0.9114263
-2.1716056 0.79028165 -4.351845 -0.30871138 -0.41134503 0.8576087 0.97365946 0.29397565
-2.332994 0.6650876 -4.469988 -0.3211155 -0.39730254 0.8596719 0.9753786 0.29175955
-2.1716056 0.63695085 -4.4337177 -0.26995578 -0.45353064 0.8493726 0.9757649 0.29397565
-2.451137 0.79028165 -4.6313753 -0.85760814 -0.4113447 0.30871347 0.5635137 0.95902884
-2.332994 0.6650876 -4.469988 -0.85967124 -0.39730248 0.32111695 0.56523275 0.96124494
-2.3692641 0.79028165 -4.4337177 -0.8640486 -0.3540148 0.3579015 0.5635137 0.96174294
-2.1716056 1.31039 -4.6313753 -0.2634883 0.9279801 0.26348975 0.94351 0.60714394
-2.332994 1.2187414 -4.469988 -0.2634885 0.9279802 0.26348954 0.9412939 0.60492784
-2.1716056 1.2468784 -4.4337177 -0.22852406 0.9268652 0.29782143 0.94351 0.60442984
-2.451137 1.0935476 -4.6313753 -0.85760814 0.41134456 0.3087137 0.55934936 0.95902884
-2.332994 1.2187414 -4.469988 -0.85967124 0.3973024 0.32111716 0.5576303 0.96124494
-2.3692641 1.2468784 -4.6313753 -0.8493718 0.45353016 0.2699591 0.5572439 0.95902884
-2.1716056 1.0935476 -4.351845 -0.30871177 0.41134498 0.8576085 0.9694952 0.29397565
-2.332994 1.2187414 -4.469988 -0.32111597 0.39730248 0.8596717 0.96777606 0.29175955
-2.3692641 1.0935473 -4.4337177 -0.35790157 0.35401487 0.8640486 0.9694952 0.29126152
-1.8330208 0.5734391 -6.0723133 0.26349095 -0.9279799 -0.26348817 0.100045905 0.93121254
-1.6716343 0.6650876 -6.2337017 0.26349047 -0.9279799 -0.26348865 0.09782985 0.93342865
-1.6353642 0.63695085 -6.0723133 0.29782295 -0.92686516 -0.22852273 0.097331814 0.93121254
-1.8330208 0.79028165 -6.351845 0.308715 -0.4113441 -0.8576078 0.97365946 0.26858348
-1.6716343 0.6650876 -6.2337017 0.32111862 -0.39730173 -0.859671 0.9753786 0.2663674
-1.8330208 0.63695085 -6.269972 0.26995873 -0.45353156 -0.8493712 0.9757649 0.26858348
-1.5534912 0.79028165 -6.0723133 0.8576087 -0.4113447 -0.30871195 0.6388794 0.96267027
-1.6716343 0.6650876 -6.2337017 0.8596721 -0.39730138 -0.32111603 0.64059854 0.96488637
-1.6353642 0.79028165 -6.269972 0.8640501 -0.35401148 -0.35790128 0.6388794 0.9653844
-1.8330208 1.31039 -6.0723133 0.26349112 0.92797977 -0.26348817 0.9481593 0.6269301
-1.6716343 1.2187414 -6.2337017 0.26349062 0.92797977 -0.2634886 0.9503753 0.6291462
-1.8330208 1.2468784 -6.269972 0.22852665 0.9268653 -0.29781935 0.9481593 0.6296443
-1.5534912 1.0935476 -6.0723133 0.8576086 0.41134465 -0.30871227 0.63471514 0.96267027
-1.6716343 1.2187414 -6.2337017 0.859672 0.3973014 -0.32111633 0.632996 0.96488637
-1.6353642 1.2468784 -6.0723133 0.8493714 0.4535323 -0.2699568 0.63260967 0.96267027
-1.8330208 1.0935476 -6.351845 0.3087154 0.4113441 -0.85760766 0.9694952 0.26858348
-1.6716343 1.2187414 -6.2337017 0.32111913 0.3973017 -0.8596708 0.96777606 0.2663674
-1.6353642 1.0935473 -6.269972 0.35790524 0.35401225 -0.8640481 0.9694952 0.26586935
-2.1716056 0.5734391 -6.0723133 -0.26348808 -0.9279808 -0.26348796 0.104695186 0.93121254
-2.332994 0.6650876 -6.2337017 -0.26348808 -0.9279808 -0.26348796 0.1069113 0.93342865
-2.1716056 0.63695085 -6.269972 -0.22852214 -0.9268661 -0.29782036 0.104695186 0.9339267
-2.451137 0.79028165 -6.0723133 -0.8576087 -0.41134474 -0.30871183 0.5635137 0.93924266
-2.332994 0.6650876 -6.2337017 -0.85967225 -0.39730144 -0.3211157 0.56523275 0.93702656
-2.3692641 0.63695085 -6.0723133 -0.84937125 -0.45353252 -0.26995692 0.5656191 0.93924266
-2.1716056 0.79028165 -6.351845 -0.3087115 -0.41134393 -0.8576091 0.97365946 0.27323276
-2.332994 0.6650876 -6.2337017 -0.3211155 -0.39730218 -0.85967207 0.9753786 0.27544886
-2.3692641 0.79028165 -6.269972 -0.35790062 -0.3540168 -0.8640482 0.97365946 0.2759469
-2.1716056 1.31039 -6.0723133 -0.2634883 0.9279806 -0.26348814 0.94351 0.6269301
-2.332994 1.2187414 -6.2337017 -0.2634883 0.92798066 -0.26348817 0.9412939 0.6291462
-2.3692641 1.2468784 -6.0723133 -0.2978201 0.9268658 -0.2285238 0.9407959 0.6269301
-2.1716056 1.0935476 -6.351845 -0.30871192 0.4113439 -0.85760903 0.9694952 0.27323276
-2.332994 1.2187414 -6.2337017 -0.32111597 0.39730203 -0.85967183 0.96777606 0.27544886
-2.1716056 1.2468784 -6.269972 -0.2699565 0.45352742 -0.84937423 0.9673897 0.27323276
-2.451137 1.0935476 -6.0723133 -0.85760856 0.41134462 -0.30871212 0.55934936 0.93924266
-2.332994 1.2187414 -6.2337017 -0.85967207 0.3973014 -0.321116 0.5576303 0.93702656
-2.3692641 1.0935473 -6.269972 -0.8640503 0.35401183 -0.35790062 0.55934936 0.9365285
-1.8330208 0.5734391 -4.6313753 0 -0.9520582 0.30591705 0.100045905 0.9114263
-2.1716056 0.63695085 -4.4337177 0 -0.9520582 0.3059171 0.104695186 0.90871215
-2.1716056 0.5734391 -4.6313753 0 -0.95205814 0.30591717 0.104695186 0.9114263
-1.8330208 0.63695085 -4.4337177 0 -0.4710205 0.8821224 0.9757649 0.29862493
-2.1716056 0.79028165 -4.351845 0 -0.4710205 0.8821224 0.97365946 0.29397565
-2.1716056 0.63695085 -4.4337177 0 -0.47102055 0.88212234 0.9757649 0.29397565
-1.5534912 0.79028165 -4.6313753 0.92387885 0 0.3826853 0.6388794 0.9428841
-1.6353642 1.0935473 -4.4337177 0.92387867 0 0.3826855 0.63471514 0.94017
-1.6353642 0.79028165 -4.4337177 0.923879 0 0.3826849 0.6388794 0.94017
-1.6353642 1.0935473 -4.4337177 0.38268694 0 0.9238782 0.9694952 0.30133903
-1.8330208 0.79028165 -4.351845 0.38268682 0 0.92387825 0.97365946 0.29862493
-1.6353642 0.79028165 -4.4337177 0.38268656 0 0.9238782 0.97365946 0.30133903
-2.1716056 1.31039 -4.6313753 0 0.95205826 0.30591673 0.94351 0.60714394
-1.8330208 1.2468784 -4.4337177 0 0.9520584 0.3059167 0.9481593 0.60442984
-1.8330208 1.31039 -4.6313753 0 0.9520583 0.3059166 0.9481593 0.60714394
-2.1716056 1.2468784 -4.4337177 0 0.4710205 0.8821224 0.9673897 0.29397565
-1.8330208 1.0935476 -4.351845 0 0.4710205 0.8821224 0.9694952 0.29862493
-1.8330208 1.2468784 -4.4337177 0 0.47102055 0.88212234 0.9673897 0.29862493
-2.451137 0.79028165 -4.6313753 -0.92387885 0 0.3826851 0.5635137 0.95902884
-2.3692641 1.0935473 -4.4337177 -0.92387897 0 0.38268483 0.55934936 0.96174294
-2.451137 1.0935476 -4.6313753 -0.92387915 0 0.3826843 0.55934936 0.95902884
-2.3692641 1.0935473 -4.4337177 -0.3826838 0 0.92387944 0.9694952 0.29126152
-2.1716056 0.79028165 -4.351845 -0.38268378 0 0.9238795 0.97365946 0.29397565
-2.1716056 1.0935476 -4.351845 -0.38268384 0 0.9238794 0.9694952 0.29397565
-2.1716056 0.5734391 -4.6313753 -0.30591604 -0.9520585 -0 0.104695186 0.9114263
-2.3692641 0.63695085 -6.0723133 -0.30591604 -0.9520585 -0 0.107409336 0.93121254
-2.1716056 0.5734391 -6.0723133 -0.30591604 -0.9520585 -0 0.104695186 0.93121254
-2.3692641 0.63695085 -4.6313753 -0.8821222 -0.4710207 -0 0.5656191 0.95902884
-2.451137 0.79028165 -6.0723133 -0.88212234 -0.4710203 -0 0.5635137 0.93924266
-2.3692641 0.63695085 -6.0723133 -0.8821224 -0.47102028 -0 0.5656191 0.93924266
-2.1716056 1.31039 -6.0723133 -0.30591527 0.95205873 0 0.94351 0.6269301
-2.3692641 1.2468784 -4.6313753 -0.30591527 0.95205873 0 0.9407959 0.60714394
-2.1716056 1.31039 -4.6313753 -0.3059153 0.95205873 0 0.94351 0.60714394
-2.3692641 1.2468784 -6.0723133 -0.8821223 0.47102046 0 0.5572439 0.93924266
-2.451137 1.0935476 -4.6313753 -0.88212246 0.47102034 0 0.55934936 0.95902884
-2.3692641 1.2468784 -4.6313753 -0.8821224 0.4710203 0 0.5572439 0.95902884
-2.1716056 0.79028165 -6.351845 -0.38268378 0 -0.9238795 0.97365946 0.27323276
-2.3692641 1.0935473 -6.269972 -0.38268378 0 -0.9238795 0.9694952 0.2759469
-2.1716056 1.0935476 -6.351845 -0.38268378 0 -0.9238794 0.9694952 0.27323276
-2.3692641 1.0935473 -6.269972 -0.92387974 0 -0.38268298 0.55934936 0.9365285
-2.451137 0.79028165 -6.0723133 -0.92387956 0 -0.38268337 0.5635137 0.93924266
-2.451137 1.0935476 -6.0723133 -0.92388 0 -0.3826823 0.55934936 0.93924266
-2.1716056 0.5734391 -6.0723133 0 -0.9520585 -0.30591613 0.104695186 0.93121254
-1.8330208 0.63695085 -6.269972 0 -0.9520585 -0.30591604 0.100045905 0.9339267
-1.8330208 0.5734391 -6.0723133 0 -0.95205855 -0.305916 0.100045905 0.93121254
-2.1716056 0.63695085 -6.269972 0 -0.4710205 -0.8821224 0.9757649 0.27323276
-1.8330208 0.79028165 -6.351845 0 -0.4710205 -0.8821224 0.97365946 0.26858348
-1.8330208 0.63695085 -6.269972 0 -0.47102055 -0.88212234 0.9757649 0.26858348
-1.8330208 1.31039 -6.0723133 0 0.9520587 -0.3059157 0.9481593 0.6269301
-2.1716056 1.2468784 -6.269972 0 0.9520587 -0.30591574 0.94351 0.6296443
-2.1716056 1.31039 -6.0723133 0 0.9520586 -0.30591583 0.94351 0.6269301
-1.8330208 1.2468784 -6.269972 0 0.4710205 -0.8821224 0.9673897 0.26858348
-2.1716056 1.0935476 -6.351845 0 0.4710205 -0.8821224 0.9694952 0.27323276
-2.1716056 1.2468784 -6.269972 0 0.47102055 -0.88212234 0.9673897 0.27323276
-1.5534912 0.79028165 -6.0723133 0.9238795 0 -0.38268375 0.6388794 0.96267027
-1.6353642 1.0935473 -6.269972 0.9238793 0 -0.38268393 0.63471514 0.9653844
-1.5534912 1.0935476 -6.0723133 0.9238792 0 -0.38268447 0.63471514 0.96267027
-1.6353642 1.0935473 -6.269972 0.38268694 0 -0.9238782 0.9694952 0.26586935
-1.8330208 0.79028165 -6.351845 0.38268682 0 -0.92387825 0.97365946 0.26858348
-1.8330208 1.0935476 -6.351845 0.3826871 0 -0.923878 0.9694952 0.26858348
-1.8330208 0.5734391 -6.0723133 0.3059186 -0.9520577 0 0.100045905 0.93121254
-1.6353642 0.63695085 -4.6313753 0.3059187 -0.95205766 0 0.097331814 0.9114263
-1.8330208 0.5734391 -4.6313753 0.3059187 -0.9520577 0 0.100045905 0.9114263
-1.6353642 0.63695085 -6.0723133 0.8821223 -0.4710205 0 0.6409849 0.96267027
-1.5534912 0.79028165 -4.6313753 0.8821223 -0.47102046 0 0.6388794 0.9428841
-1.6353642 0.63695085 -4.6313753 0.88212234 -0.47102055 0 0.6409849 0.9428841
-1.8330208 1.31039 -4.6313753 0.30591798 0.9520579 0 0.9481593 0.60714394
-1.6353642 1.2468784 -6.0723133 0.30591786 0.9520579 0 0.95087343 0.6269301
-1.8330208 1.31039 -6.0723133 0.30591786 0.9520579 0 0.9481593 0.6269301
-1.6353642 1.2468784 -4.6313753 0.8821222 0.4710207 0 0.63260967 0.9428841
-1.5534912 1.0935476 -6.0723133 0.88212246 0.47102013 0 0.63471514 0.96267027
-1.6353642 1.2468784 -6.0723133 0.8821225 0.4710201 0 0.63260967 0.96267027
-2.1716056 0.5734391 -6.0723133 0 -1 0 0.104695186 0.93121254
-1.8330208 0.5734391 -4.6313753 0 -1 0 0.100045905 0.9114263
-2.1716056 0.5734391 -4.6313753 0 -1 0 0.104695186 0.9114263
-8.756101 0.3565966 -13.411666 0 0 1 0.20802909 0.96920526
-10.197039 0.05333072 -13.411666 0 0 1 0.21219338 0.9494191
-8.756101 0.05333072 -13.411666 0 0 1 0.21219338 0.96920526
-8.476569 0.3565966 -14.029781 1 0 0 0.4820196 0.7008511
-8.476569 0.05333072 -13.691196 1 0 0 0.48618382 0.6962018
-8.476569 0.05333072 -14.029781 1 0 0 0.48618382 0.7008511
-10.197039 0.5734391 -14.029781 0 1 0 0.9330913 0.82798123
-8.756101 0.5734391 -13.691196 0 1 0 0.928442 0.80819505
-8.756101 0.5734391 -14.029781 0 1 0 0.9330913 0.80819505
-10.476569 0.3565966 -13.691196 -1 0 0 0.9695732 0.5692713
-10.476569 0.05333072 -14.029781 -1 0 0 0.9737374 0.56462204
-10.476569 0.05333072 -13.691196 -1 0 0 0.9737374 0.5692713
-10.197039 0.3565966 -14.309312 0 0 -1 0.15769836 0.9312125
-8.756101 0.05333072 -14.309312 0 0 -1 0.16186267 0.91142625
-10.197039 0.05333072 -14.309312 0 0 -1 0.16186267 0.9312125
-10.197039 -0.16351175 -13.691196 -0.26348877 -0.9279797 0.26349115 0.9442624 0.6701792
-10.358426 -0.07186329 -13.529809 -0.26348877 -0.9279797 0.26349112 0.94204634 0.66796315
-10.394696 -0.10000008 -13.691196 -0.2978199 -0.926866 0.22852299 0.9442624 0.6674651
-10.197039 0.05333072 -13.411666 -0.30871338 -0.41134027 0.8576102 0.21219338 0.9494191
-10.358426 -0.07186329 -13.529809 -0.32111764 -0.39729777 0.85967314 0.21391249 0.947203
-10.197039 -0.10000008 -13.493539 -0.26995632 -0.45352677 0.84937453 0.21429886 0.9494191
-10.476569 0.05333072 -13.691196 -0.8576069 -0.41134667 0.30871403 0.9737374 0.5692713
-10.358426 -0.07186329 -13.529809 -0.85967094 -0.3973035 0.3211167 0.9754566 0.5714874
-10.394696 0.05333072 -13.493539 -0.8640508 -0.3540128 0.35789847 0.9737374 0.5719854
-10.197039 0.3565966 -13.411666 -0.30871338 0.41134027 0.8576102 0.20802909 0.9494191
-10.358426 0.48179066 -13.529809 -0.32111767 0.39729783 0.85967314 0.20630999 0.947203
-10.394696 0.3565966 -13.493539 -0.3579045 0.35400933 0.8640496 0.20802909 0.9467049
-10.197039 0.5734391 -13.691196 -0.26348886 0.92798024 0.2634887 0.928442 0.82798123
-10.358426 0.48179066 -13.529809 -0.26348886 0.92798024 0.2634887 0.92622596 0.83019733
-10.197039 0.5099274 -13.493539 -0.22852425 0.92686474 0.29782307 0.9257279 0.82798123
-10.476569 0.3565966 -13.691196 -0.85760695 0.41134676 0.30871403 0.9695732 0.5692713
-10.358426 0.48179066 -13.529809 -0.8596704 0.39730322 0.32111838 0.9678541 0.5714874
-10.394696 0.5099274 -13.691196 -0.8493694 0.45353627 0.2699564 0.9674677 0.5692713
-10.197039 -0.16351175 -14.029781 -0.26348996 -0.9279793 -0.26349103 0.94891167 0.6701792
-10.358426 -0.07186329 -14.191169 -0.26348987 -0.9279793 -0.2634911 0.95112777 0.66796315
-10.197039 -0.10000008 -14.22744 -0.228527 -0.92686313 -0.297826 0.9516258 0.6701792
-10.476569 0.05333072 -14.029781 -0.8576081 -0.41134462 -0.30871364 0.9737374 0.56462204
-10.358426 -0.07186329 -14.191169 -0.8596716 -0.39730284 -0.32111588 0.9754566 0.56240594
-10.394696 -0.10000008 -14.029781 -0.8493712 -0.45352897 -0.26996306 0.9758429 0.56462204
-10.197039 0.05333072 -14.309312 -0.3087138 -0.41134092 -0.85760975 0.16186267 0.9312125
-10.358426 -0.07186329 -14.191169 -0.32111695 -0.39729884 -0.8596729 0.16358176 0.9334286
-10.394696 0.05333072 -14.22744 -0.35790053 -0.3540117 -0.8640503 0.16186267 0.93392664
-10.197039 0.5734391 -14.029781 -0.26349017 0.9279799 -0.2634886 0.9330913 0.82798123
-10.358426 0.48179066 -14.191169 -0.2634901 0.9279799 -0.26348865 0.9353074 0.83019733
-10.394696 0.5099274 -14.029781 -0.29782045 0.92686623 -0.22852129 0.9330913 0.83069533
-10.197039 0.3565966 -14.309312 -0.30871376 0.41134086 -0.85760975 0.15769836 0.9312125
-10.358426 0.48179066 -14.191169 -0.32111692 0.39729884 -0.8596729 0.15597928 0.9334286
-10.197039 0.5099274 -14.22744 -0.26996008 0.45352623 -0.8493736 0.15559289 0.9312125
-10.476569 0.3565966 -14.029781 -0.8576081 0.4113447 -0.30871361 0.9695732 0.56462204
-10.358426 0.48179066 -14.191169 -0.85967094 0.3973026 -0.32111764 0.9678541 0.56240594
-10.394696 0.3565966 -14.22744 -0.8640474 0.35401577 -0.35790348 0.9695732 0.5619079
-8.756101 -0.16351175 -13.691196 0.26348877 -0.92798007 0.2634897 0.9442624 0.68996537
-8.594712 -0.07186329 -13.529809 0.26348898 -0.92798007 0.26348943 0.94204634 0.6921815
-8.756101 -0.10000008 -13.493539 0.22852483 -0.92686486 0.29782227 0.9415483 0.68996537
-8.476569 0.05333072 -13.691196 0.85760707 -0.4113467 0.3087135 0.48618382 0.6962018
-8.594712 -0.07186329 -13.529809 0.85967106 -0.39730352 0.32111624 0.48790294 0.69398576
-8.558442 -0.10000008 -13.691196 0.8493683 -0.45353556 0.26996112 0.4882893 0.6962018
-8.756101 0.05333072 -13.411666 0.30871093 -0.41134533 0.85760874 0.21219338 0.96920526
-8.594712 -0.07186329 -13.529809 0.3211148 -0.39730427 0.85967124 0.21391249 0.97142136
-8.558442 0.05333072 -13.493539 0.35789976 -0.35402137 0.8640467 0.21219338 0.97191936
-8.756101 0.5734391 -13.691196 0.2634887 0.9279801 0.26348966 0.928442 0.80819505
-8.594712 0.48179066 -13.529809 0.26348898 0.9279801 0.26348943 0.92622596 0.80597895
-8.558442 0.5099274 -13.691196 0.29782042 0.92686605 0.22852212 0.928442 0.8054809
-8.756101 0.3565966 -13.411666 0.3087118 0.4113466 0.8576078 0.20802909 0.96920526
-8.594712 0.48179066 -13.529809 0.32111555 0.39730534 0.8596706 0.20630999 0.97142136
-8.756101 0.5099274 -13.493539 0.26995748 0.4535288 0.84937316 0.20592368 0.96920526
-8.476569 0.3565966 -13.691196 0.8576064 0.41134647 0.30871558 0.4820196 0.6962018
-8.594712 0.48179066 -13.529809 0.8596701 0.39730307 0.3211196 0.4803005 0.69398576
-8.558442 0.3565966 -13.493539 0.86404824 0.3540115 0.35790554 0.4820196 0.69348764
-8.756101 -0.16351175 -14.029781 0.26348847 -0.9279807 -0.26348764 0.94891167 0.68996537
-8.594712 -0.07186329 -14.191169 0.26348862 -0.92798066 -0.2634875 0.95112777 0.6921815
-8.558442 -0.10000008 -14.029781 0.29781985 -0.9268658 -0.22852378 0.94891167 0.6926795
-8.756101 0.05333072 -14.309312 0.30871242 -0.4113398 -0.8576109 0.16186267 0.91142625
-8.594712 -0.07186329 -14.191169 0.32111552 -0.3972971 -0.85967433 0.16358176 0.90921015
-8.756101 -0.10000008 -14.22744 0.2699599 -0.4535259 -0.84937394 0.16396815 0.91142625
-8.476569 0.05333072 -14.029781 0.8576082 -0.41134468 -0.30871305 0.48618382 0.7008511
-8.594712 -0.07186329 -14.191169 0.8596717 -0.39730293 -0.32111552 0.48790294 0.7030672
-8.558442 0.05333072 -14.22744 0.86404985 -0.35401693 -0.3578964 0.48618382 0.70356524
-8.756101 0.5734391 -14.029781 0.26348856 0.9279807 -0.26348764 0.9330913 0.80819505
-8.594712 0.48179066 -14.191169 0.2634887 0.92798066 -0.26348746 0.9353074 0.80597895
-8.756101 0.5099274 -14.22744 0.22852392 0.9268659 -0.29781985 0.93580544 0.80819505
-8.476569 0.3565966 -14.029781 0.85760754 0.41134444 -0.30871516 0.4820196 0.7008511
-8.594712 0.48179066 -14.191169 0.8596706 0.3973024 -0.32111883 0.4803005 0.7030672
-8.558442 0.5099274 -14.029781 0.8493719 0.45352945 -0.26996028 0.47991413 0.7008511
-8.756101 0.3565966 -14.309312 0.3087132 0.4113411 -0.85761 0.15769836 0.91142625
-8.594712 0.48179066 -14.191169 0.32111606 0.39729807 -0.8596736 0.15597928 0.90921015
-8.558442 0.3565966 -14.22744 0.35789797 0.35400912 -0.8640524 0.15769836 0.9087121
-10.197039 -0.16351175 -13.691196 -0.30591732 -0.95205814 -0 0.9442624 0.6701792
-10.394696 -0.10000008 -14.029781 -0.30591673 -0.95205826 -0 0.94891167 0.6674651
-10.197039 -0.16351175 -14.029781 -0.3059161 -0.95205855 -0 0.94891167 0.6701792
-10.394696 -0.10000008 -13.691196 -0.8821224 -0.4710203 -0 0.9758429 0.5692713
-10.476569 0.05333072 -14.029781 -0.88212246 -0.4710203 -0 0.9737374 0.56462204
-10.394696 -0.10000008 -14.029781 -0.8821224 -0.47102028 -0 0.9758429 0.56462204
-10.197039 0.3565966 -13.411666 -0.3826858 0 0.92387855 0.20802909 0.9494191
-10.394696 0.05333072 -13.493539 -0.38268578 0 0.92387855 0.21219338 0.9467049
-10.197039 0.05333072 -13.411666 -0.3826858 0 0.92387867 0.21219338 0.9494191
-10.394696 0.3565966 -13.493539 -0.92387974 0 0.38268316 0.9695732 0.5719854
-10.476569 0.05333072 -13.691196 -0.9238791 0 0.3826845 0.9737374 0.5692713
-10.394696 0.05333072 -13.493539 -0.9238781 0 0.38268694 0.9737374 0.5719854
-10.197039 0.5734391 -14.029781 -0.30591688 0.95205826 0 0.9330913 0.82798123
-10.394696 0.5099274 -13.691196 -0.3059175 0.95205814 0 0.928442 0.83069533
-10.197039 0.5734391 -13.691196 -0.3059182 0.95205784 0 0.928442 0.82798123
-10.394696 0.5099274 -14.029781 -0.88212246 0.4710203 0 0.9674677 0.56462204
-10.476569 0.3565966 -13.691196 -0.88212246 0.4710203 0 0.9695732 0.5692713
-10.394696 0.5099274 -13.691196 -0.8821224 0.47102028 0 0.9674677 0.5692713
-10.197039 0.05333072 -14.309312 -0.382682 0 -0.92388016 0.16186267 0.9312125
-10.394696 0.3565966 -14.22744 -0.382682 0 -0.92388016 0.15769836 0.93392664
-10.197039 0.3565966 -14.309312 -0.38268209 0 -0.9238802 0.15769836 0.9312125
-10.394696 0.05333072 -14.22744 -0.92388034 0 -0.38268155 0.9737374 0.5619079
-10.476569 0.3565966 -14.029781 -0.9238798 0 -0.38268295 0.9695732 0.56462204
-10.394696 0.3565966 -14.22744 -0.9238787 0 -0.38268533 0.9695732 0.5619079
-10.197039 -0.16351175 -14.029781 0 -0.9520585 -0.30591607 0.94891167 0.6701792
-8.756101 -0.10000008 -14.22744 0 -0.9520583 -0.30591664 0.9516258 0.68996537
-8.756101 -0.16351175 -14.029781 0 -0.9520583 -0.30591673 0.94891167 0.68996537
-10.197039 -0.10000008 -14.22744 0 -0.4710194 -0.88212293 0.16396815 0.9312125
-8.756101 0.05333072 -14.309312 0 -0.47101867 -0.88212335 0.16186267 0.91142625
-8.756101 -0.10000008 -14.22744 0 -0.47101858 -0.8821233 0.16396815 0.91142625
-8.756101 0.5734391 -14.029781 0 0.9520583 -0.30591673 0.9330913 0.80819505
-10.197039 0.5099274 -14.22744 0 0.9520583 -0.30591673 0.93580544 0.82798123
-10.197039 0.5734391 -14.029781 0 0.9520583 -0.30591673 0.9330913 0.82798123
-8.756101 0.5099274 -14.22744 0 0.47101867 -0.88212335 0.15559289 0.91142625
-10.197039 0.3565966 -14.309312 0 0.4710194 -0.88212293 0.15769836 0.9312125
-10.197039 0.5099274 -14.22744 0 0.47101945 -0.8821229 0.15559289 0.9312125
-8.476569 0.05333072 -14.029781 0.92388034 0 -0.38268155 0.48618382 0.7008511
-8.558442 0.3565966 -14.22744 0.9238798 0 -0.38268295 0.4820196 0.70356524
-8.476569 0.3565966 -14.029781 0.9238787 0 -0.38268533 0.4820196 0.7008511
-8.558442 0.05333072 -14.22744 0.3826794 0 -0.92388123 0.16186267 0.9087121
-8.756101 0.3565966 -14.309312 0.3826794 0 -0.92388123 0.15769836 0.91142625
-8.558442 0.3565966 -14.22744 0.38267943 0 -0.92388123 0.15769836 0.9087121
-8.756101 -0.16351175 -14.029781 0.30591536 -0.95205873 0 0.94891167 0.68996537
-8.558442 -0.10000008 -13.691196 0.3059148 -0.952059 0 0.9442624 0.6926795
-8.756101 -0.16351175 -13.691196 0.30591413 -0.95205915 0 0.9442624 0.68996537
-8.558442 -0.10000008 -14.029781 0.8821224 -0.4710203 0 0.4882893 0.7008511
-8.476569 0.05333072 -13.691196 0.88212246 -0.4710203 0 0.48618382 0.6962018
-8.558442 -0.10000008 -13.691196 0.8821224 -0.47102028 0 0.4882893 0.6962018
-8.756101 0.5734391 -13.691196 0.30591488 0.95205885 0 0.928442 0.80819505
-8.558442 0.5099274 -14.029781 0.3059155 0.95205873 0 0.9330913 0.8054809
-8.756101 0.5734391 -14.029781 0.30591616 0.95205843 0 0.9330913 0.80819505
-8.558442 0.5099274 -13.691196 0.88212246 0.4710203 0 0.47991413 0.6962018
-8.476569 0.3565966 -14.029781 0.88212246 0.4710203 0 0.4820196 0.7008511
-8.558442 0.5099274 -14.029781 0.8821224 0.47102028 0 0.47991413 0.7008511
-8.756101 0.05333072 -13.411666 0.38268325 0 0.92387974 0.21219338 0.96920526
-8.558442 0.3565966 -13.493539 0.38268325 0 0.92387974 0.20802909 0.97191936
-8.756101 0.3565966 -13.411666 0.38268322 0 0.9238796 0.20802909 0.96920526
-8.558442 0.05333072 -13.493539 0.9238791 0 0.3826845 0.48618382 0.69348764
-8.476569 0.3565966 -13.691196 0.92387974 0 0.38268316 0.4820196 0.6962018
-8.558442 0.3565966 -13.493539 0.9238807 0 0.38268068 0.4820196 0.69348764
-8.756101 -0.16351175 -13.691196 0 -0.9520572 0.30592003 0.9442624 0.68996537
-10.197039 -0.10000008 -13.493539 0 -0.9520584 0.3059164 0.9415483 0.6701792
-10.197039 -0.16351175 -13.691196 0 -0.9520585 0.305916 0.9442624 0.6701792
-8.756101 -0.10000008 -13.493539 0 -0.47101957 0.88212276 0.21429886 0.96920526
-10.197039 0.05333072 -13.411666 0 -0.4710303 0.88211703 0.21219338 0.9494191
-10.197039 -0.10000008 -13.493539 0 -0.47103122 0.88211656 0.21429886 0.9494191
-10.197039 0.5734391 -13.691196 0 0.9520572 0.30592006 0.928442 0.82798123
-8.756101 0.5099274 -13.493539 0 0.9520582 0.30591705 0.9257279 0.80819505
-8.756101 0.5734391 -13.691196 0 0.9520583 0.30591673 0.928442 0.80819505
-10.197039 0.5099274 -13.493539 0 0.47102025 0.8821224 0.20592368 0.9494191
-8.756101 0.3565966 -13.411666 0 0.4710296 0.88211745 0.20802909 0.96920526
-8.756101 0.5099274 -13.493539 0 0.4710305 0.88211703 0.20592368 0.96920526
-8.756101 -0.16351175 -14.029781 0 -1 0 0.94891167 0.68996537
-10.197039 -0.16351175 -13.691196 0 -1 0 0.9442624 0.6701792
-10.197039 -0.16351175 -14.029781 0 -1 0 0.94891167 0.6701792
-8.756101 1.0935476 -13.411666 0 0 1 0.23171876 0.96920526
-10.197039 0.79028165 -13.411666 0 0 1 0.23588307 0.94941914
-8.756101 0.79028165 -13.411666 0 0 1 0.23588307 0.96920526
-8.476569 1.0935476 -14.029781 1 0 0 0.9436603 0.7858792
-8.476569 0.79028165 -13.691196 1 0 0 0.94782466 0.78123
-8.476569 0.79028165 -14.029781 1 0 0 0.94782466 0.7858792
-10.197039 1.3103901 -14.029781 0 1 0 0.9489183 0.7604871
-8.756101 1.3103901 -13.691196 0 1 0 0.94426906 0.74070084
-8.756101 1.3103901 -14.029781 0 1 0 0.9489183 0.74070084
-10.476569 1.0935476 -13.691196 -1 0 0 0.50275624 0.9732056
-10.476569 0.79028165 -14.029781 -1 0 0 0.5069205 0.9685564
-10.476569 0.79028165 -13.691196 -1 0 0 0.5069205 0.9732056
-10.197039 1.0935476 -14.309312 0 0 -1 0.9450636 0.19623059
-8.756101 0.79028165 -14.309312 0 0 -1 0.9492279 0.17644438
-10.197039 0.79028165 -14.309312 0 0 -1 0.9492279 0.19623059
-10.197039 0.5734391 -13.691196 -0.26348895 -0.9279803 0.2634887 0.92844206 0.8487242
-10.358426 0.6650876 -13.529809 -0.26348892 -0.92798024 0.2634887 0.92622596 0.8465081
-10.394696 0.63695085 -13.691196 -0.29782045 -0.92686623 0.22852129 0.92844206 0.84601
-10.197039 0.79028165 -13.411666 -0.30871323 -0.4113403 0.8576102 0.23588307 0.94941914
-10.358426 0.6650876 -13.529809 -0.32111758 -0.39729786 0.8596732 0.23760216 0.94720304
-10.197039 0.63695085 -13.493539 -0.26995593 -0.45352682 0.8493746 0.23798855 0.94941914
-10.476569 0.79028165 -13.691196 -0.85760695 -0.41134676 0.30871403 0.5069205 0.9732056
-10.358426 0.6650876 -13.529809 -0.85967034 -0.39730325 0.32111838 0.50863963 0.9754217
-10.394696 0.79028165 -13.493539 -0.86404824 -0.35401157 0.35790554 0.5069205 0.9759198
-10.197039 1.0935476 -13.411666 -0.30871308 0.41133982 0.8576105 0.23171876 0.94941914
-10.358426 1.2187415 -13.529809 -0.3211173 0.39729747 0.8596734 0.22999968 0.94720304
-10.394696 1.0935475 -13.493539 -0.35790423 0.35400942 0.8640497 0.23171876 0.946705
-10.197039 1.3103901 -13.691196 -0.26348945 0.9279802 0.2634887 0.94426906 0.7604871
-10.358426 1.2187415 -13.529809 -0.26348943 0.9279802 0.2634887 0.94205296 0.7627032
-10.197039 1.2468784 -13.493539 -0.22852547 0.9268649 0.2978214 0.9415549 0.7604871
-10.476569 1.0935476 -13.691196 -0.8576068 0.41134673 0.30871406 0.50275624 0.9732056
-10.358426 1.2187415 -13.529809 -0.85967094 0.3973035 0.32111663 0.5010371 0.9754217
-10.394696 1.2468784 -13.691196 -0.8493679 0.45353574 0.26996225 0.50065076 0.9732056
-10.197039 0.5734391 -14.029781 -0.26349017 -0.9279799 -0.2634886 0.93309134 0.8487242
-10.358426 0.6650876 -14.191169 -0.2634901 -0.9279799 -0.26348865 0.9353074 0.8465081
-10.197039 0.63695085 -14.22744 -0.2285269 -0.9268641 -0.29782286 0.93580544 0.8487242
-10.476569 0.79028165 -14.029781 -0.8576081 -0.41134465 -0.30871353 0.5069205 0.9685564
-10.358426 0.6650876 -14.191169 -0.859671 -0.39730254 -0.3211176 0.50863963 0.9663403
-10.394696 0.63695085 -14.029781 -0.8493726 -0.4535298 -0.26995742 0.50902593 0.9685564
-10.197039 0.79028165 -14.309312 -0.3087138 -0.4113409 -0.85760975 0.9492279 0.19623059
-10.358426 0.6650876 -14.191169 -0.32111704 -0.39729887 -0.8596729 0.950947 0.1984467
-10.394696 0.79028165 -14.22744 -0.3579009 -0.35401168 -0.86405027 0.9492279 0.19894475
-10.197039 1.3103901 -14.029781 -0.26349065 0.9279798 -0.26348862 0.9489183 0.7604871
-10.358426 1.2187415 -14.191169 -0.26349056 0.92797977 -0.2634887 0.95113444 0.7627032
-10.394696 1.2468784 -14.029781 -0.29782036 0.9268659 -0.22852294 0.9489183 0.76320124
-10.197039 1.0935476 -14.309312 -0.3087137 0.4113404 -0.85761 0.9450636 0.19623059
-10.358426 1.2187415 -14.191169 -0.32111683 0.39729849 -0.85967314 0.94334453 0.1984467
-10.197039 1.2468784 -14.22744 -0.26996017 0.4535254 -0.849374 0.9429582 0.19623059
-10.476569 1.0935476 -14.029781 -0.85760796 0.41134474 -0.30871367 0.50275624 0.9685564
-10.358426 1.2187415 -14.191169 -0.8596715 0.39730284 -0.32111585 0.5010371 0.9663403
-10.394696 1.0935475 -14.22744 -0.8640501 0.3540168 -0.35789627 0.50275624 0.96584225
-8.756101 0.5734391 -13.691196 0.26348877 -0.92798 0.26348966 0.92844206 0.86851037
-8.594712 0.6650876 -13.529809 0.263489 -0.92798 0.2634894 0.92622596 0.87072647
-8.756101 0.63695085 -13.493539 0.22852428 -0.92686445 0.29782385 0.9257279 0.86851037
-8.476569 0.79028165 -13.691196 0.8576064 -0.4113465 0.3087156 0.94782466 0.78123
-8.594712 0.6650876 -13.529809 0.85967 -0.39730307 0.32111958 0.9495437 0.7790139
-8.558442 0.63695085 -13.691196 0.8493687 -0.4535359 0.26995927 0.94993013 0.78123
-8.756101 0.79028165 -13.411666 0.30871162 -0.41134664 0.8576078 0.23588307 0.96920526
-8.594712 0.6650876 -13.529809 0.3211154 -0.39730525 0.8596705 0.23760216 0.9714214
-8.558442 0.79028165 -13.493539 0.35789996 -0.35402134 0.8640466 0.23588307 0.9719194
-8.756101 1.3103901 -13.691196 0.26348925 0.92797977 0.26349 0.94426906 0.74070084
-8.594712 1.2187415 -13.529809 0.26348948 0.9279798 0.26348975 0.94205296 0.7384848
-8.558442 1.2468784 -13.691196 0.29782042 0.92686605 0.22852212 0.94426906 0.73798674
-8.756101 1.0935476 -13.411666 0.30871126 0.41134596 0.85760826 0.23171876 0.96920526
-8.594712 1.2187415 -13.529809 0.32111505 0.39730483 0.859671 0.22999968 0.9714214
-8.756101 1.2468784 -13.493539 0.26995686 0.45352754 0.84937394 0.22961335 0.96920526
-8.476569 1.0935476 -13.691196 0.857607 0.411347 0.30871356 0.9436603 0.78123
-8.594712 1.2187415 -13.529809 0.8596704 0.39730337 0.32111806 0.94194126 0.7790139
-8.558442 1.0935475 -13.493539 0.86404836 0.35401157 0.35790554 0.9436603 0.7785158
-8.756101 0.5734391 -14.029781 0.26348856 -0.9279807 -0.26348764 0.93309134 0.86851037
-8.594712 0.6650876 -14.191169 0.2634887 -0.92798066 -0.26348746 0.9353074 0.87072647
-8.558442 0.63695085 -14.029781 0.29782042 -0.92686605 -0.22852212 0.93309134 0.87122446
-8.756101 0.79028165 -14.309312 0.3087132 -0.4113411 -0.85761 0.9492279 0.17644438
-8.594712 0.6650876 -14.191169 0.3211162 -0.3972981 -0.85967356 0.950947 0.17422827
-8.756101 0.63695085 -14.22744 0.26996097 -0.45352829 -0.84937227 0.9513334 0.17644438
-8.476569 0.79028165 -14.029781 0.85760766 -0.4113444 -0.30871513 0.94782466 0.7858792
-8.594712 0.6650876 -14.191169 0.85967064 -0.39730233 -0.32111877 0.9495437 0.7880953
-8.558442 0.79028165 -14.22744 0.8640475 -0.35401562 -0.35790333 0.94782466 0.78859335
-8.756101 1.3103901 -14.029781 0.26348898 0.9279804 -0.26348796 0.9489183 0.74070084
-8.594712 1.2187415 -14.191169 0.26348913 0.9279804 -0.26348785 0.95113444 0.7384848
-8.756101 1.2468784 -14.22744 0.22852477 0.92686534 -0.29782054 0.95163244 0.74070084
-8.476569 1.0935476 -14.029781 0.85760814 0.41134495 -0.30871317 0.9436603 0.7858792
-8.594712 1.2187415 -14.191169 0.859671 0.39730278 -0.3211173 0.94194126 0.7880953
-8.558442 1.2468784 -14.029781 0.8493726 0.45353013 -0.2699566 0.9415549 0.7858792
-8.756101 1.0935476 -14.309312 0.30871302 0.4113404 -0.85761034 0.9450636 0.17644438
-8.594712 1.2187415 -14.191169 0.32111588 0.39729753 -0.8596739 0.94334453 0.17422827
-8.558442 1.0935475 -14.22744 0.35789773 0.35400918 -0.8640525 0.9450636 0.17373024
-10.197039 0.5734391 -13.691196 -0.30591762 -0.952058 -0 0.92844206 0.8487242
-10.394696 0.63695085 -14.029781 -0.30591714 -0.9520582 -0 0.93309134 0.84601
-10.197039 0.5734391 -14.029781 -0.30591658 -0.9520583 -0 0.93309134 0.8487242
-10.394696 0.63695085 -13.691196 -0.88212246 -0.4710203 -0 0.50902593 0.9732056
-10.476569 0.79028165 -14.029781 -0.88212246 -0.4710203 -0 0.5069205 0.9685564
-10.394696 0.63695085 -14.029781 -0.8821224 -0.47102028 -0 0.50902593 0.9685564
-10.197039 0.79028165 -13.411666 -0.38268635 0 0.92387843 0.23588307 0.94941914
-10.394696 1.0935475 -13.493539 -0.38268512 0 0.9238789 0.23171876 0.946705
-10.394696 0.79028165 -13.493539 -0.3826884 0 0.9238775 0.23588307 0.946705
-10.394696 1.0935475 -13.493539 -0.92387813 0 0.38268682 0.50275624 0.9759198
-10.476569 0.79028165 -13.691196 -0.92387813 0 0.38268694 0.5069205 0.9732056
-10.394696 0.79028165 -13.493539 -0.9238781 0 0.38268706 0.5069205 0.9759198
-10.197039 1.3103901 -14.029781 -0.30591738 0.95205814 0 0.9489183 0.7604871
-10.394696 1.2468784 -13.691196 -0.3059177 0.95205796 0 0.94426906 0.76320124
-10.197039 1.3103901 -13.691196 -0.3059182 0.95205784 0 0.94426906 0.7604871
-10.394696 1.2468784 -14.029781 -0.8821225 0.47102022 0 0.50065076 0.9685564
-10.476569 1.0935476 -13.691196 -0.88212234 0.47102037 0 0.50275624 0.9732056
-10.394696 1.2468784 -13.691196 -0.88212234 0.47102055 0 0.50065076 0.9732056
-10.197039 0.79028165 -14.309312 -0.3826825 0 -0.92388 0.9492279 0.19623059
-10.394696 1.0935475 -14.22744 -0.38268134 0 -0.9238805 0.9450636 0.19894475
-10.197039 1.0935476 -14.309312 -0.3826793 0 -0.9238813 0.9450636 0.19623059
-10.394696 1.0935475 -14.22744 -0.9238787 0 -0.38268536 0.50275624 0.96584225
-10.476569 0.79028165 -14.029781 -0.9238788 0 -0.3826854 0.5069205 0.9685564
-10.476569 1.0935476 -14.029781 -0.9238788 0 -0.38268527 0.50275624 0.9685564
-10.197039 0.5734391 -14.029781 0 -0.9520583 -0.30591673 0.93309134 0.8487242
-8.756101 0.63695085 -14.22744 0 -0.9520583 -0.30591673 0.93580544 0.86851037
-8.756101 0.5734391 -14.029781 0 -0.9520583 -0.30591673 0.93309134 0.86851037
-10.197039 0.63695085 -14.22744 0 -0.4710194 -0.88212293 0.9513334 0.19623059
-8.756101 0.79028165 -14.309312 0 -0.47101867 -0.88212335 0.9492279 0.17644438
-8.756101 0.63695085 -14.22744 0 -0.47101858 -0.8821233 0.9513334 0.17644438
-8.756101 1.3103901 -14.029781 0 0.9520583 -0.30591673 0.9489183 0.74070084
-10.197039 1.2468784 -14.22744 0 0.9520583 -0.30591673 0.95163244 0.7604871
-10.197039 1.3103901 -14.029781 0 0.9520583 -0.30591673 0.9489183 0.7604871
-8.756101 1.2468784 -14.22744 0 0.47101867 -0.88212335 0.9429582 0.17644438
-10.197039 1.0935476 -14.309312 0 0.4710194 -0.88212293 0.9450636 0.19623059
-10.197039 1.2468784 -14.22744 0 0.47101945 -0.8821229 0.9429582 0.19623059
-8.476569 0.79028165 -14.029781 0.92387956 0 -0.3826836 0.94782466 0.7858792
-8.558442 1.0935475 -14.22744 0.9238799 0 -0.3826825 0.9436603 0.78859335
-8.476569 1.0935476 -14.029781 0.9238807 0 -0.38268057 0.9436603 0.7858792
-8.558442 0.79028165 -14.22744 0.38267982 0 -0.92388105 0.9492279 0.17373024
-8.756101 1.0935476 -14.309312 0.38268006 0 -0.92388105 0.9450636 0.17644438
-8.558442 1.0935475 -14.22744 0.38268033 0 -0.9238808 0.9450636 0.17373024
-8.756101 0.5734391 -14.029781 0.30591565 -0.9520587 0 0.93309134 0.86851037
-8.558442 0.63695085 -13.691196 0.30591512 -0.9520588 0 0.92844206 0.87122446
-8.756101 0.5734391 -13.691196 0.3059146 -0.952059 0 0.92844206 0.86851037
-8.558442 0.63695085 -14.029781 0.88212246 -0.4710203 0 0.94993013 0.7858792
-8.476569 0.79028165 -13.691196 0.88212246 -0.4710203 0 0.94782466 0.78123
-8.558442 0.63695085 -13.691196 0.8821224 -0.47102028 0 0.94993013 0.78123
-8.756101 1.3103901 -13.691196 0.30591542 0.95205873 0 0.94426906 0.74070084
-8.558442 1.2468784 -14.029781 0.3059158 0.9520587 0 0.94891834 0.73798674
-8.756101 1.3103901 -14.029781 0.30591616 0.95205843 0 0.9489183 0.74070084
-8.558442 1.2468784 -13.691196 0.8821225 0.47102022 0 0.9415549 0.78123
-8.476569 1.0935476 -14.029781 0.88212234 0.47102037 0 0.9436603 0.7858792
-8.558442 1.2468784 -14.029781 0.88212234 0.47102055 0 0.9415549 0.7858792
-8.756101 0.79028165 -13.411666 0.38268363 0 0.9238795 0.23588307 0.96920526
-8.558442 1.0935475 -13.493539 0.38268387 0 0.92387944 0.23171876 0.9719194
-8.756101 1.0935476 -13.411666 0.38268426 0 0.9238792 0.23171876 0.96920526
-8.558442 1.0935475 -13.493539 0.92387974 0 0.38268307 0.9436603 0.7785158
-8.476569 0.79028165 -13.691196 0.9238792 0 0.3826845 0.94782466 0.78123
-8.476569 1.0935476 -13.691196 0.9238808 0 0.38268045 0.9436603 0.78123
-8.756101 0.5734391 -13.691196 0 -0.9520572 0.30592006 0.92844206 0.86851037
-10.197039 0.63695085 -13.493539 0 -0.9520582 0.30591705 0.9257279 0.8487242
-10.197039 0.5734391 -13.691196 0 -0.9520583 0.30591673 0.92844206 0.8487242
-8.756101 0.63695085 -13.493539 0 -0.47101957 0.88212276 0.23798855 0.96920526
-10.197039 0.79028165 -13.411666 0 -0.4710303 0.88211703 0.23588307 0.94941914
-10.197039 0.63695085 -13.493539 0 -0.47103122 0.88211656 0.23798855 0.94941914
-10.197039 1.3103901 -13.691196 0 0.9520572 0.30592006 0.94426906 0.7604871
-8.756101 1.2468784 -13.493539 0 0.9520582 0.30591705 0.9415549 0.74070084
-8.756101 1.3103901 -13.691196 0 0.9520583 0.30591673 0.94426906 0.74070084
-10.197039 1.2468784 -13.493539 0 0.47102025 0.8821224 0.22961335 0.94941914
-8.756101 1.0935476 -13.411666 0 0.4710296 0.88211745 0.23171876 0.96920526
-8.756101 1.2468784 -13.493539 0 0.4710305 0.88211703 0.22961335 0.96920526
-8.756101 0.5734391 -14.029781 0 -1 0 0.93309134 0.86851037
-10.197039 0.5734391 -13.691196 0 -1 0 0.92844206 0.8487242
-10.197039 0.5734391 -14.029781 0 -1 0 0.93309134 0.8487242
-0.89509684 0.3565966 8.749118 0 0 1 0.380263 0.94507354
0.82537246 0.3565966 8.469587 1 0 0 0.7628082 0.96102035
-0.89509684 0.5734391 8.469587 0 1 0 0.23402987 0.92867625
-1.1746275 0.3565966 8.131002 -1 0 0 0.96837467 0.06576635
0.54584175 0.3565966 7.851472 0 0 -1 0.9575221 0.48225358
-0.8950969 -0.10000008 8.667245 -0.22852787 -0.9268634 0.2978246 0.2667854 0.92867625
-1.092755 0.05333072 8.667245 -0.35790116 -0.35401654 0.8640481 0.3844273 0.94235945
-1.092755 -0.10000008 8.469587 -0.8493693 -0.4535341 0.26996067 0.97464436 0.07041563
-0.8950969 0.5099274 8.667245 -0.26995754 0.45353708 0.8493687 0.37815753 0.94507354
-1.092755 0.5099274 8.469587 -0.2978197 0.9268656 0.22852491 0.23402987 0.9313904
-1.092755 0.3565966 8.667245 -0.86404806 0.3540177 0.3579002 0.96837467 0.07312972
-1.0927548 -0.10000008 8.131002 -0.29782137 -0.92686456 -0.22852689 0.25942203 0.9313904
-1.0927548 0.05333072 7.9333444 -0.86404616 -0.35402253 -0.35789984 0.97253895 0.06305219
-0.8950968 -0.10000008 7.9333444 -0.26996246 -0.45352945 -0.84937114 0.9637919 0.50203985
-0.8950969 0.5099274 7.9333444 -0.22852664 0.9268648 -0.29782104 0.24139328 0.92867625
-1.092755 0.3565966 7.9333444 -0.35789904 0.35401848 -0.86404824 0.9575221 0.50475395
-1.092755 0.5099274 8.131002 -0.84937155 0.45352858 -0.26996267 0.9662692 0.06576635
0.74349976 -0.10000008 8.469587 0.29781976 -0.92686564 0.22852503 0.26407132 0.90617585
0.74349976 0.05333072 8.667245 0.8640469 -0.35401958 0.35790107 0.7669725 0.95830625
0.5458417 -0.10000008 8.667245 0.26995832 -0.45353016 0.8493722 0.38653272 0.9648597
0.54584175 0.5099274 8.667245 0.22852582 0.9268642 0.2978234 0.23131575 0.90889
0.7434998 0.3565966 8.667245 0.35790133 0.35401866 0.86404717 0.380263 0.9675739
0.7434998 0.5099274 8.469587 0.8493701 0.45353258 0.26996037 0.7607027 0.96102035
0.54584175 -0.10000008 7.9333444 0.22852692 -0.9268646 -0.2978211 0.25670788 0.90889
0.7434998 0.05333072 7.9333444 0.35789955 -0.3540191 -0.8640477 0.96168643 0.47953948
0.7434998 -0.10000008 8.131002 0.8493718 -0.45352855 -0.26996222 0.76907796 0.96566963
0.74349976 0.5099274 8.131002 0.29782185 0.92686456 -0.22852658 0.23867914 0.90617585
0.74349976 0.3565966 7.9333444 0.86404616 0.35402232 -0.35790017 0.7628082 0.9683838
0.5458417 0.5099274 7.9333444 0.26996234 0.45352966 -0.8493712 0.9554166 0.48225358
-0.89509684 -0.16351175 8.469587 -0.3059161 -0.95205855 -0 0.26407132 0.92867625
-1.1746275 0.05333072 8.469587 -0.8821233 -0.47101876 -0 0.97253895 0.07041563
-1.092755 0.3565966 8.667245 -0.38268483 0 0.92387897 0.380263 0.94235945
-1.1746275 0.3565966 8.469587 -0.9238794 0 0.38268384 0.96837467 0.07041563
-1.092755 0.5099274 8.131002 -0.30591616 0.95205843 0 0.23867914 0.9313904
-1.1746275 0.3565966 8.131002 -0.88212323 0.4710187 0 0.96837467 0.06576635
-0.89509684 0.05333072 7.851472 -0.38268262 0 -0.9238799 0.96168643 0.50203985
-1.1746275 0.05333072 8.131002 -0.9238794 0 -0.38268378 0.97253895 0.06576635
-0.8950968 -0.10000008 7.9333444 0 -0.9520584 -0.3059165 0.25670788 0.92867625
-0.89509684 0.05333072 7.851472 0 -0.4710129 -0.88212645 0.96168643 0.50203985
0.5458417 0.5099274 7.9333444 0 0.9520584 -0.30591673 0.24139328 0.90889
0.54584175 0.3565966 7.851472 0 0.4710129 -0.88212645 0.9575221 0.48225358
0.7434998 0.05333072 7.9333444 0.9238794 1.2246844e-07 -0.38268378 0.7669725 0.9683838
0.7434998 0.05333072 7.9333444 0.38268277 0 -0.9238798 0.96168643 0.47953948
0.7434998 -0.10000008 8.131002 0.30591586 -0.9520586 1.05991504e-07 0.25942203 0.90617585
0.82537246 0.05333072 8.131002 0.8821224 -0.4710203 0 0.7669725 0.96566963
0.7434998 0.5099274 8.469587 0.30591732 0.9520581 -1.05991944e-07 0.23402987 0.90617585
0.7434998 0.5099274 8.469587 0.88212323 0.4710187 0 0.7607027 0.96102035
0.74349976 0.05333072 8.667245 0.3826848 -2.4487122e-06 0.92387897 0.3844273 0.9675739
0.82537246 0.05333072 8.469587 0.92387927 0 0.3826842 0.7669725 0.96102035
0.5458417 -0.10000008 8.667245 0 -0.9520578 0.30591834 0.2667854 0.90889
0.54584175 0.05333072 8.749118 0 -0.4710188 0.88212323 0.3844273 0.9648597
-0.8950969 0.5099274 8.667245 0 0.95205766 0.3059186 0.23131575 0.92867625
-0.8950969 0.5099274 8.667245 0 0.47101602 0.88212466 0.37815753 0.94507354
0.54584175 -0.16351175 8.469587 0 -1 0 0.26407132 0.90889
-0.89509684 1.0935476 8.749118 0 0 1 0.040255524 0.9456303
0.82537246 1.0935476 8.469587 1 0 0 0.9682934 0.5968888
-0.89509684 1.3103901 8.469587 0 1 0 0.40456146 0.933847
-1.1746275 1.0935476 8.131002 -1 0 0 0.9278223 0.52409303
0.54584175 1.0935476 7.851472 0 0 -1 0.074627586 0.93676466
-0.8950969 0.63695085 8.667245 -0.22852741 -0.9268633 0.297825 0.19060902 0.92867625
-1.092755 0.79028165 8.667245 -0.35790122 -0.3540164 0.8640481 0.04441983 0.9429162
-1.092755 0.63695085 8.469587 -0.84936905 -0.4535341 0.2699611 0.93409204 0.52874225
-0.8950969 1.2468784 8.667245 -0.26995757 0.4535369 0.8493688 0.03815005 0.9456303
-1.092755 1.2468784 8.469587 -0.29781967 0.9268655 0.22852546 0.40456146 0.93656117
-1.092755 1.0935475 8.667245 -0.864048 0.35401767 0.35790023 0.92782235 0.5314564
-1.0927548 0.63695085 8.131002 -0.29782182 -0.9268645 -0.22852656 0.18324561 0.9313904
-1.0927548 0.79028165 7.9333444 -0.86404616 -0.35402262 -0.35789993 0.9319866 0.5213789
-0.8950968 0.63695085 7.9333444 -0.26996255 -0.4535296 -0.849371 0.08089731 0.95655084
-0.8950969 1.2468784 7.9333444 -0.22852716 0.9268646 -0.2978211 0.4119249 0.933847
-1.092755 1.0935475 7.9333444 -0.35789886 0.35401866 -0.8640481 0.074627586 0.959265
-1.092755 1.2468784 8.131002 -0.84937143 0.45352852 -0.269963 0.9257169 0.52409303
0.74349976 0.63695085 8.469587 0.29782024 -0.9268655 0.22852468 0.18789488 0.90617585
0.74349976 0.79028165 8.667245 0.8640469 -0.3540193 0.35790133 0.9724577 0.5941747
0.5458417 0.63695085 8.667245 0.2699579 -0.45353016 0.8493722 0.04652524 0.9654165
0.54584175 1.2468784 8.667245 0.22852698 0.92686397 0.29782334 0.40184736 0.9140608
0.7434998 1.0935475 8.667245 0.35790098 0.35401872 0.8640473 0.040255524 0.96813065
0.7434998 1.2468784 8.469587 0.8493698 0.45353273 0.2699612 0.966188 0.5968888
0.54584175 0.63695085 7.9333444 0.22852622 -0.9268648 -0.29782134 0.18053149 0.90889
0.7434998 0.79028165 7.9333444 0.35789928 -0.354019 -0.8640478 0.078791894 0.9340505
0.7434998 0.63695085 8.131002 0.8493719 -0.45352852 -0.2699616 0.9745632 0.60153806
0.74349976 1.2468784 8.131002 0.29782102 0.9268647 -0.22852726 0.40921074 0.9113467
0.74349976 1.0935475 7.9333444 0.8640461 0.3540223 -0.3579001 0.9682934 0.6042522
0.5458417 1.2468784 7.9333444 0.26996315 0.4535295 -0.8493709 0.07252212 0.93676466
-1.092755 0.63695085 8.469587 -0.3059165 -0.95205843 -2.1198332e-07 0.18789488 0.9313904
-1.1746275 0.79028165 8.469587 -0.88212323 -0.4710187 -0 0.9319866 0.52874225
-1.092755 1.0935475 8.667245 -0.38268507 0 0.92387897 0.040255524 0.9429162
-1.1746275 1.0935476 8.469587 -0.9238798 0 0.3826828 0.9278223 0.52874225
-1.092755 1.2468784 8.131002 -0.30591697 0.9520582 0 0.40921074 0.93656117
-1.1746275 1.0935476 8.131002 -0.88212335 0.4710185 0 0.9278223 0.52409303
-0.89509684 0.79028165 7.851472 -0.38268274 0 -0.9238798 0.078791894 0.95655084
-1.1746275 0.79028165 8.131002 -0.9238795 0 -0.38268375 0.9319866 0.52409303
-0.8950968 0.63695085 7.9333444 0 -0.9520584 -0.30591673 0.18053149 0.92867625
-0.89509684 0.79028165 7.851472 0 -0.4710129 -0.88212645 0.078791894 0.95655084
0.5458417 1.2468784 7.9333444 0 0.9520584 -0.30591673 0.4119249 0.9140608
0.54584175 1.0935476 7.851472 0 0.4710129 -0.88212645 0.074627586 0.93676466
0.7434998 0.79028165 7.9333444 0.9238794 1.2246846e-07 -0.38268387 0.9724577 0.6042522
0.7434998 0.79028165 7.9333444 0.38268277 0 -0.9238799 0.078791894 0.9340505
0.7434998 0.63695085 8.131002 0.30591604 -0.9520585 1.0599149e-07 0.18324561 0.90617585
0.82537246 0.79028165 8.131002 0.8821224 -0.47102028 0 0.9724577 0.60153806
0.7434998 1.2468784 8.469587 0.3059181 0.95205784 -1.05991916e-07 0.4045615 0.9113467
0.82537246 1.0935476 8.469587 0.88212335 0.4710185 0 0.9682934 0.5968888
0.74349976 0.79028165 8.667245 0.38268483 -2.4487122e-06 0.92387897 0.04441983 0.96813065
0.74349976 0.79028165 8.667245 0.923879 0 0.38268468 0.9724577 0.5941747
0.5458417 0.63695085 8.667245 0 -0.9520577 0.30591857 0.19060901 0.90889
0.54584175 0.79028165 8.749118 0 -0.4710188 0.88212323 0.04441983 0.9654165
-0.8950969 1.2468784 8.667245 0 0.95205766 0.3059186 0.40184733 0.933847
-0.8950969 1.2468784 8.667245 0 0.47101602 0.88212466 0.03815005 0.9456303
0.54584175 0.5734391 8.469587 0 -1 0 0.18789488 0.90889
7.258807 0.3565966 8.749118 0 0 1 0.94394326 0.010371456
8.979277 0.3565966 8.469587 1 0 0 0.4583297 0.69620186
7.258807 0.5734391 8.469587 0 1 0 0.010371426 0.92675847
6.9792767 0.3565966 8.131002 -1 0 0 0.96837455 0.09115842
8.699746 0.3565966 7.851472 0 0 -1 0.9575221 0.36066648
7.258807 -0.10000008 8.667245 -0.22852628 -0.9268639 0.29782414 0.8542101 0.9158348
7.061149 0.05333072 8.667245 -0.35790205 -0.35401535 0.8640482 0.94810754 0.0076573035
7.061149 -0.10000008 8.469587 -0.84937024 -0.45353457 0.26995662 0.9746443 0.0958077
7.258807 0.5099274 8.667245 -0.26995713 0.4535364 0.8493691 0.94183785 0.010371456
7.061149 0.5099274 8.469587 -0.29781887 0.9268664 0.22852267 0.010371426 0.9294726
7.061149 0.3565966 8.667245 -0.8640496 0.35401207 0.3579019 0.96837455 0.09852179
7.061149 -0.10000008 8.131002 -0.29782104 -0.92686534 -0.22852452 0.86157346 0.91312075
7.061149 0.05333072 7.9333444 -0.86404747 -0.3540189 -0.35790038 0.9725389 0.08844427
7.258807 -0.10000008 7.9333444 -0.26996168 -0.4535363 -0.84936786 0.9637919 0.3804527
7.258807 0.5099274 7.9333444 -0.22852649 0.92686415 -0.2978229 0.017734827 0.92675847
7.061149 0.3565966 7.9333444 -0.3579009 0.35401198 -0.86405015 0.9575221 0.38316682
7.061149 0.5099274 8.131002 -0.8493721 0.4535309 -0.26995707 0.96626914 0.09115842
8.897404 -0.10000008 8.469587 0.29782024 -0.9268654 0.22852495 0.8569242 0.9383352
8.897404 0.05333072 8.667245 0.86404824 -0.3540201 0.35789746 0.46249402 0.69348776
8.699745 -0.10000008 8.667245 0.26995698 -0.4535361 0.84936947 0.950213 0.03015766
8.699746 0.5099274 8.667245 0.22852731 0.92686325 0.2978253 0.0076572737 0.9069722
8.897404 0.3565966 8.667245 0.35790297 0.35402027 0.8640458 0.94394326 0.032871813
8.897404 0.5099274 8.469587 0.84936833 0.45353365 0.26996428 0.45622423 0.69620186
8.699746 -0.10000008 7.9333444 0.2285271 -0.9268653 -0.29781896 0.8642876 0.935621
8.897404 0.05333072 7.9333444 0.3578987 -0.35401618 -0.8640493 0.96168643 0.35795236
8.897404 -0.10000008 8.131002 0.84937024 -0.45353177 -0.2699615 0.4645995 0.70085114
8.897404 0.5099274 8.131002 0.29782376 0.9268636 -0.22852796 0.015020676 0.90425813
8.897404 0.3565966 7.9333444 0.86404693 0.35402474 -0.3578958 0.4583297 0.7035653
8.699745 0.5099274 7.9333444 0.26995978 0.45353353 -0.8493698 0.9554167 0.36066648
7.061149 -0.10000008 8.469587 -0.305917 -0.9520582 -0 0.8569242 0.91312075
6.9792767 0.05333072 8.469587 -0.88212407 -0.47101715 -0 0.9725389 0.0958077
7.061149 0.3565966 8.667245 -0.3826858 0 0.92387855 0.94394326 0.0076573035
6.9792767 0.3565966 8.469587 -0.9238781 0 0.38268697 0.96837455 0.0958077
7.061149 0.5099274 8.131002 -0.30591616 0.95205843 0 0.015020676 0.9294726
6.9792767 0.3565966 8.131002 -0.88212323 0.4710187 0 0.96837455 0.09115842
7.061149 0.05333072 7.9333444 -0.38268393 0 -0.9238794 0.96168643 0.38316682
6.9792767 0.05333072 8.131002 -0.9238785 0 -0.3826862 0.9725389 0.09115842
7.258807 -0.10000008 7.9333444 0 -0.9520584 -0.30591655 0.8642876 0.9158348
7.258807 0.05333072 7.851472 0 -0.47101858 -0.8821233 0.96168643 0.3804527
8.699746 0.5734391 8.131002 0 0.952059 -0.30591458 0.015020676 0.9069722
8.699746 0.3565966 7.851472 0 0.4710186 -0.8821233 0.9575221 0.36066648
8.897404 0.05333072 7.9333444 0.9238785 0 -0.3826862 0.46249402 0.7035653
8.699746 0.05333072 7.851472 0.3826865 0 -0.9238783 0.96168643 0.36066648
8.897404 -0.10000008 8.131002 0.305916 -0.95205855 0 0.86157346 0.9383352
8.979277 0.05333072 8.131002 0.8821224 -0.4710203 0 0.46249402 0.70085114
8.897404 0.5099274 8.469587 0.30591717 0.95205814 0 0.010371426 0.90425813
8.979277 0.3565966 8.469587 0.8821224 0.47102028 0 0.4583297 0.69620186
8.897404 0.05333072 8.667245 0.38268322 0 0.92387974 0.94810754 0.032871813
8.979277 0.05333072 8.469587 0.92388076 0 0.38268068 0.46249402 0.69620186
8.699746 -0.16351175 8.469587 0 -0.9520588 0.30591533 0.8569242 0.935621
8.699746 0.05333072 8.749118 0 -0.4710186 0.8821233 0.94810754 0.03015766
7.258807 0.5099274 8.667245 0 0.95205766 0.30591857 0.0076572737 0.92675847
7.258807 0.3565966 8.749118 0 0.47102454 0.88212013 0.94394326 0.010371456
8.699746 -0.16351175 8.469587 0 -1 0 0.8569242 0.935621
7.258807 1.0935476 8.749118 0 0 1 0.7120239 0.92049134
8.979277 1.0935476 8.469587 1 0 0 0.9687535 0.1344325
7.258807 1.3103901 8.469587 0 1 0 0.13291492 0.9312125
6.9792767 1.0935476 8.131002 -1 0 0 0.712024 0.96102047
8.699746 1.0935476 7.851472 0 0 -1 0.9575221 0.40119553
7.258807 0.63695085 8.667245 -0.22852582 -0.92686373 0.29782498 0.8288179 0.91637206
7.061149 0.79028165 8.667245 -0.35790235 -0.35401535 0.8640481 0.7161882 0.91777724
7.061149 0.63695085 8.469587 -0.8493705 -0.4535348 0.26995575 0.71829367 0.96566975
7.258807 1.2468784 8.667245 -0.26995772 0.4535372 0.8493685 0.70991844 0.92049134
7.061149 1.2468784 8.469587 -0.2978187 0.9268659 0.22852512 0.13291492 0.9339266
7.061149 1.0935475 8.667245 -0.8640497 0.35401213 0.35790196 0.712024 0.96838385
7.061149 0.63695085 8.131002 -0.2978214 -0.9268649 -0.22852528 0.83618134 0.91365796
7.061149 0.79028165 7.9333444 -0.8640474 -0.35401902 -0.3579005 0.71618825 0.9583063
7.258807 0.63695085 7.9333444 -0.26996142 -0.45353583 -0.84936804 0.96379185 0.42098173
7.258807 1.2468784 7.9333444 -0.22852717 0.9268646 -0.2978213 0.14027828 0.9312125
7.061149 1.0935475 7.9333444 -0.3579006 0.35401204 -0.8640502 0.9575221 0.42369586
7.061149 1.2468784 8.131002 -0.8493719 0.45353082 -0.26995805 0.7099185 0.96102047
8.897404 0.63695085 8.469587 0.29782072 -0.92686534 0.22852494 0.83153206 0.9388724
8.897404 0.79028165 8.667245 0.8640483 -0.3540199 0.35789725 0.97291785 0.13171834
8.699745 0.63695085 8.667245 0.2699554 -0.45353413 0.849371 0.71829367 0.9402776
8.699746 1.2468784 8.667245 0.22852835 0.92686266 0.297826 0.13020076 0.91142625
8.897404 1.0935475 8.667245 0.3579026 0.3540203 0.8640459 0.7120239 0.94299173
8.897404 1.2468784 8.469587 0.8493679 0.45353377 0.26996532 0.96664804 0.13443244
8.699746 0.63695085 7.9333444 0.22852619 -0.92686474 -0.29782134 0.83889544 0.9361583
8.897404 0.79028165 7.9333444 0.35790116 -0.35401872 -0.86404717 0.96168643 0.3984814
8.897404 0.63695085 8.131002 0.8493693 -0.4535312 -0.26996523 0.97502327 0.13908172
8.897404 1.2468784 8.131002 0.297823 0.926864 -0.22852719 0.1375642 0.9087121
8.897404 1.0935475 7.9333444 0.86404693 0.35402474 -0.3578958 0.9687535 0.14179587
8.699745 1.2468784 7.9333444 0.26996082 0.4535338 -0.8493693 0.9554166 0.40119553
7.061149 0.63695085 8.469587 -0.30591717 -0.95205814 -0 0.83153206 0.91365796
6.9792767 0.79028165 8.469587 -0.88212407 -0.47101712 -0 0.71618825 0.96566975
7.061149 1.0935475 8.667245 -0.38268596 0 0.9238785 0.7120239 0.91777724
6.9792767 1.0935476 8.469587 -0.9238782 0 0.3826867 0.712024 0.96566975
7.061149 1.2468784 8.131002 -0.30591697 0.9520582 0 0.1375642 0.9339266
6.9792767 1.0935476 8.131002 -0.88212335 0.4710185 0 0.712024 0.96102047
7.061149 0.79028165 7.9333444 -0.38268387 0 -0.9238794 0.9616864 0.42369586
7.061149 0.79028165 7.9333444 -0.92388105 0 -0.38268003 0.71618825 0.9583063
7.258807 0.63695085 7.9333444 0 -0.9520583 -0.30591673 0.83889544 0.91637206
7.258807 0.79028165 7.851472 0 -0.47101858 -0.8821233 0.96168643 0.42098173
8.699746 1.3103901 8.131002 0 0.952059 -0.30591458 0.1375642 0.91142625
8.699746 1.0935476 7.851472 0 0.4710186 -0.8821233 0.9575221 0.40119553
8.897404 0.79028165 7.9333444 0.92388105 0 -0.38268003 0.97291785 0.14179587
8.897404 0.79028165 7.9333444 0.38268128 0 -0.9238805 0.96168643 0.3984814
8.897404 0.63695085 8.131002 0.30591616 -0.95205843 0 0.83618134 0.9388724
8.979277 0.79028165 8.131002 0.8821224 -0.47102028 0 0.97291785 0.13908172
8.897404 1.2468784 8.469587 0.30591795 0.9520579 0 0.13291492 0.9087121
8.979277 1.0935476 8.469587 0.8821226 0.4710201 0 0.9687535 0.1344325
8.897404 0.79028165 8.667245 0.38268322 0 0.9238796 0.7161882 0.94299173
8.979277 0.79028165 8.469587 0.9238782 0 0.38268694 0.97291785 0.1344325
8.699746 0.5734391 8.469587 0 -0.9520588 0.30591533 0.83153206 0.9361583
8.699746 0.79028165 8.749118 0 -0.4710186 0.8821233 0.7161882 0.9402776
7.258807 1.2468784 8.667245 0 0.95205766 0.30591857 0.13020076 0.9312125
7.258807 1.0935476 8.749118 0 0.47102454 0.88212013 0.7120239 0.92049134
8.699746 0.5734391 8.469587 0 -1 0 0.83153206 0.9361583
15.225154 0.3565966 8.749118 0 0 1 0.9458053 0.2685835
16.945623 0.3565966 8.469587 1 0 0 0.40395284 0.95458984
15.225154 0.5734391 8.469587 0 1 0 0.20863774 0.92867625
14.945623 0.3565966 8.131002 -1 0 0 0.7357137 0.9610204
16.666092 0.3565966 7.851472 0 0 -1 0.94588333 0.54948515
15.225154 -0.10000008 8.667245 -0.22852649 -0.92686456 0.2978218 0.4375903 0.9125473
15.027496 0.05333072 8.667245 -0.35790104 -0.3540123 0.86404985 0.9499696 0.26586938
15.027496 -0.10000008 8.469587 -0.84936804 -0.45353544 0.26996207 0.7419835 0.9656697
15.225154 0.5099274 8.667245 -0.26995808 0.453538 0.849368 0.94369984 0.2685835
15.027496 0.5099274 8.469587 -0.29782107 0.9268646 0.22852695 0.20863774 0.9313904
15.027496 0.3565966 8.667245 -0.8640515 0.35401076 0.3578985 0.7357137 0.9683838
15.027496 -0.10000008 8.131002 -0.2978222 -0.9268638 -0.22852887 0.44495368 0.9098332
15.027496 0.05333072 7.9333444 -0.8640468 -0.35401657 -0.3579043 0.739878 0.95830625
15.225154 -0.10000008 7.9333444 -0.2699633 -0.453539 -0.8493658 0.952153 0.5692713
15.225154 0.5099274 7.9333444 -0.22852673 0.9268651 -0.29781976 0.21600115 0.92867625
15.027496 0.3565966 7.9333444 -0.35789937 0.35401255 -0.86405045 0.94588333 0.5719855
15.027496 0.5099274 8.131002 -0.8493687 0.45353118 -0.2699673 0.73360825 0.9610204
16.86375 -0.10000008 8.469587 0.29781848 -0.92686504 0.22852878 0.4403044 0.9350477
16.86375 0.05333072 8.667245 0.8640539 -0.35401204 0.3578915 0.40811715 0.95187575
16.666092 -0.10000008 8.667245 0.2699534 -0.4535301 0.8493737 0.952075 0.2883697
16.666092 0.5099274 8.667245 0.22852434 0.92686516 0.2978215 0.20592362 0.90889
16.86375 0.3565966 8.667245 0.35790375 0.35401484 0.86404777 0.9458053 0.29108384
16.86375 0.5099274 8.469587 0.84937125 0.4535373 0.26994884 0.40184736 0.95458984
16.666092 -0.10000008 7.9333444 0.22852409 -0.926867 -0.2978159 0.44766784 0.9323335
16.86375 0.05333072 7.9333444 0.35790074 -0.35402238 -0.8640459 0.9500476 0.546771
16.86375 -0.10000008 8.131002 0.84936976 -0.4535315 -0.26996338 0.41022262 0.9592391
16.86375 0.5099274 8.131002 0.29782063 0.92686427 -0.22852899 0.21328701 0.90617585
16.86375 0.3565966 7.9333444 0.864047 0.35401642 -0.35790414 0.40395284 0.9619533
16.666092 0.5099274 7.9333444 0.2699589 0.45352387 -0.8493753 0.94377786 0.54948515
15.027496 -0.10000008 8.469587 -0.305917 -0.9520582 -0 0.4403044 0.9098332
14.945623 0.05333072 8.469587 -0.8821224 -0.4710203 -0 0.739878 0.9656697
15.027496 0.3565966 8.667245 -0.38268322 0 0.9238796 0.9458053 0.26586935
14.945623 0.3565966 8.469587 -0.9238755 0 0.38269326 0.7357137 0.9656697
15.027496 0.5099274 8.131002 -0.30591616 0.95205843 0 0.21328701 0.9313904
14.945623 0.3565966 8.131002 -0.8821224 0.47102028 0 0.7357137 0.9610204
15.027496 0.05333072 7.9333444 -0.38268134 0 -0.92388046 0.9500476 0.5719855
14.945623 0.05333072 8.131002 -0.9238758 0 -0.38269246 0.739878 0.9610204
15.225154 -0.10000008 7.9333444 0 -0.95205766 -0.30591857 0.44766784 0.9125473
15.225154 0.05333072 7.851472 0 -0.47101825 -0.88212353 0.9500476 0.5692713
16.666092 0.5099274 7.9333444 0 0.9520579 -0.30591786 0.21600115 0.90889
16.666092 0.3565966 7.851472 0 0.4710198 -0.88212264 0.94588333 0.54948515
16.86375 0.05333072 7.9333444 0.9238863 0 -0.38266736 0.40811715 0.9619533
16.666092 0.05333072 7.851472 0.38268134 0 -0.92388046 0.9500476 0.54948515
16.86375 -0.10000008 8.131002 0.305916 -0.95205855 0 0.44495368 0.9350477
16.945623 0.05333072 8.131002 0.8821224 -0.4710203 0 0.40811715 0.9592391
16.86375 0.5099274 8.469587 0.30591616 0.95205843 0 0.20863774 0.90617585
16.945623 0.3565966 8.469587 0.8821224 0.47102028 0 0.40395284 0.95458984
16.86375 0.05333072 8.667245 0.38268322 0 0.92387974 0.9499696 0.29108384
16.945623 0.05333072 8.469587 0.9238755 0 0.38269323 0.40811715 0.95458984
16.666092 -0.10000008 8.667245 0 -0.9520579 0.30591786 0.4375903 0.9323335
16.666092 0.05333072 8.749118 0 -0.4710198 0.88212264 0.9499696 0.2883697
15.225154 0.5099274 8.667245 0 0.9520576 0.30591896 0.20592362 0.92867625
15.225154 0.3565966 8.749118 0 0.47101825 0.88212353 0.9458053 0.2685835
16.666092 -0.16351175 8.469587 0 -1 0 0.4403044 0.9323335
15.225154 1.0935476 8.749118 0 0 1 0.9532255 0.8081951
16.945623 1.0935476 8.469587 1 0 0 0.9673502 0.7812299
15.225154 1.3103901 8.469587 0 1 0 0.91541934 0.3399236
14.945623 1.0935476 8.131002 -1 0 0 0.96875346 0.17644435
16.666092 1.0935476 7.851472 0 0 -1 0.9532255 0.8487242
15.225154 0.63695085 8.667245 -0.22852604 -0.9268646 0.29782182 0.2911703 0.90889
15.027496 0.79028165 8.667245 -0.3579013 -0.35401225 0.86404985 0.9573898 0.805481
15.027496 0.63695085 8.469587 -0.84936714 -0.45353508 0.26996592 0.9750232 0.18109363
15.225154 1.2468784 8.667245 -0.26995867 0.4535388 0.8493674 0.95112 0.8081951
15.027496 1.2468784 8.469587 -0.29782107 0.9268646 0.22852695 0.91541934 0.34263775
15.027496 1.0935475 8.667245 -0.86405146 0.3540108 0.35789853 0.96875346 0.18380779
15.027496 0.63695085 8.131002 -0.29782268 -0.9268637 -0.22852886 0.2985337 0.90617585
15.027496 0.79028165 7.9333444 -0.8640493 -0.3540177 -0.35789707 0.97291774 0.17373027
15.225154 0.63695085 7.9333444 -0.26996234 -0.45353743 -0.8493669 0.95949525 0.8685104
15.225154 1.2468784 7.9333444 -0.22852717 0.9268646 -0.2978213 0.9227828 0.3399236
15.027496 1.0935475 7.9333444 -0.357899 0.35401258 -0.86405057 0.9532255 0.8712245
15.027496 1.2468784 8.131002 -0.84936875 0.45353118 -0.26996726 0.966648 0.17644435
16.86375 0.63695085 8.469587 0.29781908 -0.9268653 0.22852713 0.29388443 0.9313904
16.86375 0.79028165 8.667245 0.8640489 -0.35400975 0.3579058 0.97151446 0.7785158
16.666092 0.63695085 8.667245 0.2699535 -0.45353094 0.84937316 0.95949525 0.82798135
16.666092 1.2468784 8.667245 0.22852537 0.9268645 0.29782298 0.9127052 0.32013738
16.86375 1.0935475 8.667245 0.3579034 0.35401487 0.86404777 0.9532255 0.83069545
16.86375 1.2468784 8.469587 0.8493689 0.45353627 0.26995847 0.9652447 0.7812299
16.666092 0.63695085 7.9333444 0.22852325 -0.92686665 -0.2978175 0.30124784 0.92867625
16.86375 0.79028165 7.9333444 0.35790062 -0.35402238 -0.8640459 0.95738983 0.84601
16.86375 0.63695085 8.131002 0.84937304 -0.45353323 -0.26995006 0.97361994 0.7858792
16.86375 1.2468784 8.131002 0.29781997 0.92686486 -0.22852744 0.9200686 0.31742322
16.86375 1.0935475 7.9333444 0.8640521 0.3540185 -0.35788962 0.9673502 0.78859335
16.666092 1.2468784 7.9333444 0.26995832 0.45352137 -0.84937674 0.95112 0.8487242
15.027496 0.63695085 8.469587 -0.30591717 -0.95205814 -0 0.29388443 0.90617585
14.945623 0.79028165 8.469587 -0.8821224 -0.47102028 -0 0.97291774 0.18109363
15.225154 1.0935476 8.749118 -0.38268748 0 0.9238779 0.9532255 0.8081951
14.945623 1.0935476 8.469587 -0.92387563 0 0.382693 0.96875346 0.18109363
15.027496 1.2468784 8.131002 -0.30591697 0.9520582 0 0.9200686 0.34263775
14.945623 1.0935476 8.131002 -0.8821226 0.4710201 0 0.96875346 0.17644435
15.027496 0.79028165 7.9333444 -0.38268128 0 -0.9238805 0.95738983 0.8712245
14.945623 0.79028165 8.131002 -0.92388105 0 -0.38267982 0.97291774 0.17644435
15.225154 0.63695085 7.9333444 0 -0.9520576 -0.30591896 0.30124784 0.90889
15.225154 0.79028165 7.851472 0 -0.47101825 -0.88212353 0.95738983 0.8685104
16.666092 1.2468784 7.9333444 0 0.9520579 -0.30591786 0.9227828 0.32013738
16.666092 1.0935476 7.851472 0 0.4710198 -0.88212264 0.9532255 0.8487242
16.86375 0.79028165 7.9333444 0.92388624 0 -0.38266745 0.97151446 0.78859335
16.666092 0.79028165 7.851472 0.38268143 0 -0.9238804 0.95738983 0.8487242
16.86375 0.63695085 8.131002 0.30591616 -0.95205843 0 0.2985337 0.9313904
16.945623 0.79028165 8.131002 0.8821224 -0.47102028 0 0.97151446 0.7858792
16.86375 1.2468784 8.469587 0.30591697 0.9520582 0 0.91541934 0.31742322
16.945623 1.0935476 8.469587 0.8821226 0.4710201 0 0.9673502 0.7812299
16.86375 0.79028165 8.667245 0.38268322 0 0.9238796 0.9573898 0.83069545
16.945623 0.79028165 8.469587 0.9238755 0 0.38269317 0.97151446 0.7812299
16.666092 0.63695085 8.667245 0 -0.9520579 0.30591786 0.2911703 0.92867625
16.666092 0.79028165 8.749118 0 -0.4710198 0.88212264 0.9573898 0.82798135
15.225154 1.2468784 8.667245 0 0.9520576 0.30591896 0.9127052 0.3399236
15.225154 1.0935476 8.749118 0 0.47101825 0.88212353 0.9532255 0.8081951
16.666092 0.5734391 8.469587 0 -1 0 0.29388443 0.92867625
15.225154 0.3565966 -2.4663956 0 0 1 0.6067289 0.9392426
16.945623 0.3565966 -2.7459261 1 0 0 0.96875346 0.21697341
15.225154 0.5734391 -2.7459261 0 1 0 0.93273866 0.3804526
14.945623 0.3565966 -3.084511 -1 0 0 0.85631555 0.9563639
16.666092 0.3565966 -3.3640416 0 0 -1 0.5830391 0.9392426
15.225154 -0.10000008 -2.5482686 -0.22852504 -0.9268656 0.2978199 0.46298248 0.91254723
15.027496 0.05333072 -2.5482686 -0.35790136 -0.35401 0.8640507 0.6108932 0.93652844
15.027496 -0.10000008 -2.7459261 -0.8493695 -0.45353267 0.26996252 0.8625853 0.96101314
15.225154 0.5099274 -2.5482686 -0.2699586 0.45353475 0.8493695 0.60462344 0.9392426
15.027496 0.5099274 -2.7459261 -0.2978224 0.92686397 0.22852795 0.93273866 0.38316676
15.027496 0.3565966 -2.5482686 -0.86405075 0.35401303 0.35789824 0.85631555 0.9637273
15.027496 -0.10000008 -3.084511 -0.2978219 -0.926864 -0.22852863 0.4703459 0.90983313
15.027496 0.05333072 -3.282169 -0.8640473 -0.3540152 -0.3579045 0.8604799 0.95364976
15.225154 -0.10000008 -3.282169 -0.2699643 -0.4535325 -0.84936893 0.58930886 0.9590288
15.225154 0.5099274 -3.282169 -0.228526 0.92686564 -0.29781878 0.94010204 0.3804526
15.027496 0.3565966 -3.282169 -0.35789862 0.3540175 -0.8640487 0.5830391 0.96174294
15.027496 0.5099274 -3.084511 -0.8493685 0.45353162 -0.26996723 0.8542101 0.9563639
16.86375 -0.10000008 -2.7459261 0.29782027 -0.9268641 0.22853018 0.46569663 0.93504757
16.86375 0.05333072 -2.5482686 0.8640532 -0.35401434 0.35789114 0.97291774 0.21425933
16.666092 -0.10000008 -2.5482686 0.26995367 -0.4535285 0.8493744 0.6129986 0.9590288
16.666092 0.5099274 -2.5482686 0.22852325 0.9268659 0.29782003 0.9300245 0.36066642
16.86375 0.3565966 -2.5482686 0.35790378 0.35401434 0.8640479 0.6067289 0.96174294
16.86375 0.5099274 -2.7459261 0.8493726 0.45353448 0.26994932 0.96664804 0.21697341
16.666092 -0.10000008 -3.282169 0.2285256 -0.92686605 -0.29781786 0.47306004 0.9323334
16.86375 0.05333072 -3.282169 0.35790104 -0.3540201 -0.86404663 0.58720344 0.93652844
16.86375 -0.10000008 -3.084511 0.8493696 -0.453532 -0.26996335 0.9750232 0.22162269
16.86375 0.5099274 -3.084511 0.2978203 0.92686456 -0.22852875 0.93738794 0.35795233
16.86375 0.3565966 -3.282169 0.8640474 0.35401502 -0.35790431 0.96875346 0.22433685
16.666092 0.5099274 -3.282169 0.2699584 0.45352718 -0.8493737 0.58093363 0.9392426
15.027496 -0.10000008 -2.7459261 -0.3059165 -0.9520584 -0 0.46569663 0.90983313
14.945623 0.05333072 -2.7459261 -0.8821224 -0.4710203 -0 0.8604799 0.96101314
15.027496 0.3565966 -2.5482686 -0.38268322 0 0.9238796 0.6067289 0.93652844
14.945623 0.3565966 -2.7459261 -0.9238755 0 0.38269326 0.85631555 0.96101314
15.027496 0.5099274 -3.084511 -0.30591717 0.95205814 0 0.93738794 0.38316676
14.945623 0.3565966 -3.084511 -0.88212216 0.47102064 0 0.85631555 0.9563639
15.027496 0.05333072 -3.282169 -0.38268134 0 -0.92388046 0.58720344 0.96174294
14.945623 0.05333072 -3.084511 -0.9238758 0 -0.38269246 0.8604799 0.9563639
15.225154 -0.10000008 -3.282169 0 -0.9520583 -0.30591673 0.47306004 0.91254723
15.225154 0.05333072 -3.3640416 0 -0.47101825 -0.88212353 0.58720344 0.9590288
16.666092 0.5099274 -3.282169 0 0.9520585 -0.305916 0.94010204 0.36066642
16.666092 0.3565966 -3.3640416 0 0.4710198 -0.88212264 0.5830391 0.9392426
16.86375 0.05333072 -3.282169 0.9238863 0 -0.38266736 0.97291774 0.22433685
16.666092 0.05333072 -3.3640416 0.38268134 0 -0.92388046 0.58720344 0.9392426
16.86375 -0.10000008 -3.084511 0.3059155 -0.9520587 0 0.4703459 0.93504757
16.945623 0.05333072 -3.084511 0.88212216 -0.4710207 0 0.97291774 0.22162269
16.86375 0.5099274 -2.7459261 0.3059157 0.9520586 0 0.93273866 0.35795233
16.945623 0.3565966 -2.7459261 0.8821224 0.47102028 0 0.96875346 0.21697341
16.86375 0.05333072 -2.5482686 0.38268322 0 0.92387974 0.6108932 0.96174294
16.945623 0.05333072 -2.7459261 0.9238755 0 0.38269323 0.97291774 0.21697341
16.666092 -0.10000008 -2.5482686 0 -0.9520584 0.3059165 0.46298248 0.9323334
16.666092 0.05333072 -2.4663956 0 -0.4710213 0.88212186 0.6108932 0.9590288
15.225154 0.5099274 -2.5482686 0 0.952058 0.30591753 0.9300245 0.3804526
15.225154 0.3565966 -2.4663956 0 0.47101974 0.8821227 0.6067289 0.9392426
16.666092 -0.16351175 -2.7459261 0 -1 0 0.46569663 0.9323334
15.225154 1.0935476 -2.4663956 0 0 1 0.35040003 0.9456303
16.945623 1.0935476 -2.7459261 1 0 0 0.96875346 0.2423656
15.225154 1.3103901 -2.7459261 0 1 0 0.9327386 0.42098168
14.945623 1.0935476 -3.084511 -1 0 0 0.5326086 0.9620937
16.666092 1.0935476 -3.3640416 0 0 -1 0.658405 0.94288415
15.225154 0.63695085 -2.5482686 -0.22852458 -0.92686564 0.2978199 0.9300245 0.4417245
15.027496 0.79028165 -2.5482686 -0.35790157 -0.35401 0.86405057 0.35456434 0.94291615
15.027496 0.63695085 -2.7459261 -0.84936845 -0.45353222 0.26996636 0.5388784 0.966743
15.225154 1.2468784 -2.5482686 -0.26995915 0.45353553 0.84936893 0.34829462 0.9456303
15.027496 1.2468784 -2.7459261 -0.2978224 0.92686397 0.22852796 0.9327386 0.42369583
15.027496 1.0935475 -2.5482686 -0.8640507 0.3540131 0.35789824 0.5326086 0.9694571
15.027496 0.63695085 -3.084511 -0.29782233 -0.92686385 -0.22852856 0.9373879 0.43901044
15.027496 0.79028165 -3.282169 -0.86404985 -0.3540163 -0.35789728 0.5367729 0.9593796
15.225154 0.63695085 -3.282169 -0.26996332 -0.45353094 -0.84937006 0.66467476 0.9626703
15.225154 1.2468784 -3.282169 -0.2285264 0.92686504 -0.29782036 0.94010204 0.42098168
15.027496 1.0935475 -3.282169 -0.35789824 0.3540176 -0.86404884 0.658405 0.9653844
15.027496 1.2468784 -3.084511 -0.8493685 0.4535316 -0.2699672 0.53050315 0.9620937
16.86375 0.63695085 -2.7459261 0.29782084 -0.9268644 0.2285285 0.93273866 0.46422487
16.86375 0.79028165 -2.5482686 0.8640482 -0.35401207 0.35790554 0.9729178 0.23965146
16.666092 0.63695085 -2.5482686 0.26995376 -0.45352936 0.849374 0.3566698 0.9654165
16.666092 1.2468784 -2.5482686 0.22852428 0.9268652 0.29782155 0.9300245 0.40119547
16.86375 1.0935475 -2.5482686 0.35790345 0.35401443 0.864048 0.35040003 0.96813065
16.86375 1.2468784 -2.7459261 0.8493702 0.45353344 0.2699589 0.966648 0.2423656
16.666092 0.63695085 -3.282169 0.22852474 -0.92686576 -0.29781947 0.94010204 0.46151072
16.86375 0.79028165 -3.282169 0.35790098 -0.35402012 -0.86404675 0.6625693 0.94017
16.86375 0.63695085 -3.084511 0.84937286 -0.45353362 -0.26995 0.9750232 0.24701482
16.86375 1.2468784 -3.084511 0.29781964 0.9268651 -0.22852717 0.9373879 0.39848137
16.86375 1.0935475 -3.282169 0.86405253 0.35401717 -0.35788983 0.96875346 0.24972898
16.666092 1.2468784 -3.282169 0.26995784 0.45352465 -0.8493752 0.65629953 0.94288415
15.027496 0.63695085 -2.7459261 -0.3059167 -0.9520583 -0 0.93273866 0.43901044
14.945623 0.79028165 -2.7459261 -0.8821224 -0.47102028 -0 0.5367729 0.966743
15.027496 1.0935475 -2.5482686 -0.3826834 0 0.92387956 0.3504001 0.94291615
14.945623 1.0935476 -2.7459261 -0.92387563 0 0.382693 0.5326086 0.966743
15.027496 1.2468784 -3.084511 -0.30591795 0.9520579 0 0.9373879 0.42369583
14.945623 1.0935476 -3.084511 -0.88212234 0.47102046 0 0.5326086 0.9620937
15.027496 0.79028165 -3.282169 -0.38268128 0 -0.9238805 0.6625693 0.9653844
14.945623 0.79028165 -3.084511 -0.92388105 0 -0.38267982 0.5367729 0.9620937
15.225154 0.63695085 -3.282169 0 -0.95205826 -0.3059171 0.94010204 0.4417245
15.225154 0.79028165 -3.3640416 0 -0.47101825 -0.88212353 0.6625693 0.9626703
16.666092 1.2468784 -3.282169 0 0.9520585 -0.305916 0.94010204 0.40119547
16.666092 1.0935476 -3.3640416 0 0.4710198 -0.88212264 0.658405 0.94288415
16.86375 0.79028165 -3.282169 0.92388624 0 -0.38266745 0.9729178 0.24972898
16.86375 0.79028165 -3.282169 0.38268128 0 -0.9238805 0.6625693 0.94017
16.86375 0.63695085 -3.084511 0.3059157 -0.9520586 0 0.9373879 0.46422487
16.945623 0.79028165 -3.084511 0.88212216 -0.47102064 0 0.9729178 0.24701482
16.86375 1.2468784 -2.7459261 0.3059165 0.9520584 0 0.9327386 0.39848137
16.945623 1.0935476 -2.7459261 0.8821226 0.4710201 0 0.96875346 0.2423656
16.86375 0.79028165 -2.5482686 0.38268322 0 0.9238796 0.35456434 0.96813065
16.945623 0.79028165 -2.7459261 0.9238755 0 0.38269317 0.9729178 0.2423656
16.666092 0.63695085 -2.5482686 0 -0.9520584 0.3059165 0.9300245 0.46151072
16.666092 0.79028165 -2.4663956 0 -0.4710213 0.88212186 0.35456434 0.9654165
15.225154 1.2468784 -2.5482686 0 0.952058 0.30591753 0.9300245 0.42098168
15.225154 1.0935476 -2.4663956 0 0.47101974 0.8821227 0.35040003 0.9456303
16.666092 0.5734391 -2.7459261 0 -1 0 0.93273866 0.46151072
10.444697 0.3565966 -2.4663956 0 0 1 0.3259687 0.9450737
12.165167 0.3565966 -2.7459261 1 0 0 0.9690459 0.68531615
10.444697 0.5734391 -2.7459261 0 1 0 0.9327386 0.5020399
10.165167 0.3565966 -3.084511 -1 0 0 0.96763307 0.010371396
11.885635 0.3565966 -3.3640416 0 0 -1 0.009762755 0.9475013
10.444697 -0.10000008 -2.5482686 -0.22852504 -0.9268656 0.2978199 0.9084086 0.9110124
10.24704 0.05333072 -2.5482686 -0.35790396 -0.35401258 0.8640486 0.330133 0.94235957
10.24704 -0.10000008 -2.7459261 -0.8493713 -0.45353362 0.26995492 0.9739028 0.015020676
10.444697 0.5099274 -2.5482686 -0.2699595 0.45353633 0.8493684 0.32386324 0.9450737
10.24704 0.5099274 -2.7459261 -0.29782262 0.9268647 0.22852467 0.9327386 0.504754
10.24704 0.3565966 -2.5482686 -0.8640482 0.35401195 0.35790542 0.96763307 0.017734827
10.24704 -0.10000008 -3.084511 -0.2978219 -0.926864 -0.22852863 0.915772 0.9082983
10.24704 0.05333072 -3.282169 -0.8640473 -0.3540152 -0.3579045 0.97179735 0.0076573035
10.444697 -0.10000008 -3.282169 -0.2699624 -0.4535294 -0.8493712 0.016032489 0.96728754
10.444697 0.5099274 -3.282169 -0.228526 0.92686564 -0.29781878 0.94010204 0.5020399
10.24704 0.3565966 -3.282169 -0.35789862 0.3540175 -0.8640487 0.009762755 0.97000164
10.24704 0.5099274 -3.084511 -0.8493713 0.45353305 -0.2699558 0.9655276 0.010371396
12.083294 -0.10000008 -2.7459261 0.29782078 -0.92686564 0.22852361 0.91112274 0.9335128
12.083294 0.05333072 -2.5482686 0.864048 -0.3540122 0.35790566 0.97321016 0.68260205
11.885635 -0.10000008 -2.5482686 0.26995742 -0.45353478 0.8493699 0.33223844 0.96485984
11.885635 0.5099274 -2.5482686 0.22852315 0.92686546 0.29782164 0.9300245 0.4822537
12.083294 0.3565966 -2.5482686 0.35790125 0.3540118 0.86405 0.32596868 0.967574
12.083294 0.5099274 -2.7459261 0.84937125 0.4535337 0.26995498 0.96694046 0.68531615
11.885635 -0.10000008 -3.282169 0.22852534 -0.92686516 -0.297821 0.9184861 0.93079865
12.083294 0.05333072 -3.282169 0.3578985 -0.35401756 -0.86404884 0.013927029 0.94478714
12.083294 -0.10000008 -3.084511 0.8493715 -0.453533 -0.26995575 0.97531563 0.6899654
12.083294 0.5099274 -3.084511 0.29782066 0.92686564 -0.22852382 0.9373879 0.47953954
12.083294 0.3565966 -3.282169 0.8640474 0.35401502 -0.35790431 0.9690459 0.6926796
11.885635 0.5099274 -3.282169 0.26996168 0.45353267 -0.84936976 0.007657296 0.9475013
10.24704 -0.10000008 -2.7459261 -0.3059165 -0.9520584 -0 0.91112274 0.9082983
10.165167 0.05333072 -2.7459261 -0.8821224 -0.4710203 -0 0.97179735 0.015020676
10.24704 0.3565966 -2.5482686 -0.38268322 0 0.9238796 0.3259687 0.94235957
10.165167 0.3565966 -2.7459261 -0.9238781 0 0.38268697 0.96763307 0.015020676
10.24704 0.5099274 -3.084511 -0.30591717 0.95205814 0 0.9373879 0.504754
10.165167 0.3565966 -3.084511 -0.88212216 0.47102064 0 0.96763307 0.010371396
10.24704 0.05333072 -3.282169 -0.38268134 0 -0.92388046 0.013927029 0.97000164
10.165167 0.05333072 -3.084511 -0.9238785 0 -0.3826862 0.97179735 0.010371396
10.444697 -0.10000008 -3.282169 0 -0.95205843 -0.30591637 0.9184861 0.9110124
10.444697 0.05333072 -3.3640416 0 -0.47101858 -0.8821233 0.013927029 0.96728754
11.885635 0.5099274 -3.282169 0 0.95205843 -0.30591637 0.94010204 0.4822537
11.885635 0.3565966 -3.3640416 0 0.47101903 -0.88212305 0.009762755 0.9475013
12.083294 0.05333072 -3.282169 0.9238785 0 -0.3826862 0.97321016 0.6926796
11.885635 0.05333072 -3.3640416 0.38268134 0 -0.92388046 0.013927029 0.9475013
12.083294 -0.10000008 -3.084511 0.3059155 -0.9520587 0 0.915772 0.9335128
12.165167 0.05333072 -3.084511 0.88212216 -0.4710207 0 0.97321016 0.6899654
12.083294 0.5099274 -2.7459261 0.3059157 0.9520586 0 0.9327386 0.47953954
12.165167 0.3565966 -2.7459261 0.8821224 0.47102028 0 0.9690459 0.68531615
12.083294 0.05333072 -2.5482686 0.38268322 0 0.92387974 0.330133 0.967574
12.165167 0.05333072 -2.7459261 0.92388076 0 0.38268068 0.97321016 0.68531615
11.885635 -0.10000008 -2.5482686 0 -0.9520583 0.30591685 0.9084086 0.93079865
11.885635 0.05333072 -2.4663956 0 -0.4710205 0.88212234 0.330133 0.96485984
10.444697 0.5099274 -2.5482686 0 0.952058 0.30591753 0.9300245 0.5020399
10.444697 0.3565966 -2.4663956 0 0.4710201 0.8821225 0.3259687 0.9450737
11.885635 -0.16351175 -2.7459261 0 -1 0 0.91112274 0.93079865
10.444697 1.0935476 -2.4663956 0 0 1 0.68826795 0.94288415
12.165167 1.0935476 -2.7459261 1 0 0 0.967633 0.035763588
10.444697 1.3103901 -2.7459261 0 1 0 0.7363224 0.94027746
10.165167 1.0935476 -3.084511 -1 0 0 0.9682935 0.6222809
11.885635 1.0935476 -3.3640416 0 0 -1 0.96559495 0.32013732
10.444697 0.63695085 -2.5482686 -0.22852458 -0.92686564 0.2978199 0.7590004 0.9204913
10.24704 0.79028165 -2.5482686 -0.35790157 -0.35401 0.86405057 0.6924323 0.94017
10.24704 0.63695085 -2.7459261 -0.84937125 -0.4535337 0.26995498 0.9745632 0.6269302
10.444697 1.2468784 -2.5482686 -0.26995823 0.45353395 0.8493701 0.68616253 0.94288415
10.24704 1.2468784 -2.7459261 -0.2978225 0.92686445 0.22852632 0.7363224 0.9429916
10.24704 1.0935475 -2.5482686 -0.8640481 0.35401204 0.3579055 0.9682935 0.62964433
10.24704 0.63695085 -3.084511 -0.29782254 -0.9268646 -0.22852527 0.76636386 0.91777724
10.24704 0.79028165 -3.282169 -0.8640472 -0.35401526 -0.35790455 0.97245777 0.6195668
10.444697 0.63695085 -3.282169 -0.26996434 -0.45353255 -0.849369 0.97186464 0.33992353
10.444697 1.2468784 -3.282169 -0.2285266 0.926866 -0.29781717 0.7436858 0.94027746
10.24704 1.0935475 -3.282169 -0.35790086 0.35402018 -0.86404675 0.96559495 0.34263763
10.24704 1.2468784 -3.084511 -0.84937084 0.45353281 -0.2699577 0.966188 0.6222809
12.083294 0.63695085 -2.7459261 0.29782122 -0.92686546 0.22852358 0.7617146 0.9429917
12.083294 0.79028165 -2.5482686 0.8640482 -0.35401207 0.35790554 0.9717973 0.033049434
11.885635 0.63695085 -2.5482686 0.26995707 -0.4535349 0.84937006 0.6945377 0.9626703
11.885635 1.2468784 -2.5482686 0.22852428 0.9268652 0.29782155 0.73360825 0.9204913
12.083294 1.0935475 -2.5482686 0.35790086 0.35401183 0.8640501 0.68826795 0.9653844
12.083294 1.2468784 -2.7459261 0.84937155 0.45353416 0.2699532 0.96552753 0.035763588
11.885635 0.63695085 -3.282169 0.22852463 -0.9268652 -0.29782102 0.76907796 0.9402775
12.083294 0.79028165 -3.282169 0.3578984 -0.3540176 -0.86404884 0.9697592 0.31742316
12.083294 0.63695085 -3.084511 0.8493715 -0.45353287 -0.2699557 0.97390276 0.040412806
12.083294 1.2468784 -3.084511 0.29781976 0.92686546 -0.22852555 0.7409717 0.9177772
12.083294 1.0935475 -3.282169 0.8640474 0.35401502 -0.35790434 0.967633 0.04312696
11.885635 1.2468784 -3.282169 0.26996252 0.45353255 -0.84936947 0.9634895 0.32013732
10.24704 0.63695085 -2.7459261 -0.3059167 -0.9520583 -0 0.7617146 0.91777724
10.165167 0.79028165 -2.7459261 -0.8821224 -0.47102028 -0 0.97245777 0.6269302
10.24704 1.0935475 -2.5482686 -0.3826834 0 0.92387956 0.68826795 0.94017
10.165167 1.0935476 -2.7459261 -0.9238808 0 0.38268045 0.9682935 0.6269302
10.24704 1.2468784 -3.084511 -0.30591795 0.9520579 0 0.7409717 0.9429916
10.165167 1.0935476 -3.084511 -0.88212234 0.47102046 0 0.9682935 0.6222809
10.24704 0.79028165 -3.282169 -0.38268128 0 -0.9238805 0.9697592 0.34263763
10.165167 0.79028165 -3.084511 -0.92388105 0 -0.38267982 0.97245777 0.6222809
10.444697 0.63695085 -3.282169 0 -0.95205826 -0.3059171 0.76907796 0.9204913
10.444697 0.79028165 -3.3640416 0 -0.47101858 -0.8821233 0.9697592 0.33992353
11.885635 1.2468784 -3.282169 0 0.95205843 -0.30591637 0.7436858 0.9204913
11.885635 1.0935476 -3.3640416 0 0.47101903 -0.88212305 0.96559495 0.32013732
12.083294 0.79028165 -3.282169 0.9238784 0 -0.38268623 0.9717973 0.04312696
11.885635 0.79028165 -3.3640416 0.38268143 0 -0.9238804 0.9697592 0.32013732
12.083294 0.63695085 -3.084511 0.3059157 -0.9520586 0 0.76636386 0.9429917
12.165167 0.79028165 -3.084511 0.88212216 -0.47102064 0 0.9717973 0.040412806
12.083294 1.2468784 -2.7459261 0.3059165 0.9520584 0 0.7363224 0.9177772
12.165167 1.0935476 -2.7459261 0.8821226 0.4710201 0 0.967633 0.035763588
12.083294 0.79028165 -2.5482686 0.38268322 0 0.9238796 0.6924323 0.9653844
12.165167 0.79028165 -2.7459261 0.9238782 0 0.38268694 0.9717973 0.035763588
11.885635 0.63695085 -2.5482686 0 -0.9520583 0.30591685 0.7590004 0.9402775
11.885635 0.79028165 -2.4663956 0 -0.4710205 0.88212234 0.6924323 0.9626703
10.444697 1.2468784 -2.5482686 0 0.952058 0.30591753 0.73360825 0.94027746
10.444697 1.0935476 -2.4663956 0 0.4710201 0.8821225 0.68826795 0.94288415
11.885635 0.5734391 -2.7459261 0 -1 0 0.7617146 0.9402775
18.440197 0.3565966 0.06254816 1 0 0 0.9446848 0.06576635
18.160667 0.3565966 -1.6579213 0 0 -1 0.95151216 0.524093
18.160667 0.5734391 0.06254816 0 1 0 0.791756 0.9204913
17.822083 0.3565966 0.3420787 0 0 1 0.9446848 0.106295414
17.542551 0.3565966 -1.3783898 -1 0 0 0.94506365 0.21697347
18.358324 -0.100000024 0.06254816 0.29782295 -0.9268641 0.22852704 0.88301647 0.9114152
18.358324 0.05333078 0.26020575 0.8640427 -0.3540108 0.3579201 0.94884914 0.06305219
18.160667 -0.100000024 0.26020575 0.26996133 -0.4535362 0.84936786 0.9509546 0.11094468
18.358324 0.5099274 0.06254816 0.8493712 0.45353281 0.269957 0.9425793 0.06576635
18.160667 0.5099274 0.26020575 0.22852598 0.92686635 0.2978167 0.791756 0.91777724
18.358324 0.3565966 0.26020575 0.35789883 0.35400802 0.8640526 0.9446848 0.1136588
17.822083 -0.100000024 0.26020575 -0.22852388 -0.9268663 0.29781836 0.89037985 0.90870106
17.624424 0.05333078 0.26020575 -0.35790357 -0.35401514 0.8640477 0.94884914 0.10358127
17.624424 -0.100000024 0.06254816 -0.8493736 -0.4535339 0.2699474 0.9513334 0.23675968
17.624424 0.5099274 0.06254816 -0.29782066 0.92686445 0.22852837 0.78439254 0.9204913
17.624424 0.3565966 0.26020575 -0.8640531 0.35401475 0.35789084 0.94506365 0.23947383
17.822083 0.5099274 0.26020575 -0.26995596 0.45353267 0.8493716 0.9425794 0.106295414
18.160667 -0.100000024 -1.5760484 0.22852653 -0.9268676 -0.29781216 0.88573056 0.93391556
18.358324 0.05333078 -1.5760484 0.3579039 -0.35401323 -0.8640483 0.95567644 0.5213789
18.358324 -0.100000024 -1.3783898 0.8493743 -0.45353454 -0.269944 0.95095456 0.08555255
18.358324 0.5099274 -1.3783898 0.2978232 0.92686504 -0.22852238 0.7944701 0.9402775
18.358324 0.3565966 -1.5760484 0.86404854 0.3540125 -0.3579041 0.9446848 0.0882667
18.160667 0.5099274 -1.5760484 0.26996425 0.45354018 -0.8493649 0.94940674 0.524093
17.624424 -0.100000024 -1.3783898 -0.29781997 -0.9268647 -0.2285286 0.89309394 0.9312014
17.624424 0.05333078 -1.5760484 -0.86404854 -0.35401252 -0.35790414 0.949228 0.21425933
17.822083 -0.100000024 -1.5760484 -0.26995742 -0.45353478 -0.8493699 0.9577819 0.52874225
17.822083 0.5099274 -1.5760484 -0.22852339 0.92686635 -0.2978185 0.7871067 0.9429917
17.624424 0.3565966 -1.5760484 -0.35790372 0.35401508 -0.8640477 0.95151216 0.5314564
17.624424 0.5099274 -1.3783898 -0.84937155 0.4535329 -0.26995534 0.94295824 0.21697347
18.160667 -0.100000024 0.26020575 0 -0.9520579 0.3059179 0.88573056 0.90870106
18.160667 0.05333078 0.3420787 0 -0.47101945 0.8821229 0.94884914 0.11094468
18.358324 0.3565966 0.26020575 0.92387545 0 0.38269326 0.9446848 0.06305219
18.160667 0.3565966 0.3420787 0.38269356 0 0.92387545 0.9446848 0.11094468
17.822083 0.5099274 0.26020575 0 0.9520579 0.3059179 0.7871067 0.91777724
17.822083 0.3565966 0.3420787 0 0.47101945 0.8821229 0.9446848 0.106295414
17.624424 0.05333078 0.26020575 -0.92388064 0 0.38268074 0.949228 0.23947383
17.822083 0.05333078 0.3420787 -0.38268837 0 0.92387754 0.94884914 0.10629542
17.624424 -0.100000024 0.06254816 -0.3059156 -0.9520587 -0 0.89309394 0.9114152
17.542551 0.05333078 0.06254816 -0.88212234 -0.4710205 -0 0.949228 0.23675968
17.624424 0.5099274 -1.3783898 -0.305916 0.95205855 0 0.78439254 0.9402775
17.542551 0.3565966 -1.3783898 -0.88212234 0.47102058 0 0.94506365 0.21697347
17.624424 0.05333078 -1.5760484 -0.38268316 0 -0.9238797 0.95567644 0.5314564
17.542551 0.05333078 -1.3783898 -0.9238762 0 -0.3826917 0.949228 0.21697347
17.822083 -0.100000024 -1.5760484 0 -0.9520584 -0.3059165 0.89037985 0.93391556
17.822083 0.05333078 -1.6579213 0 -0.47101924 -0.88212293 0.95567644 0.52874225
18.160667 0.5099274 -1.5760484 0 0.9520584 -0.3059165 0.791756 0.9429917
18.160667 0.3565966 -1.6579213 0 0.47101924 -0.88212293 0.95151216 0.524093
18.358324 0.05333078 -1.5760484 0.9238762 0 -0.3826917 0.94884914 0.0882667
18.160667 0.05333078 -1.6579213 0.38269356 0 -0.9238754 0.95567644 0.524093
18.358324 -0.100000024 -1.3783898 0.3059183 -0.9520578 0 0.88301647 0.9312014
18.440197 0.05333078 -1.3783898 0.88212234 -0.47102046 0 0.94884914 0.08555255
18.358324 0.5099274 0.06254816 0.30591866 0.9520577 0 0.7944701 0.9204913
18.440197 0.3565966 0.06254816 0.8821223 0.4710206 0 0.9446848 0.06576635
18.160667 -0.1635117 -1.3783898 0 -1 0 0.88573056 0.9312014
18.440197 1.0935476 0.06254816 1 0 0 0.9612983 0.9110124
18.160667 1.0935476 -1.6579213 0 0 -1 0.9690459 0.6599241
18.160667 1.31039 0.06254816 0 1 0 0.94116414 0.91101235
17.822083 1.0935476 0.3420787 0 0 1 0.9690525 0.74070084
17.542551 1.0935476 -1.3783898 -1 0 0 0.9575221 0.4417246
18.358324 0.63695085 0.06254816 0.29782364 -0.9268646 0.22852373 0.53050315 0.92156464
18.358324 0.79028165 0.26020575 0.86404794 -0.35401276 0.35790542 0.96546257 0.9082983
18.160667 0.63695085 0.26020575 0.26996377 -0.45354104 0.8493646 0.9753222 0.7453501
18.358324 1.2468784 0.06254816 0.84937316 0.4535336 0.2699493 0.9591928 0.9110124
18.160667 1.2468784 0.26020575 0.22852708 0.92686504 0.29781973 0.94116414 0.90829825
18.358324 1.0935473 0.26020575 0.35789964 0.3540079 0.86405224 0.9690525 0.7480643
17.822083 0.63695085 0.26020575 -0.2285233 -0.9268659 0.29781994 0.53786653 0.9188505
17.624424 0.79028165 0.26020575 -0.35790384 -0.3540151 0.8640476 0.9732167 0.73798674
17.624424 0.63695085 0.06254816 -0.8493712 -0.45353281 0.269957 0.96379185 0.4615108
17.624424 1.2468784 0.06254816 -0.29782045 0.9268666 0.22852021 0.93380076 0.91101235
17.624424 1.0935473 0.26020575 -0.86405295 0.35401493 0.35789096 0.9575221 0.46422493
17.822083 1.2468784 0.26020575 -0.26995865 0.45353734 0.8493681 0.966947 0.74070084
18.160667 0.63695085 -1.5760484 0.22852594 -0.92686677 -0.29781535 0.53321725 0.9440649
18.358324 0.79028165 -1.5760484 0.35789895 -0.3540081 -0.86405253 0.97321016 0.65720993
18.358324 0.63695085 -1.3783898 0.84937143 -0.4535331 -0.26995546 0.967568 0.93079865
18.358324 1.2468784 -1.3783898 0.29782236 0.9268638 -0.22852899 0.94387823 0.9307986
18.358324 1.0935473 -1.5760484 0.86404854 0.35401243 -0.35790408 0.9612983 0.93351275
18.160667 1.2468784 -1.5760484 0.2699632 0.4535386 -0.849366 0.9669404 0.6599241
17.624424 0.63695085 -1.3783898 -0.2978205 -0.9268648 -0.2285269 0.54058063 0.9413508
17.624424 0.79028165 -1.5760484 -0.864054 -0.3540143 -0.3578893 0.96168643 0.43901044
17.822083 0.63695085 -1.5760484 -0.26995566 -0.45353252 -0.8493718 0.97531563 0.6645733
17.822083 1.2468784 -1.5760484 -0.22852407 0.92686516 -0.2978216 0.93651485 0.9335127
17.624424 1.0935473 -1.5760484 -0.35789934 0.35400984 -0.86405164 0.9690459 0.66728747
17.624424 1.2468784 -1.3783898 -0.84937304 0.4535337 -0.26994967 0.9554166 0.4417246
18.160667 0.63695085 0.26020575 0 -0.9520579 0.3059179 0.53321725 0.9188505
18.160667 0.79028165 0.3420787 0 -0.47101945 0.8821229 0.9732167 0.7453501
18.440197 1.0935476 0.06254816 0.92388695 0 0.38266557 0.9612983 0.9110124
18.160667 1.0935476 0.3420787 0.38268846 0 0.92387754 0.9690525 0.7453501
17.822083 1.2468784 0.26020575 0 0.9520579 0.3059179 0.93651485 0.90829825
17.822083 1.0935476 0.3420787 0 0.47101945 0.8821229 0.9690525 0.74070084
17.624424 0.79028165 0.26020575 -0.9238858 0 0.38266838 0.96168643 0.46422493
17.624424 0.79028165 0.26020575 -0.382683 0 0.92387974 0.9732167 0.73798674
17.624424 0.63695085 0.06254816 -0.30591598 -0.95205855 -0 0.54058063 0.92156464
17.542551 0.79028165 0.06254816 -0.8821223 -0.4710206 -0 0.96168643 0.4615108
17.624424 1.2468784 -1.3783898 -0.30591527 0.95205873 0 0.93380076 0.9307986
17.542551 1.0935476 -1.3783898 -0.88212234 0.47102058 0 0.9575221 0.4417246
17.624424 0.79028165 -1.5760484 -0.382683 0 -0.92387974 0.97321016 0.66728747
17.624424 0.79028165 -1.5760484 -0.9238865 0 -0.38266677 0.96168643 0.43901044
17.822083 0.63695085 -1.5760484 0 -0.9520584 -0.3059165 0.53786653 0.9440649
17.822083 0.79028165 -1.6579213 0 -0.47101924 -0.88212293 0.97321016 0.6645733
18.160667 1.2468784 -1.5760484 0 0.9520594 -0.3059134 0.94116414 0.9335127
18.160667 1.0935476 -1.6579213 0 0.47101924 -0.88212293 0.9690459 0.6599241
18.358324 0.79028165 -1.5760484 0.92387605 0 -0.38269186 0.96546257 0.93351275
18.358324 0.79028165 -1.5760484 0.382683 0 -0.92387974 0.97321016 0.65720993
18.358324 0.63695085 -1.3783898 0.30591866 -0.9520577 0 0.53050315 0.9413508
18.440197 0.79028165 -1.3783898 0.88212234 -0.47102058 0 0.96546257 0.93079865
18.358324 1.2468784 0.06254816 0.30591792 0.9520579 0 0.94387823 0.91101235
18.440197 1.0935476 0.06254816 0.8821223 0.4710206 0 0.9612983 0.9110124
18.160667 0.5734391 -1.3783898 0 -1 0 0.53321725 0.9413508
-1.5534912 0.3565966 -4.6313753 1 0 0 0.9450637 0.13443246
-1.8330208 0.3565966 -6.351845 0 0 -1 0.8326257 0.95690113
-1.8330208 0.5734391 -4.6313753 0 1 0 0.9454608 0.32013732
-2.1716056 0.3565966 -4.351845 0 0 1 0.786498 0.96102047
-2.451137 0.3565966 -6.0723133 -1 0 0 0.18263696 0.949419
-1.6353642 -0.100000024 -4.6313753 0.2978231 -0.9268647 0.22852457 0.49894845 0.9280272
-1.6353642 0.05333078 -4.4337177 0.8640482 -0.3540149 0.35790262 0.949228 0.13171831
-1.8330208 -0.100000024 -4.4337177 0.26995912 -0.4535315 0.84937114 0.79276776 0.9656697
-1.6353642 0.5099274 -4.6313753 0.849372 0.45353052 0.2699583 0.94295824 0.13443246
-1.8330208 0.5099274 -4.4337177 0.22852588 0.9268643 0.297823 0.9454608 0.31742316
-1.6353642 0.3565966 -4.4337177 0.3579042 0.3540142 0.8640478 0.786498 0.96838385
-2.1716056 -0.100000024 -4.4337177 -0.22852333 -0.92686546 0.29782152 0.50631183 0.9253131
-2.3692641 0.05333078 -4.4337177 -0.35790068 -0.35401508 0.86404896 0.7906623 0.9583063
-2.3692641 -0.100000024 -4.6313753 -0.84937173 -0.4535302 0.26995963 0.18890667 0.9692052
-2.3692641 0.5099274 -4.6313753 -0.2978206 0.9268657 0.22852355 0.93809736 0.32013732
-2.3692641 0.3565966 -4.4337177 -0.8640487 0.35401478 0.35790154 0.18263696 0.97191936
-2.1716056 0.5099274 -4.4337177 -0.26995608 0.45353055 0.8493725 0.78439254 0.96102047
-1.8330208 -0.100000024 -6.269972 0.22852568 -0.9268651 -0.2978206 0.50166255 0.9505276
-1.6353642 0.05333078 -6.269972 0.35790467 -0.3540127 -0.86404824 0.83679 0.954187
-1.6353642 -0.100000024 -6.0723133 0.8493713 -0.45353243 -0.2699569 0.95133346 0.15421867
-1.6353642 0.5099274 -6.0723133 0.29782256 0.9268652 -0.22852278 0.9481749 0.33992347
-1.6353642 0.3565966 -6.269972 0.86405 0.35401174 -0.3579015 0.9450637 0.15693282
-1.8330208 0.5099274 -6.269972 0.2699591 0.4535315 -0.84937114 0.8305203 0.95690113
-2.3692641 -0.100000024 -6.0723133 -0.2978205 -0.92686594 -0.22852252 0.509026 0.94781345
-2.3692641 0.05333078 -6.269972 -0.8640502 -0.35401192 -0.3579007 0.1868012 0.9467049
-2.1716056 -0.100000024 -6.269972 -0.2699569 -0.45352775 -0.8493738 0.8388955 0.96155035
-2.1716056 0.5099274 -6.269972 -0.22852245 0.926866 -0.29782036 0.9408115 0.34263763
-2.3692641 0.3565966 -6.269972 -0.35790053 0.35401678 -0.8640483 0.8326257 0.9642645
-2.3692641 0.5099274 -6.0723133 -0.84937143 0.45353234 -0.26995683 0.18053149 0.949419
-1.8330208 -0.100000024 -4.4337177 0 -0.9520583 0.30591682 0.50166255 0.9253131
-1.8330208 0.05333078 -4.351845 0 -0.47102055 0.88212234 0.7906623 0.9656697
-1.6353642 0.3565966 -4.4337177 0.9238787 0 0.38268545 0.9450637 0.13171831
-1.8330208 0.3565966 -4.351845 0.382687 0 0.9238781 0.786498 0.9656697
-2.1716056 0.5099274 -4.4337177 0 0.95205814 0.30591717 0.9408115 0.31742316
-2.1716056 0.3565966 -4.351845 0 0.47102055 0.88212234 0.786498 0.96102047
-2.3692641 0.05333078 -4.4337177 -0.92387867 0 0.38268548 0.1868012 0.97191936
-2.1716056 0.05333078 -4.351845 -0.38268384 0 0.9238794 0.7906623 0.96102047
-2.3692641 -0.100000024 -4.6313753 -0.30591568 -0.9520586 -0 0.509026 0.9280272
-2.451137 0.05333078 -4.6313753 -0.8821223 -0.4710206 -0 0.1868012 0.9692052
-2.3692641 0.5099274 -6.0723133 -0.30591604 0.9520585 0 0.93809736 0.33992347
-2.451137 0.3565966 -6.0723133 -0.88212234 0.4710205 0 0.18263696 0.949419
-2.3692641 0.05333078 -6.269972 -0.38268384 0 -0.9238794 0.83679 0.9642645
-2.451137 0.05333078 -6.0723133 -0.9238794 0 -0.38268387 0.1868012 0.949419
-2.1716056 -0.100000024 -6.269972 0 -0.95205843 -0.30591616 0.50631183 0.9505276
-2.1716056 0.05333078 -6.351845 0 -0.47102055 -0.88212234 0.83679 0.96155035
-1.8330208 0.5099274 -6.269972 0 0.95205855 -0.305916 0.9454608 0.34263763
-1.8330208 0.3565966 -6.351845 0 0.47102055 -0.88212234 0.8326257 0.95690113
-1.6353642 0.05333078 -6.269972 0.9238794 0 -0.38268387 0.949228 0.15693282
-1.8330208 0.05333078 -6.351845 0.38268706 0 -0.9238781 0.83679 0.95690113
-1.6353642 -0.100000024 -6.0723133 0.30591825 -0.95205784 0 0.49894845 0.94781345
-1.5534912 0.05333078 -6.0723133 0.88212234 -0.47102037 0 0.949228 0.15421867
-1.6353642 0.5099274 -4.6313753 0.3059187 0.9520577 0 0.9481749 0.32013732
-1.5534912 0.3565966 -4.6313753 0.88212216 0.47102067 0 0.9450637 0.13443246
-1.8330208 -0.1635117 -6.0723133 0 -1 0 0.50166255 0.94781345
-1.5534912 1.0935476 -4.6313753 1 0 0 0.63471514 0.9428841
-1.8330208 1.0935476 -6.351845 0 0 -1 0.9694952 0.26858348
-1.8330208 1.31039 -4.6313753 0 1 0 0.9481593 0.60714394
-2.1716056 1.0935476 -4.351845 0 0 1 0.9694952 0.29397565
-2.451137 1.0935476 -6.0723133 -1 0 0 0.55934936 0.93924266
-1.6353642 0.63695085 -4.6313753 0.29782352 -0.9268645 0.22852449 0.097331814 0.9114263
-1.6353642 0.79028165 -4.4337177 0.86404836 -0.3540147 0.3579024 0.6388794 0.94017
-1.8330208 0.63695085 -4.4337177 0.26995873 -0.45353156 0.8493712 0.9757649 0.29862493
-1.6353642 1.2468784 -4.6313753 0.849372 0.45353028 0.26995865 0.63260967 0.9428841
-1.8330208 1.2468784 -4.4337177 0.22852731 0.92686445 0.2978213 0.9481593 0.60442984
-1.6353642 1.0935473 -4.4337177 0.35790497 0.3540141 0.86404747 0.9694952 0.30133903
-2.1716056 0.63695085 -4.4337177 -0.22852279 -0.9268653 0.29782233 0.104695186 0.90871215
-2.3692641 0.79028165 -4.4337177 -0.3579009 -0.35401496 0.86404884 0.97365946 0.29126152
-2.3692641 0.63695085 -4.6313753 -0.8493719 -0.45353046 0.26995876 0.5656191 0.95902884
-2.3692641 1.2468784 -4.6313753 -0.2978197 0.9268657 0.22852483 0.9407959 0.60714394
-2.3692641 1.0935473 -4.4337177 -0.8640486 0.35401493 0.3579016 0.55934936 0.96174294
-2.1716056 1.2468784 -4.4337177 -0.269956 0.4535306 0.84937257 0.9673897 0.29397565
-1.8330208 0.63695085 -6.269972 0.22852531 -0.9268651 -0.29782102 0.100045905 0.9339267
-1.6353642 0.79028165 -6.269972 0.35790458 -0.3540124 -0.86404836 0.97365946 0.26586935
-1.6353642 0.63695085 -6.0723133 0.8493714 -0.45353258 -0.26995644 0.6409849 0.96267027
-1.6353642 1.2468784 -6.0723133 0.29782206 0.926865 -0.22852445 0.95087343 0.6269301
-1.6353642 1.0935473 -6.269972 0.8640499 0.35401165 -0.3579015 0.63471514 0.9653844
-1.8330208 1.2468784 -6.269972 0.269959 0.45353153 -0.8493712 0.9673897 0.26858348
-2.3692641 0.63695085 -6.0723133 -0.297821 -0.9268658 -0.22852252 0.107409336 0.93121254
-2.3692641 0.79028165 -6.269972 -0.86405045 -0.3540116 -0.35790035 0.5635137 0.9365285
-2.1716056 0.63695085 -6.269972 -0.26995626 -0.45352742 -0.8493742 0.9757649 0.27323276
-2.1716056 1.2468784 -6.269972 -0.22852343 0.926866 -0.2978195 0.94351 0.6296443
-2.3692641 1.0935473 -6.269972 -0.3579013 0.3540167 -0.86404794 0.9694952 0.2759469
-2.3692641 1.2468784 -6.0723133 -0.8493713 0.45353228 -0.26995733 0.5572439 0.93924266
-1.8330208 0.63695085 -4.4337177 0 -0.9520582 0.305917 0.100045905 0.90871215
-1.8330208 0.79028165 -4.351845 0 -0.47102055 0.88212234 0.97365946 0.29862493
-1.5534912 1.0935476 -4.6313753 0.9238786 0 0.38268596 0.63471514 0.9428841
-1.8330208 1.0935476 -4.351845 0.3826871 0 0.923878 0.9694952 0.29862493
-2.1716056 1.2468784 -4.4337177 0 0.9520583 0.30591682 0.94351 0.60442984
-2.1716056 1.0935476 -4.351845 0 0.47102055 0.88212234 0.9694952 0.29397565
-2.3692641 0.79028165 -4.4337177 -0.9238786 0 0.38268563 0.5635137 0.96174294
-2.3692641 0.79028165 -4.4337177 -0.38268363 0 0.92387944 0.97365946 0.29126152
-2.3692641 0.63695085 -4.6313753 -0.30591604 -0.9520585 -0 0.107409336 0.9114263
-2.451137 0.79028165 -4.6313753 -0.88212216 -0.47102067 -0 0.5635137 0.95902884
-2.3692641 1.2468784 -6.0723133 -0.3059153 0.95205873 0 0.9407959 0.6269301
-2.451137 1.0935476 -6.0723133 -0.88212234 0.4710205 0 0.55934936 0.93924266
-2.3692641 0.79028165 -6.269972 -0.38268363 0 -0.92387944 0.97365946 0.2759469
-2.3692641 0.79028165 -6.269972 -0.9238794 0 -0.38268408 0.5635137 0.9365285
-2.1716056 0.63695085 -6.269972 0 -0.95205843 -0.30591616 0.104695186 0.9339267
-2.1716056 0.79028165 -6.351845 0 -0.47102055 -0.88212234 0.97365946 0.27323276
-1.8330208 1.2468784 -6.269972 0 0.95205873 -0.30591562 0.9481593 0.6296443
-1.8330208 1.0935476 -6.351845 0 0.47102055 -0.88212234 0.9694952 0.26858348
-1.6353642 0.79028165 -6.269972 0.9238797 0 -0.38268328 0.6388794 0.9653844
-1.6353642 0.79028165 -6.269972 0.38268656 0 -0.9238782 0.97365946 0.26586935
-1.6353642 0.63695085 -6.0723133 0.30591857 -0.95205766 0 0.097331814 0.93121254
-1.5534912 0.79028165 -6.0723133 0.88212234 -0.4710205 0 0.6388794 0.96267027
-1.6353642 1.2468784 -4.6313753 0.30591798 0.9520579 0 0.95087343 0.60714394
-1.5534912 1.0935476 -4.6313753 0.88212216 0.47102067 0 0.63471514 0.9428841
-1.8330208 0.5734391 -6.0723133 0 -1 0 0.100045905 0.93121254
-10.197039 0.3565966 -13.411666 0 0 1 0.20802909 0.9494191
-8.476569 0.3565966 -13.691196 1 0 0 0.4820196 0.6962018
-10.197039 0.5734391 -13.691196 0 1 0 0.928442 0.82798123
-10.476569 0.3565966 -14.029781 -1 0 0 0.9695732 0.56462204
-8.756101 0.3565966 -14.309312 0 0 -1 0.15769836 0.91142625
-10.197039 -0.10000008 -13.493539 -0.22852454 -0.9268637 0.2978262 0.9415483 0.6701792
-10.394696 0.05333072 -13.493539 -0.35790437 -0.35400936 0.8640497 0.21219338 0.9467049
-10.394696 -0.10000008 -13.691196 -0.84936804 -0.45353544 0.26996207 0.9758429 0.5692713
-10.197039 0.5099274 -13.493539 -0.26995626 0.45352677 0.84937453 0.20592368 0.9494191
-10.394696 0.5099274 -13.691196 -0.29782045 0.92686623 0.22852129 0.928442 0.83069533
-10.394696 0.3565966 -13.493539 -0.86404824 0.3540115 0.35790554 0.9695732 0.5719854
-10.394696 -0.10000008 -14.029781 -0.2978199 -0.926866 -0.22852299 0.94891167 0.6674651
-10.394696 0.05333072 -14.22744 -0.86404985 -0.35401693 -0.3578964 0.9737374 0.5619079
-10.197039 -0.10000008 -14.22744 -0.26996014 -0.45352626 -0.8493736 0.16396815 0.9312125
-10.197039 0.5099274 -14.22744 -0.2285269 0.9268641 -0.29782286 0.93580544 0.82798123
-10.394696 0.3565966 -14.22744 -0.35790053 0.3540117 -0.8640503 0.15769836 0.93392664
-10.394696 0.5099274 -14.029781 -0.8493726 0.4535298 -0.26995742 0.9674677 0.56462204
-8.558442 -0.10000008 -13.691196 0.29781985 -0.9268658 0.22852378 0.9442624 0.6926795
-8.558442 0.05333072 -13.493539 0.8640508 -0.3540128 0.35789847 0.48618382 0.69348764
-8.756101 -0.10000008 -13.493539 0.26995608 -0.4535264 0.8493749 0.21429886 0.96920526
-8.756101 0.5099274 -13.493539 0.22852418 0.92686445 0.29782385 0.9257279 0.80819505
-8.558442 0.3565966 -13.493539 0.35789987 0.35402137 0.8640467 0.20802909 0.97191936
-8.558442 0.5099274 -13.691196 0.8493687 0.4535359 0.26995927 0.47991413 0.6962018
-8.756101 -0.10000008 -14.22744 0.22852434 -0.9268662 -0.29781824 0.9516258 0.68996537
-8.558442 0.05333072 -14.22744 0.35789797 -0.35400912 -0.8640524 0.16186267 0.9087121
-8.558442 -0.10000008 -14.029781 0.84937143 -0.45352912 -0.26996213 0.4882893 0.7008511
-8.558442 0.5099274 -14.029781 0.29782042 0.92686605 -0.22852212 0.9330913 0.8054809
-8.558442 0.3565966 -14.22744 0.8640474 0.35401577 -0.35790348 0.4820196 0.70356524
-8.756101 0.5099274 -14.22744 0.26996124 0.45352823 -0.8493722 0.15559289 0.91142625
-10.394696 -0.10000008 -13.691196 -0.30591795 -0.9520579 -0 0.9442624 0.6674651
-10.476569 0.05333072 -13.691196 -0.8821224 -0.4710203 -0 0.9737374 0.5692713
-10.394696 0.3565966 -13.493539 -0.3826858 0 0.92387855 0.20802909 0.9467049
-10.476569 0.3565966 -13.691196 -0.9238807 0 0.38268068 0.9695732 0.5692713
-10.394696 0.5099274 -14.029781 -0.30591616 0.95205843 0 0.9330913 0.83069533
-10.476569 0.3565966 -14.029781 -0.8821224 0.47102028 0 0.9695732 0.56462204
-10.394696 0.05333072 -14.22744 -0.38268203 0 -0.9238802 0.16186267 0.93392664
-10.476569 0.05333072 -14.029781 -0.92388135 0 -0.38267908 0.9737374 0.56462204
-10.197039 -0.10000008 -14.22744 0 -0.9520585 -0.305916 0.9516258 0.6701792
-10.197039 0.05333072 -14.309312 0 -0.47101945 -0.8821229 0.16186267 0.9312125
-8.756101 0.5099274 -14.22744 0 0.9520583 -0.30591673 0.93580544 0.80819505
-8.756101 0.3565966 -14.309312 0 0.47101858 -0.8821233 0.15769836 0.91142625
-8.558442 0.05333072 -14.22744 0.92388135 0 -0.38267908 0.48618382 0.70356524
-8.756101 0.05333072 -14.309312 0.3826794 0 -0.92388123 0.16186267 0.91142625
-8.558442 -0.10000008 -14.029781 0.305916 -0.95205855 0 0.94891167 0.6926795
-8.476569 0.05333072 -14.029781 0.8821224 -0.4710203 0 0.48618382 0.7008511
-8.558442 0.5099274 -13.691196 0.3059142 0.95205915 0 0.928442 0.8054809
-8.476569 0.3565966 -13.691196 0.8821224 0.47102028 0 0.4820196 0.6962018
-8.558442 0.05333072 -13.493539 0.38268322 0 0.92387974 0.21219338 0.97191936
-8.476569 0.05333072 -13.691196 0.9238781 0 0.38268694 0.48618382 0.6962018
-8.756101 -0.10000008 -13.493539 0 -0.9520572 0.30592045 0.9415483 0.68996537
-8.756101 0.05333072 -13.411666 0 -0.47101858 0.8821233 0.21219338 0.96920526
-10.197039 0.5099274 -13.493539 0 0.9520572 0.30592045 0.9257279 0.82798123
-10.197039 0.3565966 -13.411666 0 0.47101945 0.8821229 0.20802909 0.9494191
-8.756101 -0.16351175 -13.691196 0 -1 0 0.9442624 0.68996537
-10.197039 1.0935476 -13.411666 0 0 1 0.23171876 0.94941914
-8.476569 1.0935476 -13.691196 1 0 0 0.9436603 0.78123
-10.197039 1.3103901 -13.691196 0 1 0 0.94426906 0.7604871
-10.476569 1.0935476 -14.029781 -1 0 0 0.50275624 0.9685564
-8.756101 1.0935476 -14.309312 0 0 -1 0.9450636 0.17644438
-10.197039 0.63695085 -13.493539 -0.22852433 -0.9268646 0.29782304 0.9257279 0.8487242
-10.394696 0.79028165 -13.493539 -0.35790458 -0.35400933 0.8640496 0.23588307 0.946705
-10.394696 0.63695085 -13.691196 -0.8493694 -0.45353627 0.2699564 0.50902593 0.9732056
-10.197039 1.2468784 -13.493539 -0.26995593 0.453526 0.8493751 0.22961335 0.94941914
-10.394696 1.2468784 -13.691196 -0.29782036 0.9268659 0.22852294 0.94426906 0.76320124
-10.394696 1.0935475 -13.493539 -0.86405087 0.35401264 0.35789832 0.50275624 0.9759198
-10.394696 0.63695085 -14.029781 -0.29782045 -0.92686623 -0.22852129 0.93309134 0.84601
-10.394696 0.79028165 -14.22744 -0.8640475 -0.35401562 -0.35790333 0.5069205 0.96584225
-10.197039 0.63695085 -14.22744 -0.2699598 -0.4535263 -0.84937364 0.9513334 0.19623059
-10.197039 1.2468784 -14.22744 -0.22852796 0.9268643 -0.29782125 0.95163244 0.7604871
-10.394696 1.0935475 -14.22744 -0.35790032 0.35401174 -0.8640504 0.9450636 0.19894475
-10.394696 1.2468784 -14.029781 -0.8493711 0.45352927 -0.26996323 0.50065076 0.9685564
-8.558442 0.63695085 -13.691196 0.29782042 -0.92686605 0.22852212 0.92844206 0.87122446
-8.558442 0.79028165 -13.493539 0.86404824 -0.35401157 0.35790554 0.94782466 0.7785158
-8.756101 0.63695085 -13.493539 0.2699571 -0.45352876 0.8493732 0.23798855 0.96920526
-8.756101 1.2468784 -13.493539 0.22852528 0.926864 0.2978246 0.9415549 0.74070084
-8.558442 1.0935475 -13.493539 0.3578995 0.35402143 0.8640468 0.23171876 0.9719194
-8.558442 1.2468784 -13.691196 0.84936947 0.45353666 0.2699556 0.9415549 0.78123
-8.756101 0.63695085 -14.22744 0.22852392 -0.9268659 -0.29781985 0.93580544 0.86851037
-8.558442 0.79028165 -14.22744 0.3578983 -0.35400912 -0.8640523 0.9492279 0.17373024
-8.558442 0.63695085 -14.029781 0.8493719 -0.45352945 -0.26996028 0.94993013 0.7858792
-8.558442 1.2468784 -14.029781 0.29782042 0.92686605 -0.22852212 0.94891834 0.73798674
-8.558442 1.0935475 -14.22744 0.8640474 0.35401574 -0.35790345 0.9436603 0.78859335
-8.756101 1.2468784 -14.22744 0.26996112 0.45352697 -0.84937286 0.9429582 0.17644438
-10.394696 0.63695085 -13.691196 -0.3059182 -0.95205784 -0 0.92844206 0.84601
-10.476569 0.79028165 -13.691196 -0.8821224 -0.47102028 -0 0.5069205 0.9732056
-10.197039 1.0935476 -13.411666 -0.382683 0 0.92387974 0.23171876 0.94941914
-10.476569 1.0935476 -13.691196 -0.9238782 0 0.3826867 0.50275624 0.9732056
-10.394696 1.2468784 -14.029781 -0.30591697 0.9520582 0 0.9489183 0.76320124
-10.476569 1.0935476 -14.029781 -0.8821226 0.4710201 0 0.50275624 0.9685564
-10.394696 0.79028165 -14.22744 -0.3826845 0 -0.92387915 0.9492279 0.19894475
-10.394696 0.79028165 -14.22744 -0.9238787 0 -0.38268545 0.5069205 0.96584225
-10.197039 0.63695085 -14.22744 0 -0.9520583 -0.30591673 0.93580544 0.8487242
-10.197039 0.79028165 -14.309312 0 -0.47101945 -0.8821229 0.9492279 0.19623059
-8.756101 1.2468784 -14.22744 0 0.9520583 -0.30591673 0.95163244 0.74070084
-8.756101 1.0935476 -14.309312 0 0.47101858 -0.8821233 0.9450636 0.17644438
-8.558442 0.79028165 -14.22744 0.9238787 0 -0.38268545 0.94782466 0.78859335
-8.756101 0.79028165 -14.309312 0.38267946 0 -0.9238812 0.9492279 0.17644438
-8.558442 0.63695085 -14.029781 0.30591616 -0.95205843 0 0.93309134 0.87122446
-8.476569 0.79028165 -14.029781 0.8821224 -0.47102028 0 0.94782466 0.7858792
-8.558442 1.2468784 -13.691196 0.305915 0.95205885 0 0.94426906 0.73798674
-8.476569 1.0935476 -13.691196 0.8821226 0.4710201 0 0.9436603 0.78123
-8.558442 0.79028165 -13.493539 0.38268322 0 0.9238796 0.23588307 0.9719194
-8.558442 0.79028165 -13.493539 0.9238781 0 0.38268706 0.94782466 0.7785158
-8.756101 0.63695085 -13.493539 0 -0.9520572 0.30592045 0.9257279 0.86851037
-8.756101 0.79028165 -13.411666 0 -0.47101858 0.8821233 0.23588307 0.96920526
-10.197039 1.2468784 -13.493539 0 0.9520572 0.30592045 0.9415549 0.7604871
-10.197039 1.0935476 -13.411666 0 0.47101945 0.8821229 0.23171876 0.94941914
-8.756101 0.5734391 -13.691196 0 -1 0 0.92844206 0.86851037
3 0 1 2
3 3 4 5
3 6 7 8
3 9 10 11
3 12 13 14
3 15 16 17
3 18 19 20
3 21 22 23
3 24 25 26
3 27 28 29
3 30 31 32
3 33 34 35
3 36 37 38
3 0 39 1
3 3 40 4
3 41 42 43
3 44 45 46
3 44 46 47
3 41 43 6
3 48 49 8
3 8 41 6
3 6 44 47
3 7 48 8
3 6 47 7
3 50 51 9
3 52 53 54
3 11 50 9
3 52 54 55
3 9 52 55
3 10 56 57
3 10 57 58
3 9 55 10
3 10 58 11
3 12 59 13
3 15 60 16
3 18 61 19
3 21 62 22
3 24 63 25
3 27 64 28
3 30 65 31
3 33 66 34
3 36 67 37
3 68 69 70
3 71 72 73
3 74 75 76
3 77 78 79
3 80 81 82
3 83 84 85
3 86 87 88
3 89 90 91
3 92 93 94
3 95 96 97
3 68 98 69
3 71 99 72
3 76 100 101
3 75 102 103
3 75 103 104
3 76 101 74
3 75 104 76
3 77 105 78
3 80 106 81
3 83 107 84
3 108 109 86
3 87 110 111
3 87 111 112
3 88 108 86
3 87 112 88
3 89 113 90
3 92 114 93
3 95 115 96
3 116 117 118
3 119 120 121
3 122 123 124
3 125 126 127
3 128 129 130
3 131 132 133
3 134 135 136
3 137 138 139
3 140 141 142
3 143 144 145
3 146 147 148
3 149 150 151
3 116 152 117
3 119 153 154
3 120 155 121
3 119 154 120
3 122 156 123
3 125 157 126
3 128 158 129
3 131 159 160
3 132 161 133
3 131 160 132
3 134 162 135
3 137 163 138
3 140 164 141
3 143 165 144
3 148 166 167
3 146 168 147
3 148 167 146
3 151 169 170
3 149 171 150
3 151 170 149
3 172 173 174
3 175 176 177
3 178 179 180
3 181 182 183
3 184 185 186
3 187 188 189
3 190 191 192
3 193 194 195
3 196 197 198
3 199 200 201
3 202 203 204
3 205 206 207
3 208 209 210
3 211 212 213
3 172 214 173
3 175 215 176
3 178 216 179
3 217 218 181
3 219 220 221
3 219 221 222
3 223 217 181
3 224 225 183
3 183 223 181
3 181 219 222
3 182 224 183
3 181 222 182
3 184 226 185
3 187 227 188
3 190 228 191
3 229 230 193
3 231 232 233
3 195 229 193
3 231 233 234
3 193 231 234
3 194 235 236
3 194 236 237
3 193 234 194
3 194 237 195
3 196 238 197
3 199 239 200
3 202 240 203
3 205 241 206
3 208 242 209
3 211 243 212
3 244 245 246
3 247 248 249
3 250 251 252
3 253 254 255
3 256 257 258
3 259 260 261
3 262 263 264
3 265 266 267
3 268 269 270
3 271 272 273
3 274 275 276
3 277 278 279
3 280 281 282
3 283 284 285
3 286 287 288
3 289 290 291
3 292 293 294
3 295 296 297
3 244 298 245
3 247 299 248
3 250 300 251
3 253 301 254
3 302 303 304
3 305 306 307
3 305 307 308
3 302 304 256
3 309 310 311
3 311 302 256
3 256 305 308
3 312 313 314
3 256 308 312
3 258 309 311
3 312 314 257
3 258 311 256
3 256 312 257
3 259 315 260
3 262 316 263
3 265 317 266
3 318 319 320
3 321 322 323
3 321 323 324
3 318 320 268
3 325 326 327
3 327 318 268
3 268 321 324
3 328 329 330
3 268 324 328
3 270 325 327
3 328 330 269
3 270 327 268
3 268 328 269
3 271 331 272
3 274 332 275
3 277 333 278
3 280 334 281
3 283 335 284
3 286 336 287
3 289 337 290
3 292 338 293
3 295 339 296
3 340 341 342
3 343 344 345
3 346 347 348
3 349 350 351
3 352 353 354
3 355 356 357
3 358 359 360
3 361 362 363
3 364 365 366
3 367 368 369
3 340 370 341
3 343 371 344
3 372 373 346
3 347 374 375
3 347 375 376
3 348 372 346
3 347 376 348
3 349 377 350
3 354 378 379
3 353 380 381
3 353 381 382
3 354 379 352
3 353 382 354
3 355 383 356
3 358 384 359
3 361 385 362
3 364 386 365
3 367 387 368
3 388 389 390
3 391 392 393
3 394 395 396
3 397 398 399
3 400 401 402
3 403 404 405
3 406 407 408
3 409 410 411
3 412 413 414
3 415 416 417
3 418 419 420
3 388 421 389
3 391 422 392
3 394 423 395
3 397 424 398
3 400 425 401
3 403 426 404
3 406 427 407
3 409 428 410
3 412 429 413
3 415 430 416
3 418 431 419
3 432 433 434
3 435 436 437
3 438 439 440
3 441 442 443
3 444 445 446
3 447 448 449
3 432 450 433
3 435 451 436
3 438 452 439
3 441 453 442
3 444 454 445
3 447 455 448
3 456 457 458
3 459 460 461
3 462 463 464
3 465 466 467
3 468 469 470
3 471 472 473
3 456 474 457
3 459 475 460
3 462 476 463
3 465 477 466
3 468 478 469
3 471 479 472
3 480 481 482
3 483 484 485
3 486 487 488
3 489 490 491
3 492 493 494
3 495 496 497
3 480 498 481
3 483 499 484
3 486 500 487
3 489 501 490
3 492 502 493
3 495 503 496
3 504 505 506
3 507 508 509
3 510 511 512
3 513 514 515
3 516 517 518
3 504 519 505
3 507 520 508
3 510 521 511
3 513 522 514
3 516 523 517
3 524 525 526
3 527 528 529
3 530 531 532
3 533 534 535
3 536 537 538
3 539 540 541
3 524 542 525
3 527 543 528
3 530 544 531
3 533 545 534
3 536 546 537
3 539 547 540
3 548 549 550
3 551 552 553
3 554 555 556
3 557 558 559
3 560 561 562
3 563 564 565
3 566 567 568
3 569 570 571
3 572 573 574
3 575 576 577
3 578 579 580
3 581 582 583
3 584 585 586
3 587 588 589
3 590 591 592
3 593 594 595
3 596 597 598
3 599 600 601
3 602 603 604
3 605 606 607
3 608 609 610
3 611 612 613
3 614 615 616
3 617 618 619
3 620 621 622
3 623 624 625
3 626 627 628
3 629 630 631
3 632 633 634
3 635 636 637
3 638 639 640
3 641 642 643
3 644 645 646
3 647 648 649
3 650 651 652
3 653 654 655
3 656 657 658
3 659 660 661
3 662 663 664
3 665 666 667
3 668 669 670
3 671 672 673
3 674 675 676
3 677 678 679
3 680 681 682
3 683 684 685
3 686 687 688
3 689 690 691
3 692 693 694
3 695 696 697
3 698 699 700
3 701 702 703
3 704 705 706
3 707 708 709
3 710 711 712
3 713 714 715
3 716 717 718
3 719 720 721
3 722 723 724
3 725 726 727
3 728 729 730
3 731 732 733
3 734 735 736
3 737 738 739
3 740 741 742
3 743 744 745
3 746 747 748
3 749 750 751
3 752 753 754
3 755 756 757
3 758 759 760
3 761 762 763
3 764 765 766
3 767 768 769
3 770 771 772
3 773 774 775
3 776 777 778
3 779 780 781
3 782 783 784
3 785 786 787
3 788 789 790
3 791 792 793
3 794 795 796
3 797 798 799
3 800 801 802
3 803 804 805
3 806 807 808
3 809 810 811
3 812 813 814
3 815 816 817
3 818 819 820
3 821 822 823
3 824 825 826
3 827 828 829
3 830 831 832
3 833 834 835
3 836 837 838
3 839 840 841
3 842 843 844
3 845 846 847
3 848 849 850
3 851 852 853
3 854 855 856
3 857 858 859
3 860 861 862
3 863 864 865
3 866 867 868
3 869 870 871
3 872 873 874
3 875 876 877
3 878 879 880
3 881 882 883
3 884 885 886
3 887 888 889
3 890 891 892
3 893 894 895
3 896 897 898
3 899 900 901
3 902 903 904
3 905 906 907
3 908 909 910
3 911 912 913
3 914 915 916
3 917 918 919
3 920 921 922
3 923 924 925
3 926 927 928
3 929 930 931
3 932 933 934
3 935 936 937
3 938 939 940
3 941 942 943
3 944 945 946
3 947 948 949
3 950 951 952
3 953 954 955
3 956 957 958
3 959 960 961
3 962 963 964
3 965 966 967
3 968 969 970
3 971 972 973
3 974 975 976
3 977 978 979
3 980 981 982
3 983 984 985
3 986 987 988
3 989 990 991
3 992 993 994
3 995 996 997
3 998 999 1000
3 1001 1002 1003
3 1004 1005 1006
3 1007 1008 1009
3 1010 1011 1012
3 1013 1014 1015
3 1016 1017 1018
3 1019 1020 1021
3 1022 1023 1024
3 1025 1026 1027
3 1028 1029 1030
3 1031 1032 1033
3 1034 1035 1036
3 1037 1038 1039
3 1040 1041 1042
3 1043 1044 1045
3 1046 1047 1048
3 1049 1050 1051
3 1052 1053 1054
3 1055 1056 1057
3 1058 1059 1060
3 1061 1062 1063
3 1064 1065 1066
3 1067 1068 1069
3 1070 1071 1072
3 1073 1074 1075
3 1076 1077 1078
3 1079 1080 1081
3 1082 1083 1084
3 1085 1086 1087
3 1088 1089 1090
3 1091 1092 1093
3 1094 1095 1096
3 1097 1098 1099
3 1100 1101 1102
3 1103 1104 1105
3 1106 1107 1108
3 1109 1110 1111
3 1112 1113 1114
3 1115 1116 1117
3 1118 1119 1120
3 1121 1122 1123
3 1124 1125 1126
3 1127 1128 1129
3 1130 1131 1132
3 1133 1134 1135
3 1136 1137 1138
3 1139 1140 1141
3 1142 1143 1144
3 1145 1146 1147
3 1148 1149 1150
3 1151 1152 1153
3 1154 1155 1156
3 1157 1158 1159
3 1160 1161 1162
3 1163 1164 1165
3 1166 1167 1168
3 1169 1170 1171
3 1172 1173 1174
3 1175 1176 1177
3 1178 1179 1180
3 1181 1182 1183
3 1184 1185 1186
3 1187 1188 1189
3 1190 1191 1192
3 1193 1194 1195
3 1196 1197 1198
3 1199 1200 1201
3 1202 1203 1204
3 1205 1206 1207
3 1208 1209 1210
3 1211 1212 1213
3 1214 1215 1216
3 1217 1218 1219
3 1220 1221 1222
3 1223 1224 1225
3 1226 1227 1228
3 1229 1230 1231
3 1232 1233 1234
3 1235 1236 1237
3 1238 1239 1240
3 1241 1242 1243
3 1244 1245 1246
3 1247 1248 1249
3 1250 1251 1252
3 1253 1254 1255
3 1256 1257 1258
3 1259 1260 1261
3 1262 1263 1264
3 1265 1266 1267
3 1268 1269 1270
3 1271 1272 1273
3 1274 1275 1276
3 1277 1278 1279
3 1280 1281 1282
3 1283 1284 1285
3 1286 1287 1288
3 1289 1290 1291
3 1292 1293 1294
3 1295 1296 1297
3 1298 1299 1300
3 1301 1302 1303
3 1304 1305 1306
3 1307 1308 1309
3 1310 1311 1312
3 1313 1314 1315
3 1316 1317 1318
3 1319 1320 1321
3 1322 1323 1324
3 1325 1326 1327
3 1328 1329 1330
3 1331 1332 1333
3 1334 1335 1336
3 1337 1338 1339
3 1340 1341 1342
3 1343 1344 1345
3 1346 1347 1348
3 1349 1350 1351
3 1352 1353 1354
3 1355 1356 1357
3 1358 1359 1360
3 1361 1362 1363
3 1364 1365 1366
3 1367 1368 1369
3 1370 1371 1372
3 1373 1374 1375
3 1376 1377 1378
3 1379 1380 1381
3 1382 1383 1384
3 1385 1386 1387
3 1388 1389 1390
3 1391 1392 1393
3 1394 1395 1396
3 1397 1398 1399
3 1400 1401 1402
3 1403 1404 1405
3 1406 1407 1408
3 1409 1410 1411
3 1412 1413 1414
3 1415 1416 1417
3 1418 1419 1420
3 1421 1422 1423
3 1424 1425 1426
3 1427 1428 1429
3 1430 1431 1432
3 1433 1434 1435
3 1436 1437 1438
3 1439 1440 1441
3 1442 1443 1444
3 1445 1446 1447
3 1448 1449 1450
3 1451 1452 1453
3 1454 1455 1456
3 1457 1458 1459
3 1460 1461 1462
3 1463 1464 1465
3 1466 1467 1468
3 1469 1470 1471
3 1472 1473 1474
3 1475 1476 1477
3 1478 1479 1480
3 1481 1482 1483
3 1484 1485 1486
3 1487 1488 1489
3 1490 1491 1492
3 1493 1494 1495
3 1496 1497 1498
3 1499 1500 1501
3 1502 1503 1504
3 1505 1506 1507
3 1508 1509 1510
3 1511 1512 1513
3 1514 1515 1516
3 1517 1518 1519
3 1520 1521 1522
3 1523 1524 1525
3 1526 1527 1528
3 1529 1530 1531
3 1532 1533 1534
3 1535 1536 1537
3 1538 1539 1540
3 1541 1542 1543
3 1544 1545 1546
3 1547 1548 1549
3 1550 1551 1552
3 1553 1554 1555
3 1556 1557 1558
3 1559 1560 1561
3 1562 1563 1564
3 1565 1566 1567
3 1568 1569 1570
3 1571 1572 1573
3 1574 1575 1576
3 1577 1578 1579
3 1580 1581 1582
3 1583 1584 1585
3 1586 1587 1588
3 1589 1590 1591
3 1592 1593 1594
3 1595 1596 1597
3 1598 1599 1600
3 1601 1602 1603
3 1604 1605 1606
3 1607 1608 1609
3 1610 1611 1612
3 1613 1614 1615
3 1616 1617 1618
3 1619 1620 1621
3 1622 1623 1624
3 1625 1626 1627
3 1628 1629 1630
3 1631 1632 1633
3 1634 1635 1636
3 1637 1638 1639
3 1640 1641 1642
3 1643 1644 1645
3 1646 1647 1648
3 1649 1650 1651
3 1652 1653 1654
3 1655 1656 1657
3 1658 1659 1660
3 1661 1662 1663
3 1664 1665 1666
3 1667 1668 1669
3 1670 1671 1672
3 1673 1674 1675
3 1676 1677 1678
3 1679 1680 1681
3 1682 1683 1684
3 1685 1686 1687
3 1688 1689 1690
3 1691 1692 1693
3 1694 1695 1696
3 1697 1698 1699
3 1700 1701 1702
3 1703 1704 1705
3 1706 1707 1708
3 1709 1710 1711
3 1712 1713 1714
3 1715 1716 1717
3 1718 1719 1720
3 1721 1722 1723
3 1724 1725 1726
3 1727 1728 1729
3 1730 1731 1732
3 1733 1734 1735
3 1736 1737 1738
3 1739 1740 1741
3 1742 1743 1744
3 1745 1746 1747
3 1748 1749 1750
3 1751 1752 1753
3 1754 1755 1756
3 1757 1758 1759
3 1760 1761 1762
3 1763 1764 1765
3 1766 1767 1768
3 1769 1770 1771
3 1772 1773 1774
3 1775 1776 1777
3 1778 1779 1780
3 1781 1782 1783
3 1784 1785 1786
3 1787 1788 1789
3 1790 1791 1792
3 1793 1794 1795
3 1796 1797 1798
3 1799 1800 1801
3 1802 1803 1804
3 1805 1806 1807
3 1808 1809 1810
3 1811 1812 1813
3 1814 1815 1816
3 1817 1818 1819
3 1820 1821 1822
3 1823 1824 1825
3 1826 1827 1828
3 1829 1830 1831
3 1832 1833 1834
3 1835 1836 1837
3 1838 1839 1840
3 1841 1842 1843
3 1844 1845 1846
3 1847 1848 1849
3 1850 1851 1852
3 1853 1854 1855
3 1856 1857 1858
3 1859 1860 1861
3 1862 1863 1864
3 1865 1866 1867
3 1868 1869 1870
3 1871 1872 1873
3 1874 1875 1876
3 1877 1878 1879
3 1880 1881 1882
3 1883 1884 1885
3 1886 1887 1888
3 1889 1890 1891
3 1892 1893 1894
3 1895 1896 1897
3 1898 1899 1900
3 1901 1902 1903
3 1904 1905 1906
3 1907 1908 1909
3 1910 1911 1912
3 1913 1914 1915
3 1916 1917 1918
3 1919 1920 1921
3 1922 1923 1924
3 1925 1926 1927
3 1928 1929 1930
3 1931 1932 1933
3 1934 1935 1936
3 1937 1938 1939
3 1940 1941 1942
3 1943 1944 1945
3 1946 1947 1948
3 1949 1950 1951
3 1952 1953 1954
3 1955 1956 1957
3 1958 1959 1960
3 1961 1962 1963
3 1964 1965 1966
3 1967 1968 1969
3 1970 1971 1972
3 1973 1974 1975
3 1976 1977 1978
3 1979 1980 1981
3 1982 1983 1984
3 1985 1986 1987
3 1988 1989 1990
3 1991 1992 1993
3 1994 1995 1996
3 1997 1998 1999
3 2000 2001 2002
3 2003 2004 2005
3 2006 2007 2008
3 2009 2010 2011
3 2012 2013 2014
3 2015 2016 2017
3 2018 2019 2020
3 2021 2022 2023
3 2024 2025 2026
3 2027 2028 2029
3 2030 2031 2032
3 2033 2034 2035
3 2036 2037 2038
3 2039 2040 2041
3 2042 2043 2044
3 2045 2046 2047
3 2048 2049 2050
3 2051 2052 2053
3 2054 2055 2056
3 2057 2058 2059
3 2060 2061 2062
3 2063 2064 2065
3 2066 2067 2068
3 2069 2070 2071
3 2072 2073 2074
3 2075 2076 2077
3 2078 2079 2080
3 2081 2082 2083
3 2084 2085 2086
3 2087 2088 2089
3 2090 2091 2092
3 2093 2094 2095
3 2096 2097 2098
3 2099 2100 2101
3 2102 2103 2104
3 2105 2106 2107
3 2108 2109 2110
3 2111 2112 2113
3 2114 2115 2116
3 2117 2118 2119
3 2120 2121 2122
3 2123 2124 2125
3 2126 2127 2128
3 2129 2130 2131
3 2132 2133 2134
3 2135 2136 2137
3 2138 2139 2140
3 2141 2142 2143
3 2144 2145 2146
3 2147 2148 2149
3 2150 2151 2152
3 2153 2154 2155
3 2156 2157 2158
3 2159 2160 2161
3 2162 2163 2164
3 2165 2166 2167
3 2168 2169 2170
3 2171 2172 2173
3 2174 2175 2176
3 2177 2178 2179
3 2180 2181 2182
3 2183 2184 2185
3 2186 2187 2188
3 2189 2190 2191
3 2192 2193 2194
3 2195 2196 2197
3 2198 2199 2200
3 2201 2202 2203
3 2204 2205 2206
3 2207 2208 2209
3 2210 2211 2212
3 2213 2214 2215
3 2216 2217 2218
3 2219 2220 2221
3 2222 2223 2224
3 2225 2226 2227
3 2228 2229 2230
3 2231 2232 2233
3 2234 2235 2236
3 2237 2238 2239
3 2240 2241 2242
3 2243 2244 2245
3 2246 2247 2248
3 2249 2250 2251
3 2252 2253 2254
3 2255 2256 2257
3 2258 2259 2260
3 2261 2262 2263
3 2264 2265 2266
3 2267 2268 2269
3 2270 2271 2272
3 2273 2274 2275
3 2276 2277 2278
3 2279 2280 2281
3 2282 2283 2284
3 2285 2286 2287
3 2288 2289 2290
3 2291 2292 2293
3 2294 2295 2296
3 2297 2298 2299
3 2300 2301 2302
3 2303 2304 2305
3 2306 2307 2308
3 2309 2310 2311
3 2312 2313 2314
3 2315 2316 2317
3 2318 2319 2320
3 2321 2322 2323
3 2324 2325 2326
3 2327 2328 2329
3 2330 2331 2332
3 2333 2334 2335
3 2336 2337 2338
3 2339 2340 2341
3 2342 2343 2344
3 2345 2346 2347
3 2348 2349 2350
3 2351 2352 2353
3 2354 2355 2356
3 2357 2358 2359
3 2360 2361 2362
3 2363 2364 2365
3 2366 2367 2368
3 2369 2370 2371
3 2372 2373 2374
3 2375 2376 2377
3 2378 2379 2380
3 2381 2382 2383
3 2384 2385 2386
3 2387 2388 2389
3 2390 2391 2392
3 2393 2394 2395
3 2396 2397 2398
3 2399 2400 2401
3 2402 2403 2404
3 2405 2406 2407
3 2408 2409 2410
3 2411 2412 2413
3 2414 2415 2416
3 2417 2418 2419
3 2420 2421 2422
3 2423 2424 2425
3 2426 2427 2428
3 2429 2430 2431
3 2432 2433 2434
3 2435 2436 2437
3 2438 2439 2440
3 2441 2442 2443
3 2444 2445 2446
3 2447 2448 2449
3 2450 2451 2452
3 2453 2454 2455
3 2456 2457 2458
3 2459 2460 2461
3 2462 2463 2464
3 2465 2466 2467
3 2468 2469 2470
3 2471 2472 2473
3 2474 2475 2476
3 2477 2478 2479
3 2480 2481 2482
3 2483 2484 2485
3 2486 2487 2488
3 2489 2490 2491
3 2492 2493 2494
3 2495 2496 2497
3 2498 2499 2500
3 2501 2502 2503
3 2504 2505 2506
3 2507 2508 2509
3 2510 2511 2512
3 2513 2514 2515
3 2516 2517 2518
3 2519 2520 2521
3 2522 2523 2524
3 2525 2526 2527
3 2528 2529 2530
3 2531 2532 2533
3 2534 2535 2536
3 2537 2538 2539
3 2540 2541 2542
3 2543 2544 2545
3 2546 2547 2548
3 2549 2550 2551
3 2552 2553 2554
3 2555 2556 2557
3 2558 2559 2560
3 2561 2562 2563
3 2564 2565 2566
3 2567 2568 2569
3 2570 2571 2572
3 2573 2574 2575
3 2576 2577 2578
3 2579 2580 2581
3 2582 2583 2584
3 2585 2586 2587
3 2588 2589 2590
3 2591 2592 2593
3 2594 2595 2596
3 2597 2598 2599
3 2600 2601 2602
3 2603 2604 2605
3 2606 2607 2608
3 2609 2610 2611
3 2612 2613 2614
3 2615 2616 2617
3 2618 2619 2620
3 2621 2622 2623
3 2624 2625 2626
3 2627 2628 2629
3 2630 2631 2632
3 2633 2634 2635
3 2636 2637 2638
3 2639 2640 2641
3 2642 2643 2644
3 2645 2646 2647
3 2648 2649 2650
3 2651 2652 2653
3 2654 2655 2656
3 2657 2658 2659
3 2660 2661 2662
3 2663 2664 2665
3 2666 2667 2668
3 2669 2670 2671
3 2672 2673 2674
3 2675 2676 2677
3 2678 2679 2680
3 2681 2682 2683
3 2684 2685 2686
3 2687 2688 2689
3 2690 2691 2692
3 2693 2694 2695
3 2696 2697 2698
3 2699 2700 2701
3 2702 2703 2704
3 2705 2706 2707
3 2708 2709 2710
3 2711 2712 2713
3 2714 2715 2716
3 2717 2718 2719
3 2720 2721 2722
3 2723 2724 2725
3 2726 2727 2728
3 2729 2730 2731
3 2732 2733 2734
3 2735 2736 2737
3 2738 2739 2740
3 2741 2742 2743
3 2744 2745 2746
3 2747 2748 2749
3 2750 2751 2752
3 2753 2754 2755
3 2756 2757 2758
3 2759 2760 2761
3 2762 2763 2764
3 2765 2766 2767
3 2768 2769 2770
3 2771 2772 2773
3 2774 2775 2776
3 2777 2778 2779
3 2780 2781 2782
3 2783 2784 2785
3 2786 2787 2788
3 2789 2790 2791
3 2792 2793 2794
3 2795 2796 2797
3 2798 2799 2800
3 2801 2802 2803
3 2804 2805 2806
3 2807 2808 2809
3 2810 2811 2812
3 2813 2814 2815
3 2816 2817 2818
3 2819 2820 2821
3 2822 2823 2824
3 2825 2826 2827
3 2828 2829 2830
3 2831 2832 2833
3 2834 2835 2836
3 2837 2838 2839
3 2840 2841 2842
3 2843 2844 2845
3 2846 2847 2848
3 2849 2850 2851
3 2852 2853 2854
3 2855 2856 2857
3 2858 2859 2860
3 2861 2862 2863
3 2864 2865 2866
3 2867 2868 2869
3 2870 2871 2872
3 2873 2874 2875
3 2876 2877 2878
3 2879 2880 2881
3 2882 2883 2884
3 2885 2886 2887
3 2888 2889 2890
3 2891 2892 2893
3 2894 2895 2896
3 2897 2898 2899
3 2900 2901 2902
3 2903 2904 2905
3 2906 2907 2908
3 2909 2910 2911
3 2912 2913 2914
3 2915 2916 2917
3 2918 2919 2920
3 2921 2922 2923
3 2924 2925 2926
3 2927 2928 2929
3 2930 2931 2932
3 2933 2934 2935
3 2936 2937 2938
3 2939 2940 2941
3 2942 2943 2944
3 2945 2946 2947
3 2948 2949 2950
3 2951 2952 2953
3 2954 2955 2956
3 2957 2958 2959
3 2960 2961 2962
3 2963 2964 2965
3 2966 2967 2968
3 2969 2970 2971
3 2972 2973 2974
3 2975 2976 2977
3 2978 2979 2980
3 2981 2982 2983
3 2984 2985 2986
3 2987 2988 2989
3 2990 2991 2992
3 2993 2994 2995
3 2996 2997 2998
3 2999 3000 3001
3 3002 3003 3004
3 3005 3006 3007
3 3008 3009 3010
3 3011 3012 3013
3 3014 3015 3016
3 3017 3018 3019
3 3020 3021 3022
3 3023 3024 3025
3 3026 3027 3028
3 3029 3030 3031
3 3032 3033 3034
3 3035 3036 3037
3 3038 3039 3040
3 3041 3042 3043
3 3044 3045 3046
3 3047 3048 3049
3 3050 3051 3052
3 3053 3054 3055
3 3056 3057 3058
3 3059 3060 3061
3 3062 3063 3064
3 3065 3066 3067
3 3068 3069 3070
3 3071 3072 3073
3 3074 3075 3076
3 3077 3078 3079
3 3080 3081 3082
3 3083 3084 3085
3 3086 3087 3088
3 3089 3090 3091
3 3092 3093 3094
3 3095 3096 3097
3 3098 3099 3100
3 3101 3102 3103
3 3104 3105 3106
3 3107 3108 3109
3 3110 3111 3112
3 3113 3114 3115
3 3116 3117 3118
3 3119 3120 3121
3 3122 3123 3124
3 3125 3126 3127
3 3128 3129 3130
3 3131 3132 3133
3 3134 3135 3136
3 3137 3138 3139
3 548 3140 549
3 551 3141 552
3 554 3142 555
3 557 3143 558
3 560 3144 561
3 563 3145 564
3 566 3146 567
3 569 3147 570
3 572 3148 573
3 575 3149 576
3 578 3150 579
3 581 3151 582
3 584 3152 585
3 587 3153 588
3 590 3154 591
3 593 3155 594
3 596 3156 597
3 599 3157 600
3 602 3158 603
3 605 3159 606
3 608 3160 609
3 611 3161 612
3 614 3162 615
3 617 3163 618
3 620 3164 621
3 623 3165 624
3 626 3166 627
3 629 3167 630
3 632 3168 633
3 635 3169 636
3 638 3170 639
3 641 3171 642
3 644 3172 645
3 647 3173 648
3 650 3174 651
3 653 3175 654
3 656 3176 657
3 659 3177 660
3 662 3178 663
3 665 3179 666
3 668 3180 669
3 671 3181 672
3 674 3182 675
3 677 3183 678
3 680 3184 681
3 683 3185 684
3 686 3186 687
3 689 3187 690
3 692 3188 693
3 695 3189 696
3 698 3190 699
3 701 3191 702
3 704 3192 705
3 707 3193 708
3 710 3194 711
3 713 3195 714
3 716 3196 717
3 719 3197 720
3 722 3198 723
3 725 3199 726
3 728 3200 729
3 731 3201 732
3 734 3202 735
3 737 3203 738
3 740 3204 741
3 743 3205 744
3 746 3206 747
3 749 3207 750
3 752 3208 753
3 755 3209 756
3 758 3210 759
3 761 3211 762
3 764 3212 765
3 767 3213 768
3 770 3214 771
3 773 3215 774
3 776 3216 777
3 779 3217 780
3 782 3218 783
3 785 3219 786
3 788 3220 789
3 791 3221 792
3 794 3222 795
3 797 3223 798
3 800 3224 801
3 803 3225 804
3 806 3226 807
3 809 3227 810
3 812 3228 813
3 815 3229 816
3 818 3230 819
3 821 3231 822
3 824 3232 825
3 827 3233 828
3 830 3234 831
3 833 3235 834
3 836 3236 837
3 839 3237 840
3 842 3238 843
3 845 3239 846
3 848 3240 849
3 851 3241 852
3 854 3242 855
3 857 3243 858
3 860 3244 861
3 863 3245 864
3 866 3246 867
3 869 3247 870
3 872 3248 873
3 875 3249 876
3 878 3250 879
3 881 3251 882
3 884 3252 885
3 887 3253 888
3 890 3254 891
3 893 3255 894
3 896 3256 897
3 899 3257 900
3 902 3258 903
3 905 3259 906
3 908 3260 909
3 911 3261 912
3 914 3262 915
3 917 3263 918
3 920 3264 921
3 923 3265 924
3 926 3266 927
3 929 3267 930
3 932 3268 933
3 935 3269 936
3 938 3270 939
3 941 3271 942
3 944 3272 945
3 947 3273 948
3 950 3274 951
3 953 3275 954
3 956 3276 957
3 959 3277 960
3 962 3278 963
3 965 3279 966
3 968 3280 969
3 971 3281 972
3 974 3282 975
3 977 3283 978
3 980 3284 981
3 983 3285 984
3 986 3286 987
3 989 3287 990
3 992 3288 993
3 995 3289 996
3 998 3290 999
3 1001 3291 1002
3 1004 3292 1005
3 1007 3293 1008
3 1010 3294 1011
3 1013 3295 1014
3 1016 3296 1017
3 1019 3297 1020
3 1022 3298 1023
3 1025 3299 1026
3 1028 3300 1029
3 1031 3301 1032
3 1034 3302 1035
3 1037 3303 1038
3 1040 3304 1041
3 1043 3305 1044
3 1046 3306 1047
3 1049 3307 1050
3 1052 3308 1053
3 1055 3309 1056
3 1058 3310 1059
3 1061 3311 1062
3 1064 3312 1065
3 1067 3313 1068
3 1070 3314 1071
3 1073 3315 1074
3 1076 3316 1077
3 1079 3317 1080
3 1082 3318 1083
3 1085 3319 1086
3 1088 3320 1089
3 1091 3321 1092
3 1094 3322 1095
3 1097 3323 1098
3 1100 3324 1101
3 1103 3325 1104
3 1106 3326 1107
3 1109 3327 1110
3 1112 3328 1113
3 1115 3329 1116
3 1118 3330 1119
3 1121 3331 1122
3 1124 3332 1125
3 1127 3333 1128
3 1130 3334 1131
3 1133 3335 1134
3 1136 3336 1137
3 1139 3337 1140
3 1142 3338 1143
3 1145 3339 1146
3 1148 3340 1149
3 1151 3341 1152
3 1154 3342 1155
3 1157 3343 1158
3 1160 3344 1161
3 1163 3345 1164
3 1166 3346 1167
3 1169 3347 1170
3 1172 3348 1173
3 1175 3349 1176
3 1178 3350 1179
3 1181 3351 1182
3 1184 3352 1185
3 1187 3353 1188
3 1190 3354 1191
3 1193 3355 1194
3 1196 3356 1197
3 1199 3357 1200
3 1202 3358 1203
3 1205 3359 1206
3 1208 3360 1209
3 1211 3361 1212
3 1214 3362 1215
3 1217 3363 1218
3 1220 3364 1221
3 1223 3365 1224
3 1226 3366 1227
3 1229 3367 1230
3 1232 3368 1233
3 1235 3369 1236
3 1238 3370 1239
3 1241 3371 1242
3 1244 3372 1245
3 1247 3373 1248
3 1250 3374 1251
3 1253 3375 1254
3 1256 3376 1257
3 1259 3377 1260
3 1262 3378 1263
3 1265 3379 1266
3 1268 3380 1269
3 1271 3381 1272
3 1274 3382 1275
3 1277 3383 1278
3 1280 3384 1281
3 1283 3385 1284
3 1286 3386 1287
3 1289 3387 1290
3 1292 3388 1293
3 1295 3389 1296
3 1298 3390 1299
3 1301 3391 1302
3 1304 3392 1305
3 1307 3393 1308
3 1310 3394 1311
3 1313 3395 1314
3 1316 3396 1317
3 1319 3397 1320
3 1322 3398 1323
3 1325 3399 1326
3 1328 3400 1329
3 1331 3401 1332
3 1334 3402 1335
3 1337 3403 1338
3 1340 3404 1341
3 1343 3405 1344
3 1346 3406 1347
3 1349 3407 1350
3 1352 3408 1353
3 1355 3409 1356
3 1358 3410 1359
3 1361 3411 1362
3 1364 3412 1365
3 1367 3413 1368
3 1370 3414 1371
3 1373 3415 1374
3 1376 3416 1377
3 1379 3417 1380
3 1382 3418 1383
3 1385 3419 1386
3 1388 3420 1389
3 1391 3421 1392
3 1394 3422 1395
3 1397 3423 1398
3 1400 3424 1401
3 1403 3425 1404
3 1406 3426 1407
3 1409 3427 1410
3 1412 3428 1413
3 1415 3429 1416
3 1418 3430 1419
3 1421 3431 1422
3 1424 3432 1425
3 1427 3433 1428
3 1430 3434 1431
3 1433 3435 1434
3 1436 3436 1437
3 1439 3437 1440
3 1442 3438 1443
3 1445 3439 1446
3 1448 3440 1449
3 1451 3441 1452
3 1454 3442 1455
3 1457 3443 1458
3 1460 3444 1461
3 1463 3445 1464
3 1466 3446 1467
3 1469 3447 1470
3 1472 3448 1473
3 1475 3449 1476
3 1478 3450 1479
3 1481 3451 1482
3 1484 3452 1485
3 1487 3453 1488
3 1490 3454 1491
3 1493 3455 1494
3 1496 3456 1497
3 1499 3457 1500
3 1502 3458 1503
3 1505 3459 1506
3 1508 3460 1509
3 1511 3461 1512
3 1514 3462 1515
3 1517 3463 1518
3 1520 3464 1521
3 1523 3465 1524
3 1526 3466 1527
3 1529 3467 1530
3 1532 3468 1533
3 1535 3469 1536
3 1538 3470 1539
3 1541 3471 1542
3 1544 3472 1545
3 1547 3473 1548
3 1550 3474 1551
3 1553 3475 1554
3 1556 3476 1557
3 1559 3477 1560
3 1562 3478 1563
3 1565 3479 1566
3 1568 3480 1569
3 1571 3481 1572
3 1574 3482 1575
3 1577 3483 1578
3 1580 3484 1581
3 1583 3485 1584
3 1586 3486 1587
3 1589 3487 1590
3 1592 3488 1593
3 1595 3489 1596
3 1598 3490 1599
3 1601 3491 1602
3 1604 3492 1605
3 1607 3493 1608
3 1610 3494 1611
3 1613 3495 1614
3 1616 3496 1617
3 1619 3497 1620
3 1622 3498 1623
3 1625 3499 1626
3 1628 3500 1629
3 1631 3501 1632
3 1634 3502 1635
3 1637 3503 1638
3 1640 3504 1641
3 1643 3505 1644
3 1646 3506 1647
3 1649 3507 1650
3 1652 3508 1653
3 1655 3509 1656
3 1658 3510 1659
3 1661 3511 1662
3 1664 3512 1665
3 1667 3513 1668
3 1670 3514 1671
3 1673 3515 1674
3 1676 3516 1677
3 1679 3517 1680
3 1682 3518 1683
3 1685 3519 1686
3 1688 3520 1689
3 1691 3521 1692
3 1694 3522 1695
3 1697 3523 1698
3 1700 3524 1701
3 1703 3525 1704
3 1706 3526 1707
3 1709 3527 1710
3 1712 3528 1713
3 1715 3529 1716
3 1718 3530 1719
3 1721 3531 1722
3 1724 3532 1725
3 1727 3533 1728
3 1730 3534 1731
3 1733 3535 1734
3 1736 3536 1737
3 1739 3537 1740
3 1742 3538 1743
3 1745 3539 1746
3 1748 3540 1749
3 1751 3541 1752
3 1754 3542 1755
3 1757 3543 1758
3 1760 3544 1761
3 1763 3545 1764
3 1766 3546 1767
3 1769 3547 1770
3 1772 3548 1773
3 1775 3549 1776
3 1778 3550 1779
3 1781 3551 1782
3 1784 3552 1785
3 1787 3553 1788
3 1790 3554 1791
3 1793 3555 1794
3 1796 3556 1797
3 1799 3557 1800
3 1802 3558 1803
3 1805 3559 1806
3 1808 3560 1809
3 1811 3561 1812
3 1814 3562 1815
3 1817 3563 1818
3 1820 3564 1821
3 1823 3565 1824
3 1826 3566 1827
3 1829 3567 1830
3 1832 3568 1833
3 1835 3569 1836
3 1838 3570 1839
3 1841 3571 1842
3 1844 3572 1845
3 1847 3573 1848
3 1850 3574 1851
3 1853 3575 1854
3 1856 3576 1857
3 1859 3577 1860
3 1862 3578 1863
3 1865 3579 1866
3 1868 3580 1869
3 1871 3581 1872
3 1874 3582 1875
3 1877 3583 1878
3 1880 3584 1881
3 1883 3585 1884
3 1886 3586 1887
3 1889 3587 1890
3 1892 3588 1893
3 1895 3589 1896
3 1898 3590 1899
3 1901 3591 1902
3 1904 3592 1905
3 1907 3593 1908
3 1910 3594 1911
3 1913 3595 1914
3 1916 3596 1917
3 1919 3597 1920
3 1922 3598 1923
3 1925 3599 1926
3 1928 3600 1929
3 1931 3601 1932
3 1934 3602 1935
3 1937 3603 1938
3 1940 3604 1941
3 1943 3605 1944
3 1946 3606 1947
3 1949 3607 1950
3 1952 3608 1953
3 1955 3609 1956
3 1958 3610 1959
3 1961 3611 1962
3 1964 3612 1965
3 1967 3613 1968
3 1970 3614 1971
3 1973 3615 1974
3 1976 3616 1977
3 1979 3617 1980
3 1982 3618 1983
3 1985 3619 1986
3 1988 3620 1989
3 1991 3621 1992
3 1994 3622 1995
3 1997 3623 1998
3 2000 3624 2001
3 2003 3625 2004
3 2006 3626 2007
3 2009 3627 2010
3 2012 3628 2013
3 2015 3629 2016
3 2018 3630 2019
3 2021 3631 2022
3 2024 3632 2025
3 2027 3633 2028
3 2030 3634 2031
3 2033 3635 2034
3 2036 3636 2037
3 2039 3637 2040
3 2042 3638 2043
3 2045 3639 2046
3 2048 3640 2049
3 2051 3641 2052
3 2054 3642 2055
3 2057 3643 2058
3 2060 3644 2061
3 2063 3645 2064
3 2066 3646 2067
3 2069 3647 2070
3 2072 3648 2073
3 2075 3649 2076
3 2078 3650 2079
3 2081 3651 2082
3 2084 3652 2085
3 2087 3653 2088
3 2090 3654 2091
3 2093 3655 2094
3 2096 3656 2097
3 2099 3657 2100
3 2102 3658 2103
3 2105 3659 2106
3 2108 3660 2109
3 2111 3661 2112
3 2114 3662 2115
3 2117 3663 2118
3 2120 3664 2121
3 2123 3665 2124
3 2126 3666 2127
3 2129 3667 2130
3 2132 3668 2133
3 2135 3669 2136
3 2138 3670 2139
3 2141 3671 2142
3 2144 3672 2145
3 2147 3673 2148
3 2150 3674 2151
3 2153 3675 2154
3 2156 3676 2157
3 2159 3677 2160
3 2162 3678 2163
3 2165 3679 2166
3 2168 3680 2169
3 2171 3681 2172
3 2174 3682 2175
3 2177 3683 2178
3 2180 3684 2181
3 2183 3685 2184
3 2186 3686 2187
3 2189 3687 2190
3 2192 3688 2193
3 2195 3689 2196
3 2198 3690 2199
3 2201 3691 2202
3 2204 3692 2205
3 2207 3693 2208
3 2210 3694 2211
3 2213 3695 2214
3 2216 3696 2217
3 2219 3697 2220
3 2222 3698 2223
3 2225 3699 2226
3 2228 3700 2229
3 2231 3701 2232
3 2234 3702 2235
3 2237 3703 2238
3 2240 3704 2241
3 2243 3705 2244
3 2246 3706 2247
3 2249 3707 2250
3 2252 3708 2253
3 2255 3709 2256
3 2258 3710 2259
3 2261 3711 2262
3 2264 3712 2265
3 2267 3713 2268
3 2270 3714 2271
3 2273 3715 2274
3 2276 3716 2277
3 2279 3717 2280
3 2282 3718 2283
3 2285 3719 2286
3 2288 3720 2289
3 2291 3721 2292
3 2294 3722 2295
3 2297 3723 2298
3 2300 3724 2301
3 2303 3725 2304
3 2306 3726 2307
3 2309 3727 2310
3 2312 3728 2313
3 2315 3729 2316
3 2318 3730 2319
3 2321 3731 2322
3 2324 3732 2325
3 2327 3733 2328
3 2330 3734 2331
3 2333 3735 2334
3 2336 3736 2337
3 2339 3737 2340
3 2342 3738 2343
3 2345 3739 2346
3 2348 3740 2349
3 2351 3741 2352
3 2354 3742 2355
3 2357 3743 2358
3 2360 3744 2361
3 2363 3745 2364
3 2366 3746 2367
3 2369 3747 2370
3 2372 3748 2373
3 2375 3749 2376
3 2378 3750 2379
3 2381 3751 2382
3 2384 3752 2385
3 2387 3753 2388
3 2390 3754 2391
3 2393 3755 2394
3 2396 3756 2397
3 2399 3757 2400
3 2402 3758 2403
3 2405 3759 2406
3 2408 3760 2409
3 2411 3761 2412
3 2414 3762 2415
3 2417 3763 2418
3 2420 3764 2421
3 2423 3765 2424
3 2426 3766 2427
3 2429 3767 2430
3 2432 3768 2433
3 2435 3769 2436
3 2438 3770 2439
3 2441 3771 2442
3 2444 3772 2445
3 2447 3773 2448
3 2450 3774 2451
3 2453 3775 2454
3 2456 3776 2457
3 2459 3777 2460
3 2462 3778 2463
3 2465 3779 2466
3 2468 3780 2469
3 2471 3781 2472
3 2474 3782 2475
3 2477 3783 2478
3 2480 3784 2481
3 2483 3785 2484
3 2486 3786 2487
3 2489 3787 2490
3 2492 3788 2493
3 2495 3789 2496
3 2498 3790 2499
3 2501 3791 2502
3 2504 3792 2505
3 2507 3793 2508
3 2510 3794 2511
3 2513 3795 2514
3 2516 3796 2517
3 2519 3797 2520
3 2522 3798 2523
3 2525 3799 2526
3 2528 3800 2529
3 2531 3801 2532
3 2534 3802 2535
3 2537 3803 2538
3 2540 3804 2541
3 2543 3805 2544
3 2546 3806 2547
3 2549 3807 2550
3 2552 3808 2553
3 2555 3809 2556
3 2558 3810 2559
3 2561 3811 2562
3 2564 3812 2565
3 2567 3813 2568
3 2570 3814 2571
3 2573 3815 2574
3 2576 3816 2577
3 2579 3817 2580
3 2582 3818 2583
3 2585 3819 2586
3 2588 3820 2589
3 2591 3821 2592
3 2594 3822 2595
3 2597 3823 2598
3 2600 3824 2601
3 2603 3825 2604
3 2606 3826 2607
3 2609 3827 2610
3 2612 3828 2613
3 2615 3829 2616
3 2618 3830 2619
3 2621 3831 2622
3 2624 3832 2625
3 2627 3833 2628
3 2630 3834 2631
3 2633 3835 2634
3 2636 3836 2637
3 2639 3837 2640
3 2642 3838 2643
3 2645 3839 2646
3 2648 3840 2649
3 2651 3841 2652
3 2654 3842 2655
3 2657 3843 2658
3 2660 3844 2661
3 2663 3845 2664
3 2666 3846 2667
3 2669 3847 2670
3 2672 3848 2673
3 2675 3849 2676
3 2678 3850 2679
3 2681 3851 2682
3 2684 3852 2685
3 2687 3853 2688
3 2690 3854 2691
3 2693 3855 2694
3 2696 3856 2697
3 2699 3857 2700
3 2702 3858 2703
3 2705 3859 2706
3 2708 3860 2709
3 2711 3861 2712
3 2714 3862 2715
3 2717 3863 2718
3 2720 3864 2721
3 2723 3865 2724
3 2726 3866 2727
3 2729 3867 2730
3 2732 3868 2733
3 2735 3869 2736
3 2738 3870 2739
3 2741 3871 2742
3 2744 3872 2745
3 2747 3873 2748
3 2750 3874 2751
3 2753 3875 2754
3 2756 3876 2757
3 2759 3877 2760
3 2762 3878 2763
3 2765 3879 2766
3 2768 3880 2769
3 2771 3881 2772
3 2774 3882 2775
3 2777 3883 2778
3 2780 3884 2781
3 2783 3885 2784
3 2786 3886 2787
3 2789 3887 2790
3 2792 3888 2793
3 2795 3889 2796
3 2798 3890 2799
3 2801 3891 2802
3 2804 3892 2805
3 2807 3893 2808
3 2810 3894 2811
3 2813 3895 2814
3 2816 3896 2817
3 2819 3897 2820
3 2822 3898 2823
3 2825 3899 2826
3 2828 3900 2829
3 2831 3901 2832
3 2834 3902 2835
3 2837 3903 2838
3 2840 3904 2841
3 2843 3905 2844
3 2846 3906 2847
3 2849 3907 2850
3 2852 3908 2853
3 2855 3909 2856
3 2858 3910 2859
3 2861 3911 2862
3 2864 3912 2865
3 2867 3913 2868
3 2870 3914 2871
3 2873 3915 2874
3 2876 3916 2877
3 2879 3917 2880
3 2882 3918 2883
3 2885 3919 2886
3 2888 3920 2889
3 2891 3921 2892
3 2894 3922 2895
3 2897 3923 2898
3 2900 3924 2901
3 2903 3925 2904
3 2906 3926 2907
3 2909 3927 2910
3 2912 3928 2913
3 2915 3929 2916
3 2918 3930 2919
3 2921 3931 2922
3 2924 3932 2925
3 2927 3933 2928
3 2930 3934 2931
3 2933 3935 2934
3 2936 3936 2937
3 2939 3937 2940
3 2942 3938 2943
3 2945 3939 2946
3 2948 3940 2949
3 2951 3941 2952
3 2954 3942 2955
3 2957 3943 2958
3 2960 3944 2961
3 2963 3945 2964
3 2966 3946 2967
3 2969 3947 2970
3 2972 3948 2973
3 2975 3949 2976
3 2978 3950 2979
3 2981 3951 2982
3 2984 3952 2985
3 2987 3953 2988
3 2990 3954 2991
3 2993 3955 2994
3 2996 3956 2997
3 2999 3957 3000
3 3002 3958 3003
3 3005 3959 3006
3 3008 3960 3009
3 3011 3961 3012
3 3014 3962 3015
3 3017 3963 3018
3 3020 3964 3021
3 3023 3965 3024
3 3026 3966 3027
3 3029 3967 3030
3 3032 3968 3033
3 3035 3969 3036
3 3038 3970 3039
3 3041 3971 3042
3 3044 3972 3045
3 3047 3973 3048
3 3050 3974 3051
3 3053 3975 3054
3 3056 3976 3057
3 3059 3977 3060
3 3062 3978 3063
3 3065 3979 3066
3 3068 3980 3069
3 3071 3981 3072
3 3074 3982 3075
3 3077 3983 3078
3 3080 3984 3081
3 3083 3985 3084
3 3086 3986 3087
3 3089 3987 3090
3 3092 3988 3093
3 3095 3989 3096
3 3098 3990 3099
3 3101 3991 3102
3 3104 3992 3105
3 3107 3993 3108
3 3110 3994 3111
3 3113 3995 3114
3 3116 3996 3117
3 3119 3997 3120
3 3122 3998 3123
3 3125 3999 3126
3 3128 4000 3129
3 3131 4001 3132
3 3134 4002 3135
3 3137 4003 3138
