ply
format ascii 1.0
comment Created in Blender version 4.4.1
element vertex 3900
property float x
property float y
property float z
property float nx
property float ny
property float nz
property float s
property float t
element face 2136
property list uchar uint vertex_indices
end_header
0.040331934 0.22360003 -3.0962746 0.99486125 0.10124777 9.2483e-08 0.066534154 0.15511586
0.039557118 0.23121299 -2.6914086 0.99486125 0.10124778 1.05958094e-07 0.07060411 0.54927236
0.04033192 0.2235998 -2.6914086 0.99486125 0.10124778 1.06055296e-07 0.066534154 0.54927236
0.039557133 0.23121321 -3.0962746 0.9542225 0.29909778 2.1881182e-07 0.07060411 0.15511586
0.0372625 0.2385336 -2.6914086 0.95422244 0.29909766 1.9650938e-07 0.07492475 0.54927236
0.039557118 0.23121299 -2.6914086 0.9542225 0.2990977 1.9634854e-07 0.07060411 0.54927236
0.037262514 0.23853382 -3.0962746 0.87536156 0.48346895 3.0564235e-07 0.07492475 0.15511586
0.033536237 0.24528031 -2.6914086 0.8753616 0.48346883 3.0696765e-07 0.07933003 0.54927236
0.0372625 0.2385336 -2.6914086 0.8753616 0.4834688 3.0697717e-07 0.07492475 0.54927236
0.03353625 0.24528053 -3.0962746 0.7626901 0.64676416 3.8733106e-07 0.07933003 0.15511586
0.02852153 0.25119385 -2.6914086 0.7626904 0.6467636 3.8819786e-07 0.08365064 0.54927236
0.033536237 0.24528031 -2.6914086 0.7626905 0.6467636 3.882041e-07 0.07933003 0.54927236
0.028521549 0.25119406 -3.0962746 0.6219386 0.78306603 4.542439e-07 0.08365064 0.15511586
0.022411097 0.25604698 -2.6914086 0.6219386 0.78306603 4.591112e-07 0.087720595 0.54927236
0.02852153 0.25119385 -2.6914086 0.6219385 0.78306603 4.591463e-07 0.08365064 0.54927236
0.022411115 0.2560472 -3.0962746 0.45945558 0.88820076 5.07989e-07 0.087720595 0.15511586
0.015439752 0.25965318 -2.6914086 0.45945516 0.888201 5.0626073e-07 0.09138344 0.54927236
0.022411097 0.25604698 -2.6914086 0.45945513 0.888201 5.062483e-07 0.087720595 0.54927236
0.015439769 0.2596534 -3.0962746 0.28168517 0.9595069 5.3899055e-07 0.09138344 0.15511586
0.007875402 0.26187384 -2.6914086 0.28168517 0.9595069 5.39145e-07 0.09449845 0.54927236
0.015439752 0.25965318 -2.6914086 0.28168514 0.95950687 5.3914613e-07 0.09138344 0.54927236
0.00787542 0.26187408 -3.0962746 0.09488784 0.9954879 5.449406e-07 0.48782924 0.78945595
8.738356e-06 0.2626237 -2.6914086 0.09488784 0.9954879 5.506978e-07 0.8819857 0.78579307
0.007875402 0.26187384 -2.6914086 0.09488784 0.9954879 5.507393e-07 0.8819857 0.78945595
8.756053e-06 0.2626239 -3.0962746 -0.09488777 0.9954879 5.42331e-07 0.48782924 0.7857931
-0.007857922 0.26187384 -2.6914086 -0.09488775 0.9954879 5.367584e-07 0.8819857 0.78172314
8.738356e-06 0.2626237 -2.6914086 -0.09488775 0.9954879 5.3671823e-07 0.8819857 0.78579307
-0.007857905 0.26187408 -3.0962746 -0.28168502 0.959507 5.1461086e-07 0.48782924 0.78172314
-0.015422272 0.25965318 -2.6914086 -0.28168398 0.9595072 5.145213e-07 0.8819857 0.7774025
-0.007857922 0.26187384 -2.6914086 -0.28168404 0.9595073 5.1452065e-07 0.8819857 0.78172314
-0.015422254 0.2596534 -3.0962746 -0.4594559 0.8882006 4.6729187e-07 0.48782924 0.7774025
-0.022393618 0.25604698 -2.6914086 -0.4594551 0.88820094 4.6609009e-07 0.8819857 0.77299726
-0.015422272 0.25965318 -2.6914086 -0.4594551 0.888201 4.6608145e-07 0.8819857 0.7774025
-0.0223936 0.2560472 -3.0962746 -0.6219385 0.7830661 4.055897e-07 0.48782924 0.77299726
-0.028504055 0.25119385 -2.6914086 -0.6219382 0.7830663 3.974118e-07 0.8819857 0.7686766
-0.022393618 0.25604698 -2.6914086 -0.62193817 0.78306633 3.9735284e-07 0.8819857 0.77299726
-0.028504036 0.2511941 -3.0962746 -0.7626902 0.646764 3.2285456e-07 0.48782924 0.76867664
-0.03351876 0.24528031 -2.6914086 -0.76269 0.64676416 3.2153736e-07 0.8819857 0.76460665
-0.028504055 0.25119385 -2.6914086 -0.76269 0.6467643 3.215279e-07 0.8819857 0.7686766
-0.033518746 0.24528053 -3.0962746 -0.8753614 0.4834692 2.3793467e-07 0.48782924 0.76460665
-0.03724502 0.2385336 -2.6914086 -0.8753616 0.4834688 2.3050414e-07 0.8819857 0.76094383
-0.03351876 0.24528031 -2.6914086 -0.8753616 0.4834688 2.3045054e-07 0.8819857 0.76460665
-0.037245005 0.23853382 -3.0962746 -0.9542223 0.29909807 1.1158252e-07 0.48782924 0.76094383
-0.039539643 0.23121299 -2.6914086 -0.9542223 0.299098 1.2790836e-07 0.8819857 0.7578288
-0.03724502 0.2385336 -2.6914086 -0.9542223 0.299098 1.2802612e-07 0.8819857 0.76094383
-0.039539628 0.23121321 -3.0962746 -0.9948613 0.101247594 1.0498709e-08 0.39726806 0.8859231
-0.04031444 0.2235998 -2.6914086 -0.9948613 0.10124761 1.9020113e-08 0.79142463 0.8822602
-0.039539643 0.23121299 -2.6914086 -0.9948613 0.10124761 1.9081577e-08 0.79142463 0.8859231
-0.040314425 0.22360003 -3.0962746 -0.9948613 -0.101247564 -1.07403956e-07 0.39726806 0.8822602
-0.039539643 0.21598662 -2.6914086 -0.9948613 -0.10124758 -9.103688e-08 0.79142463 0.8781903
-0.04031444 0.2235998 -2.6914086 -0.9948613 -0.101247564 -9.0918824e-08 0.79142463 0.8822602
-0.039539628 0.21598685 -3.0962746 -0.95422244 -0.29909799 -2.1881193e-07 0.39726806 0.8781903
-0.03724502 0.20866601 -2.6914086 -0.95422244 -0.29909799 -1.9650956e-07 0.79142463 0.8738696
-0.039539643 0.21598662 -2.6914086 -0.95422244 -0.29909799 -1.963487e-07 0.79142463 0.8781903
-0.037245005 0.20866624 -3.0962746 -0.8753617 -0.4834687 -3.0564223e-07 0.39726806 0.87386966
-0.033518754 0.2019193 -2.6914086 -0.8753616 -0.48346883 -3.0696765e-07 0.79142463 0.86946434
-0.03724502 0.20866601 -2.6914086 -0.8753616 -0.4834688 -3.069772e-07 0.79142463 0.8738696
-0.03351874 0.20191953 -3.0962746 -0.76269037 -0.6467638 -3.873309e-07 0.39726806 0.86946434
-0.02850406 0.19600576 -2.6914086 -0.76269037 -0.6467638 -3.8819792e-07 0.79142463 0.8651437
-0.033518754 0.2019193 -2.6914086 -0.76269037 -0.6467638 -3.8820414e-07 0.79142463 0.86946434
-0.028504042 0.19600599 -3.0962746 -0.6219385 -0.78306603 -4.5424397e-07 0.39726806 0.8651437
-0.022393633 0.19115263 -2.6914086 -0.6219385 -0.78306603 -4.591112e-07 0.79142463 0.8610738
-0.02850406 0.19600576 -2.6914086 -0.6219385 -0.78306603 -4.5914626e-07 0.79142463 0.8651437
-0.022393614 0.19115287 -3.0962746 -0.45945552 -0.88820076 -5.0798906e-07 0.39726806 0.8610738
-0.015422285 0.18754645 -2.6914086 -0.4594563 -0.88820034 -5.062604e-07 0.79142463 0.8574109
-0.022393633 0.19115263 -2.6914086 -0.45945635 -0.88820034 -5.0624794e-07 0.79142463 0.8610738
-0.015422267 0.18754667 -3.0962746 -0.28168398 -0.9595073 -5.389908e-07 0.11208929 0.15511577
-0.007857931 0.18532576 -2.6914086 -0.28168502 -0.959507 -5.3914505e-07 0.1152043 0.54927236
-0.015422285 0.18754645 -2.6914086 -0.28168502 -0.959507 -5.391462e-07 0.11208926 0.54927236
-0.007857913 0.18532598 -3.0962746 -0.09488785 -0.9954879 -5.5642346e-07 0.1152043 0.15511577
8.734707e-06 0.18457593 -2.6914086 -0.09488784 -0.9954879 -5.506663e-07 0.118867144 0.54927236
-0.007857931 0.18532576 -2.6914086 -0.09488784 -0.9954879 -5.5062475e-07 0.1152043 0.54927236
8.752404e-06 0.18457615 -3.0962746 0.09488769 -0.9954879 -5.425253e-07 0.118867144 0.15511577
0.0078754 0.18532576 -2.6914086 0.09488769 -0.9954879 -5.480156e-07 0.1229371 0.54927236
8.734707e-06 0.18457593 -2.6914086 0.09488769 -0.9954879 -5.480552e-07 0.118867144 0.54927236
0.007875417 0.18532598 -3.0962746 0.28168386 -0.9595073 -5.14611e-07 0.1229371 0.15511577
0.015439753 0.18754645 -2.6914086 0.28168488 -0.959507 -5.1452116e-07 0.12725773 0.54927236
0.0078754 0.18532576 -2.6914086 0.28168488 -0.959507 -5.1452054e-07 0.1229371 0.54927236
0.015439771 0.18754667 -3.0962746 0.45945537 -0.8882009 -4.7092908e-07 0.12725773 0.15511577
0.022411086 0.19115263 -2.6914086 0.4594558 -0.88820064 -4.624528e-07 0.13166298 0.54927236
0.015439753 0.18754645 -2.6914086 0.45945573 -0.88820064 -4.623916e-07 0.12725773 0.54927236
0.022411104 0.19115286 -3.0962746 0.62193805 -0.7830664 -4.0558984e-07 0.13166298 0.15511577
0.028521525 0.19600575 -2.6914086 0.62193805 -0.7830664 -3.974119e-07 0.13598363 0.54927236
0.022411086 0.19115263 -2.6914086 0.62193805 -0.7830665 -3.9735292e-07 0.13166298 0.54927236
0.028521543 0.19600597 -3.0962746 0.76269 -0.6467643 -3.2285482e-07 0.13598363 0.15511577
0.033536237 0.20191929 -2.6914086 0.7626902 -0.646764 -3.2153721e-07 0.14005359 0.54927236
0.028521525 0.19600575 -2.6914086 0.7626902 -0.646764 -3.215277e-07 0.13598363 0.54927236
0.03353625 0.20191951 -3.0962746 0.8753617 -0.4834687 -2.2301266e-07 0.14005359 0.15511577
0.0372625 0.20866601 -2.6914086 0.8753614 -0.483469 -2.3039745e-07 0.14371642 0.54927236
0.033536237 0.20191929 -2.6914086 0.87536144 -0.483469 -2.3045072e-07 0.14005359 0.54927236
0.039557133 0.23121321 -3.0962746 0.9542225 0.2990977 2.0479317e-07 0.07060411 0.15511586
0.03726252 0.2385339 -3.2456698 0.9542225 0.29909766 1.8600494e-07 0.07492475 0.00967216
0.037262514 0.23853382 -3.0962746 0.9542225 0.29909766 2.0516975e-07 0.07492475 0.15511586
0.037262514 0.20866624 -3.0962746 0.9542225 -0.29909778 -1.2646589e-07 0.059756305 0.15511586
0.03955712 0.21598662 -2.6914086 0.9542225 -0.2990978 -1.130247e-07 0.06287131 0.54927236
0.0372625 0.20866601 -2.6914086 0.9542225 -0.29909778 -1.1292774e-07 0.059756305 0.54927236
0.03955712 0.21598662 -2.6914086 0.9948613 -0.10124769 -1.049876e-08 0.06287131 0.54927236
0.040331934 0.22360003 -3.0962746 0.9948613 -0.10124769 -1.9020169e-08 0.066534154 0.15511586
0.04033192 0.2235998 -2.6914086 0.9948613 -0.10124769 -1.0437295e-08 0.066534154 0.54927236
-0.039539643 0.23121299 -2.6914086 -4.371136e-08 3.0685203e-07 1 0.09820309 0.8580006
-0.007857931 0.18532576 -2.6914086 -4.37114e-08 -2.099842e-07 1 0.1013181 0.88962775
0.03955712 0.21598662 -2.6914086 -4.3711427e-08 -6.0225227e-07 1 0.06969093 0.89274275
-0.037244998 0.20866632 -3.2456698 4.3711402e-08 2.547069e-07 -1 0.88311523 0.07532258
-0.015422247 0.25965348 -3.2456698 4.3711466e-08 1.0787796e-06 -1 0.91352695 0.06609717
0.03726252 0.2385339 -3.2456698 4.37114e-08 1.8180715e-07 -1 0.9227523 0.09650889
-0.015422254 0.2596534 -3.0962746 -0.45945567 0.8882007 4.6424853e-07 0.48782924 0.7774025
-0.022393592 0.25604728 -3.2456698 -0.4594557 0.88820064 4.589191e-07 0.34238553 0.77299726
-0.0223936 0.2560472 -3.0962746 -0.45945564 0.8882007 4.6435534e-07 0.48782924 0.77299726
-0.03351874 0.20191953 -3.0962746 -0.7626904 -0.64676374 -3.7832697e-07 0.39726806 0.86946434
-0.028504035 0.19600606 -3.2456698 -0.7626904 -0.64676374 -3.922568e-07 0.25182432 0.8651437
-0.028504042 0.19600599 -3.0962746 -0.7626904 -0.64676374 -3.7804782e-07 0.39726806 0.8651437
0.028521543 0.19600597 -3.0962746 0.7626905 -0.6467636 -3.0086935e-07 0.13598363 0.15511577
0.03353626 0.2019196 -3.2456698 0.7626899 -0.64676446 -3.2536886e-07 0.14005359 0.009672035
0.03353625 0.20191951 -3.0962746 0.7626905 -0.6467636 -3.0037828e-07 0.14005359 0.15511577
0.015439769 0.2596534 -3.0962746 0.281685 0.959507 5.316521e-07 0.09138344 0.15511586
0.007875427 0.26187414 -3.2456698 0.28168437 0.9595071 5.3062587e-07 0.09449845 0.00967216
0.00787542 0.26187408 -3.0962746 0.28168502 0.959507 5.316727e-07 0.09449845 0.15511586
-0.040314425 0.22360003 -3.0962746 -0.9948613 0.10124759 4.3946473e-09 0.39726806 0.8822602
-0.03953962 0.23121329 -3.2456698 -0.9948613 0.10124758 1.8792953e-08 0.25182432 0.8859231
-0.040314417 0.2236001 -3.2456698 -0.9948613 0.10124758 1.9081563e-08 0.25182432 0.88226026
8.752404e-06 0.18457615 -3.0962746 0.094886914 -0.995488 -5.339259e-07 0.118867144 0.15511577
0.007875424 0.18532607 -3.2456698 0.09488693 -0.995488 -5.48675e-07 0.1229371 0.009672035
0.007875417 0.18532598 -3.0962746 0.094886914 -0.99548805 -5.336303e-07 0.1229371 0.15511577
0.037262514 0.23853382 -3.0962746 0.8753615 0.48346907 2.8228825e-07 0.07492475 0.15511586
0.03353626 0.24528061 -3.2456698 0.8753615 0.48346907 3.3595882e-07 0.07933003 0.00967216
0.03353625 0.24528053 -3.0962746 0.8753615 0.48346907 2.8121246e-07 0.07933003 0.15511586
-0.028504036 0.2511941 -3.0962746 -0.6219382 0.78306633 4.007825e-07 0.48782924 0.76867664
-0.022393592 0.25604728 -3.2456698 -0.6219381 0.78306633 3.9647375e-07 0.34238553 0.77299726
-0.028504029 0.25119415 -3.2456698 -0.62193817 0.7830664 3.963874e-07 0.34238553 0.76867664
-0.028504042 0.19600599 -3.0962746 -0.6219384 -0.7830662 -4.5515418e-07 0.39726806 0.8651437
-0.022393607 0.19115295 -3.2456698 -0.62193835 -0.7830663 -4.5084528e-07 0.25182432 0.8610738
-0.022393614 0.19115287 -3.0962746 -0.62193835 -0.7830662 -4.5524055e-07 0.39726806 0.8610738
0.03353625 0.20191951 -3.0962746 0.87536156 -0.48346886 -2.4064653e-07 0.14005359 0.15511577
0.03726252 0.20866631 -3.2456698 0.8753614 -0.48346913 -2.2019009e-07 0.14371642 0.009672035
0.037262514 0.20866624 -3.0962746 0.87536156 -0.48346886 -2.4105657e-07 0.14371642 0.15511577
0.00787542 0.26187408 -3.0962746 0.09488709 0.995488 5.4205344e-07 0.48782924 0.78945595
8.762583e-06 0.262624 -3.2456698 0.0948885 0.9954879 5.417551e-07 0.34238553 0.7857931
8.756053e-06 0.2626239 -3.0962746 0.09488706 0.99548805 5.4205947e-07 0.48782924 0.7857931
-0.040314425 0.22360003 -3.0962746 -0.9948613 -0.10124758 -9.136823e-08 0.39726806 0.8822602
-0.03953962 0.21598694 -3.2456698 -0.9948613 -0.10124755 -1.0576656e-07 0.25182432 0.8781903
-0.039539628 0.21598685 -3.0962746 -0.9948613 -0.10124758 -9.107962e-08 0.39726806 0.8781903
0.007875417 0.18532598 -3.0962746 0.2816847 -0.95950705 -5.0486005e-07 0.1229371 0.15511577
0.015439778 0.18754674 -3.2456698 0.28168535 -0.9595069 -5.059576e-07 0.12725773 0.009672035
0.015439771 0.18754667 -3.0962746 0.28168473 -0.95950705 -5.0483806e-07 0.12725773 0.15511577
0.03353625 0.24528053 -3.0962746 0.7626904 0.64676374 3.7832703e-07 0.07933003 0.15511586
0.028521556 0.25119415 -3.2456698 0.7626905 0.64676374 3.9225688e-07 0.08365064 0.00967216
0.028521549 0.25119406 -3.0962746 0.7626904 0.64676374 3.7804782e-07 0.08365064 0.15511586
-0.033518746 0.24528053 -3.0962746 -0.7626905 0.6467636 3.3111286e-07 0.48782924 0.76460665
-0.028504029 0.25119415 -3.2456698 -0.7626899 0.64676446 3.0611824e-07 0.34238553 0.76867664
-0.03351874 0.24528061 -3.2456698 -0.7626899 0.64676446 3.0561722e-07 0.34238553 0.76460665
-0.022393614 0.19115287 -3.0962746 -0.45945626 -0.8882004 -4.953935e-07 0.39726806 0.8610738
-0.01542226 0.18754674 -3.2456698 -0.45945626 -0.8882004 -5.087106e-07 0.25182432 0.85741097
-0.015422267 0.18754667 -3.0962746 -0.45945624 -0.8882004 -4.951266e-07 0.39726806 0.85741097
0.037262514 0.20866624 -3.0962746 0.9542225 -0.2990978 -1.1685756e-07 0.059756305 0.15511586
0.039557144 0.21598692 -3.2456698 0.9542225 -0.2990977 -1.024954e-07 0.06287131 0.009672159
0.039557137 0.21598685 -3.0962746 0.9542225 -0.29909778 -1.1714541e-07 0.06287131 0.15511586
-0.007857905 0.26187408 -3.0962746 -0.094886996 0.995488 5.334598e-07 0.48782924 0.78172314
8.762583e-06 0.262624 -3.2456698 -0.09488839 0.9954879 5.33758e-07 0.34238553 0.7857931
-0.007857898 0.26187414 -3.2456698 -0.09488843 0.9954879 5.33764e-07 0.34238553 0.78172314
-0.039539628 0.21598685 -3.0962746 -0.95422244 -0.2990979 -2.047933e-07 0.39726806 0.8781903
-0.037244998 0.20866632 -3.2456698 -0.95422244 -0.29909784 -1.8600507e-07 0.25182432 0.87386966
-0.037245005 0.20866624 -3.0962746 -0.95422244 -0.2990979 -2.051699e-07 0.39726806 0.87386966
0.015439771 0.18754667 -3.0962746 0.45945573 -0.88820064 -4.5463534e-07 0.12725773 0.15511577
0.022411112 0.19115293 -3.2456698 0.45945534 -0.88820094 -4.6853225e-07 0.13166298 0.009672035
0.022411104 0.19115286 -3.0962746 0.45945573 -0.88820064 -4.5435678e-07 0.13166298 0.15511577
0.028521549 0.25119406 -3.0962746 0.62193894 0.78306574 4.5515387e-07 0.08365064 0.15511586
0.022411123 0.25604728 -3.2456698 0.62193805 0.7830665 4.5084542e-07 0.087720595 0.00967216
0.022411115 0.2560472 -3.0962746 0.62193894 0.78306574 4.552402e-07 0.087720595 0.15511586
-0.033518746 0.24528053 -3.0962746 -0.87536156 0.48346898 2.0148832e-07 0.48782924 0.76460665
-0.037244998 0.23853391 -3.2456698 -0.87536156 0.48346898 2.5934816e-07 0.34238553 0.76094383
-0.037245005 0.23853382 -3.0962746 -0.87536156 0.48346895 2.0032854e-07 0.48782924 0.76094383
-0.015422267 0.18754667 -3.0962746 -0.28168485 -0.959507 -5.316522e-07 0.11208929 0.15511577
-0.007857907 0.18532607 -3.2456698 -0.2816848 -0.959507 -5.306259e-07 0.1152043 0.009672035
-0.007857913 0.18532598 -3.0962746 -0.28168485 -0.959507 -5.3167275e-07 0.1152043 0.15511577
0.039557133 0.23121321 -3.0962746 0.99486125 0.10124779 9.010745e-08 0.07060411 0.15511586
0.04033194 0.2236001 -3.2456698 0.99486125 0.10124777 1.05741904e-07 0.066534154 0.009672159
0.03955714 0.23121329 -3.2456698 0.99486125 0.10124777 1.0605529e-07 0.07060411 0.009672159
0.039557137 0.21598685 -3.0962746 0.9948613 -0.101247676 -3.1337615e-09 0.06287131 0.15511586
0.04033194 0.2236001 -3.2456698 0.9948613 -0.10124766 -1.8768237e-08 0.066534154 0.009672159
0.040331934 0.22360003 -3.0962746 0.9948613 -0.10124768 -2.8203844e-09 0.066534154 0.15511586
-0.007857905 0.26187408 -3.0962746 -0.2816842 0.9595072 5.096456e-07 0.48782924 0.78172314
-0.015422247 0.25965348 -3.2456698 -0.2816842 0.9595072 5.011724e-07 0.34238553 0.7774025
-0.015422254 0.2596534 -3.0962746 -0.28168422 0.9595072 5.0981544e-07 0.48782924 0.7774025
-0.037245005 0.20866624 -3.0962746 -0.87536156 -0.48346895 -3.2144635e-07 0.39726806 0.87386966
-0.03351873 0.2019196 -3.2456698 -0.87536156 -0.4834689 -2.968005e-07 0.25182432 0.86946434
-0.03351874 0.20191953 -3.0962746 -0.87536156 -0.48346895 -3.2194038e-07 0.39726806 0.86946434
0.022411104 0.19115286 -3.0962746 0.6219384 -0.7830662 -3.9077977e-07 0.13166298 0.15511577
0.02852155 0.19600606 -3.2456698 0.62193763 -0.7830668 -3.962775e-07 0.13598363 0.009672035
0.028521543 0.19600597 -3.0962746 0.6219384 -0.7830661 -3.9066956e-07 0.13598363 0.15511577
0.022411115 0.2560472 -3.0962746 0.45945573 0.8882007 4.953935e-07 0.087720595 0.15511586
0.015439776 0.25965348 -3.2456698 0.4594551 0.888201 5.087109e-07 0.09138344 0.00967216
0.015439769 0.2596534 -3.0962746 0.4594557 0.8882007 4.951266e-07 0.09138344 0.15511586
-0.037245005 0.23853382 -3.0962746 -0.9542223 0.2990981 1.5619732e-07 0.48782924 0.76094383
-0.03953962 0.23121329 -3.2456698 -0.9542223 0.2990981 6.3156044e-08 0.34238553 0.75782883
-0.039539628 0.23121321 -3.0962746 -0.9542223 0.29909807 1.5806224e-07 0.48782924 0.75782883
-0.007857913 0.18532598 -3.0962746 -0.09488706 -0.995488 -5.5697285e-07 0.1152043 0.15511577
8.758934e-06 0.18457623 -3.2456698 -0.09488708 -0.995488 -5.423525e-07 0.118867144 0.009672035
8.752404e-06 0.18457615 -3.0962746 -0.09488706 -0.99548805 -5.57266e-07 0.118867144 0.15511577
0.039557133 0.23121321 -3.0962746 0.99486125 0.10124777 9.23858e-08 0.07060411 0.15511586
0.037262514 0.23853382 -3.0962746 0.9542225 0.29909775 2.1897267e-07 0.07492475 0.15511586
0.03353625 0.24528053 -3.0962746 0.87536156 0.48346892 3.056328e-07 0.07933003 0.15511586
0.028521549 0.25119406 -3.0962746 0.7626901 0.64676416 3.873248e-07 0.08365064 0.15511586
0.022411115 0.2560472 -3.0962746 0.6219385 0.78306603 4.5420876e-07 0.087720595 0.15511586
0.015439769 0.2596534 -3.0962746 0.45945558 0.88820076 5.0800145e-07 0.09138344 0.15511586
0.00787542 0.26187408 -3.0962746 0.28168514 0.95950687 5.389894e-07 0.09449845 0.15511586
8.756053e-06 0.2626239 -3.0962746 0.094887845 0.9954879 5.44899e-07 0.48782924 0.7857931
-0.007857905 0.26187408 -3.0962746 -0.09488776 0.9954879 5.423712e-07 0.48782924 0.78172314
-0.015422254 0.2596534 -3.0962746 -0.28168502 0.959507 5.146115e-07 0.48782924 0.7774025
-0.0223936 0.2560472 -3.0962746 -0.45945594 0.8882006 4.6730057e-07 0.48782924 0.77299726
-0.028504036 0.2511941 -3.0962746 -0.6219385 0.7830661 4.0564865e-07 0.48782924 0.76867664
-0.033518746 0.24528053 -3.0962746 -0.7626902 0.646764 3.2286408e-07 0.48782924 0.76460665
-0.037245005 0.23853382 -3.0962746 -0.8753614 0.48346922 2.3798829e-07 0.48782924 0.76094383
-0.039539628 0.23121321 -3.0962746 -0.9542223 0.299098 1.1146475e-07 0.48782924 0.75782883
-0.040314425 0.22360003 -3.0962746 -0.9948613 0.10124759 1.0437239e-08 0.39726806 0.8822602
-0.039539628 0.21598685 -3.0962746 -0.9948613 -0.101247564 -1.07522006e-07 0.39726806 0.8781903
-0.037245005 0.20866624 -3.0962746 -0.95422244 -0.29909799 -2.189728e-07 0.39726806 0.87386966
-0.03351874 0.20191953 -3.0962746 -0.8753617 -0.4834687 -3.0563265e-07 0.39726806 0.86946434
-0.028504042 0.19600599 -3.0962746 -0.76269037 -0.6467638 -3.8732466e-07 0.39726806 0.8651437
-0.022393614 0.19115287 -3.0962746 -0.6219385 -0.78306603 -4.542089e-07 0.39726806 0.8610738
-0.015422267 0.18754667 -3.0962746 -0.45945552 -0.88820076 -5.0800156e-07 0.39726806 0.85741097
-0.007857913 0.18532598 -3.0962746 -0.281684 -0.9595073 -5.3898964e-07 0.1152043 0.15511577
8.752404e-06 0.18457615 -3.0962746 -0.094887845 -0.9954879 -5.56465e-07 0.118867144 0.15511577
0.007875417 0.18532598 -3.0962746 0.094887696 -0.9954879 -5.4248574e-07 0.1229371 0.15511577
0.015439771 0.18754667 -3.0962746 0.28168386 -0.9595073 -5.1461166e-07 0.12725773 0.15511577
0.022411104 0.19115286 -3.0962746 0.45945534 -0.8882009 -4.709902e-07 0.13166298 0.15511577
0.028521543 0.19600597 -3.0962746 0.62193805 -0.7830665 -4.0564888e-07 0.13598363 0.15511577
0.03353625 0.20191951 -3.0962746 0.76269 -0.64676416 -3.228643e-07 0.14005359 0.15511577
0.037262514 0.20866624 -3.0962746 0.8753617 -0.48346868 -2.229594e-07 0.14371642 0.15511577
0.03955714 0.23121329 -3.2456698 0.9542225 0.29909763 1.8562832e-07 0.07060411 0.009672159
0.039557137 0.21598685 -3.0962746 0.9542225 -0.29909775 -1.2656282e-07 0.06287131 0.15511586
0.039557137 0.21598685 -3.0962746 0.9948613 -0.101247676 -1.9081625e-08 0.06287131 0.15511586
0.04033192 0.2235998 -2.6914086 -4.3711395e-08 -1.4770139e-07 1 0.06657592 0.88962775
0.039557118 0.23121299 -2.6914086 -4.3711346e-08 4.7914426e-07 1 0.06412847 0.8859649
0.0372625 0.2385336 -2.6914086 -4.3709974e-08 1.8662415e-05 1 0.06244266 0.88189495
0.033536237 0.24528031 -2.6914086 -4.3711314e-08 9.418187e-07 1 0.061583243 0.8775743
0.02852153 0.25119385 -2.6914086 -4.3712813e-08 -1.8957966e-05 1 0.061583243 0.873169
0.022411097 0.25604698 -2.6914086 -4.3711538e-08 -2.0282523e-06 1 0.06244266 0.8688484
0.015439752 0.25965318 -2.6914086 -4.3714234e-08 -3.7768175e-05 1 0.06412847 0.86477846
0.007875402 0.26187384 -2.6914086 -4.3711534e-08 -1.984592e-06 1 0.06657592 0.8611156
8.738356e-06 0.2626237 -2.6914086 -4.3711395e-08 -1.4770139e-07 1 0.06969093 0.8580006
-0.007857922 0.26187384 -2.6914086 -4.371198e-08 -7.931058e-06 1 0.073353775 0.85555315
-0.015422272 0.25965318 -2.6914086 -4.3708557e-08 3.7472753e-05 1 0.07742373 0.8538673
-0.022393618 0.25604698 -2.6914086 -4.371129e-08 1.2460099e-06 1 0.08174437 0.8530079
-0.028504055 0.25119385 -2.6914086 -4.3712813e-08 -1.8958002e-05 1 0.08614965 0.8530079
-0.03351876 0.24528031 -2.6914086 -4.3711076e-08 4.057405e-06 1 0.09047029 0.8538673
-0.03724502 0.2385336 -2.6914086 -4.3710685e-08 9.257431e-06 1 0.094540186 0.85555315
-0.04031444 0.2235998 -2.6914086 -4.3711395e-08 -1.4770139e-07 1 0.1013181 0.8611156
-0.039539643 0.21598662 -2.6914086 -4.371144e-08 -7.7455593e-07 1 0.10376555 0.86477846
-0.03724502 0.20866601 -2.6914086 -4.3712813e-08 -1.8957966e-05 1 0.10545136 0.8688484
-0.033518754 0.2019193 -2.6914086 -4.371156e-08 -2.326755e-06 1 0.10631078 0.873169
-0.02850406 0.19600576 -2.6914086 -4.3709974e-08 1.8662524e-05 1 0.10631078 0.8775743
-0.022393633 0.19115263 -2.6914086 -4.3711346e-08 4.79148e-07 1 0.10545136 0.88189495
-0.015422285 0.18754645 -2.6914086 -4.3711395e-08 -1.4770139e-07 1 0.10376555 0.8859649
8.734707e-06 0.18457593 -2.6914086 -4.3711395e-08 -1.4770139e-07 1 0.09820309 0.89274275
0.0078754 0.18532576 -2.6914086 -4.37113e-08 1.1060014e-06 1 0.094540186 0.8951902
0.015439753 0.18754645 -2.6914086 -4.3708557e-08 3.7472862e-05 1 0.09047029 0.89687604
0.022411086 0.19115263 -2.6914086 -4.3711278e-08 1.410265e-06 1 0.08614965 0.8977354
0.028521525 0.19600575 -2.6914086 -4.3709974e-08 1.8662487e-05 1 0.08174437 0.8977354
0.033536237 0.20191929 -2.6914086 -4.371171e-08 -4.3527994e-06 1 0.07742373 0.89687604
0.0372625 0.20866601 -2.6914086 -4.3712106e-08 -9.552721e-06 1 0.073353775 0.8951902
0.03955714 0.23121329 -3.2456698 4.3711747e-08 4.850286e-06 -1 0.9203049 0.10017175
0.04033194 0.2236001 -3.2456698 4.3711406e-08 3.0441564e-07 -1 0.91718996 0.10328677
0.039557144 0.21598692 -3.2456698 4.3711395e-08 1.4770139e-07 -1 0.9135271 0.10573422
0.03726252 0.20866631 -3.2456698 4.37115e-08 1.5414123e-06 -1 0.90945715 0.10742005
0.03353626 0.2019196 -3.2456698 4.3712813e-08 1.895774e-05 -1 0.9051365 0.1082795
0.02852155 0.19600606 -3.2456698 4.3711005e-08 -4.997705e-06 -1 0.9007312 0.108279526
0.022411112 0.19115293 -3.2456698 4.3708557e-08 -3.74729e-05 -1 0.8964106 0.107420124
0.015439778 0.18754674 -3.2456698 4.3711406e-08 2.8880336e-07 -1 0.89234066 0.105734296
0.007875424 0.18532607 -3.2456698 4.3714234e-08 3.776798e-05 -1 0.8886778 0.10328687
8.758934e-06 0.18457623 -3.2456698 4.3712078e-08 9.184752e-06 -1 0.8855628 0.10017189
-0.007857907 0.18532607 -3.2456698 4.3708557e-08 -3.747264e-05 -1 0.8831153 0.09650904
-0.01542226 0.18754674 -3.2456698 4.3711136e-08 -3.2666132e-06 -1 0.88142943 0.092439085
-0.022393607 0.19115295 -3.2456698 4.3709974e-08 -1.8662524e-05 -1 0.88057 0.08811846
-0.028504035 0.19600606 -3.2456698 4.3711395e-08 1.4769635e-07 -1 0.88057 0.08371317
-0.03351873 0.2019196 -3.2456698 4.3712813e-08 1.895789e-05 -1 0.88142943 0.07939252
-0.03953962 0.21598694 -3.2456698 4.371104e-08 -4.554846e-06 -1 0.88556266 0.071659714
-0.040314417 0.2236001 -3.2456698 4.371138e-08 -9.012534e-09 -1 0.88867766 0.06854469
-0.03953962 0.23121329 -3.2456698 4.3711395e-08 1.4770139e-07 -1 0.8923405 0.06609725
-0.037244998 0.23853391 -3.2456698 4.3711324e-08 -8.0188573e-07 -1 0.8964104 0.064411424
-0.03351874 0.24528061 -3.2456698 4.3709974e-08 -1.8662487e-05 -1 0.900731 0.06355198
-0.028504029 0.25119415 -3.2456698 4.3711005e-08 -4.99768e-06 -1 0.90513635 0.06355195
-0.022393592 0.25604728 -3.2456698 4.3711395e-08 1.4770139e-07 -1 0.90945697 0.06441134
-0.007857898 0.26187414 -3.2456698 4.3714234e-08 3.776823e-05 -1 0.9171898 0.0685446
8.762583e-06 0.262624 -3.2456698 4.3711395e-08 1.4769691e-07 -1 0.92030483 0.07165958
0.007875427 0.26187414 -3.2456698 4.3708557e-08 -3.747273e-05 -1 0.92275226 0.075322434
0.015439776 0.25965348 -3.2456698 4.3711278e-08 -1.4102592e-06 -1 0.9244381 0.07939238
0.022411123 0.25604728 -3.2456698 4.3709974e-08 -1.8662564e-05 -1 0.92529756 0.08371301
0.028521556 0.25119415 -3.2456698 4.371164e-08 3.4125026e-06 -1 0.92529756 0.08811831
0.03353626 0.24528061 -3.2456698 4.3709974e-08 -1.8662487e-05 -1 0.9244382 0.09243894
-0.015422247 0.25965348 -3.2456698 -0.4594557 0.88820064 4.5881228e-07 0.34238553 0.7774025
-0.03351873 0.2019196 -3.2456698 -0.7626904 -0.64676374 -3.9253607e-07 0.25182432 0.86946434
0.02852155 0.19600606 -3.2456698 0.7626899 -0.64676446 -3.258599e-07 0.13598363 0.009672035
0.015439776 0.25965348 -3.2456698 0.28168434 0.9595071 5.306053e-07 0.09138344 0.00967216
-0.039539628 0.23121321 -3.0962746 -0.9948613 0.10124759 4.106042e-09 0.39726806 0.8859231
8.758934e-06 0.18457623 -3.2456698 0.09488692 -0.99548805 -5.489707e-07 0.118867144 0.009672035
0.03726252 0.2385339 -3.2456698 0.8753615 0.48346907 3.370346e-07 0.07492475 0.00967216
-0.0223936 0.2560472 -3.0962746 -0.62193817 0.78306633 4.0086886e-07 0.48782924 0.77299726
-0.028504035 0.19600606 -3.2456698 -0.6219383 -0.7830663 -4.507589e-07 0.25182432 0.8651437
0.03353626 0.2019196 -3.2456698 0.8753614 -0.4834692 -2.1978008e-07 0.14005359 0.009672035
0.007875427 0.26187414 -3.2456698 0.09488854 0.9954879 5.4174916e-07 0.34238553 0.78945595
-0.040314417 0.2236001 -3.2456698 -0.9948613 -0.10124755 -1.0605516e-07 0.25182432 0.88226026
0.007875424 0.18532607 -3.2456698 0.28168535 -0.95950687 -5.059796e-07 0.1229371 0.009672035
0.03353626 0.24528061 -3.2456698 0.7626904 0.64676374 3.9253607e-07 0.07933003 0.00967216
-0.028504036 0.2511941 -3.0962746 -0.7626905 0.6467636 3.3161388e-07 0.48782924 0.76867664
-0.022393607 0.19115295 -3.2456698 -0.45945624 -0.8882004 -5.089775e-07 0.25182432 0.8610738
0.03726252 0.20866631 -3.2456698 0.9542225 -0.29909766 -1.02207494e-07 0.059756305 0.009672159
8.756053e-06 0.2626239 -3.0962746 -0.09488696 0.99548805 5.3345383e-07 0.48782924 0.7857931
-0.03953962 0.21598694 -3.2456698 -0.95422244 -0.2990978 -1.8562844e-07 0.25182432 0.8781903
0.015439778 0.18754674 -3.2456698 0.45945528 -0.8882009 -4.6881075e-07 0.12725773 0.009672035
0.028521556 0.25119415 -3.2456698 0.62193805 0.7830665 4.5075907e-07 0.08365064 0.00967216
-0.03351874 0.24528061 -3.2456698 -0.87536156 0.48346895 2.605079e-07 0.34238553 0.76460665
-0.01542226 0.18754674 -3.2456698 -0.2816848 -0.959507 -5.3060535e-07 0.11208926 0.009672035
0.040331934 0.22360003 -3.0962746 0.99486125 0.10124779 8.9794064e-08 0.066534154 0.15511586
0.039557144 0.21598692 -3.2456698 0.9948613 -0.10124766 -1.908162e-08 0.06287131 0.009672159
-0.007857898 0.26187414 -3.2456698 -0.28168422 0.9595072 5.0100255e-07 0.34238553 0.78172314
-0.037244998 0.20866632 -3.2456698 -0.87536156 -0.4834689 -2.963065e-07 0.25182432 0.87386966
0.022411112 0.19115293 -3.2456698 0.62193763 -0.7830668 -3.963877e-07 0.13166298 0.009672035
0.022411123 0.25604728 -3.2456698 0.4594551 0.888201 5.0897785e-07 0.087720595 0.00967216
-0.037244998 0.23853391 -3.2456698 -0.9542223 0.29909807 6.129108e-08 0.34238553 0.76094383
-0.007857907 0.18532607 -3.2456698 -0.09488707 -0.99548805 -5.420595e-07 0.1152043 0.009672035
-0.070037104 0.16459306 -0.7913574 -0.9999171 -0.012845095 -0.0009906752 0.5868219 0.34386718
-0.06910779 0.17008953 -1.8006117 -0.99887955 -0.04730844 -0.0011774064 0.8222239 0.12474282
-0.069107845 0.09105368 -0.7913574 -0.9999197 -0.012635259 -0.0009895348 0.5943539 0.35214287
-0.069107845 0.09105368 -0.7913574 -0.9891162 -0.14668764 -0.011487334 0.5943539 0.35214287
-0.0650976 0.14304875 -1.8006117 -0.9891162 -0.1466878 -0.011487343 0.82522047 0.12796505
-0.065097645 0.064012885 -0.7913574 -0.98911613 -0.14668763 -0.011487333 0.59735054 0.35536513
-0.065097645 0.064012885 -0.7913574 -0.9673224 -0.25277567 -0.019795198 0.59735054 0.35536513
-0.05858539 0.11812781 -1.8006117 -0.9673224 -0.25277567 -0.019795189 0.8281564 0.1310723
-0.05858544 0.03909195 -0.7913574 -0.9673224 -0.25277567 -0.019795196 0.6002865 0.35847235
-0.05858544 0.03909195 -0.7913574 -0.9276921 -0.3722065 -0.029147983 0.6002865 0.35847235
-0.049821444 0.09628445 -1.8006117 -0.92769206 -0.37220678 -0.029147979 0.8309189 0.13394514
-0.049821496 0.01724858 -0.7913574 -0.9276921 -0.37220645 -0.029147979 0.6030489 0.3613452
-0.049821496 0.01724858 -0.7913574 -0.8584261 -0.51137173 -0.040046133 0.62691367 0.37932545
-0.03914254 0.078358054 -1.8006117 -0.858426 -0.5113719 -0.040046178 0.84734946 0.14627375
-0.039142594 -0.0006778016 -0.7913574 -0.8584261 -0.51137173 -0.040046126 0.6294104 0.3820393
-0.039142594 -0.0006778016 -0.7913574 -0.7368705 -0.6739705 -0.05277944 0.6294104 0.3820393
-0.026959054 0.06503752 -1.8006117 -0.73687017 -0.6739709 -0.05277945 0.85020167 0.1491969
-0.026959104 -0.013998343 -0.7913574 -0.7368705 -0.6739705 -0.05277944 0.6322626 0.38496247
-0.026959104 -0.013998343 -0.7913574 -0.52607447 -0.84784275 -0.06639557 0.6322626 0.38496247
-0.013739199 0.056834787 -1.8006117 -0.5260746 -0.8478427 -0.06639556 0.8532998 0.15221697
-0.013739251 -0.022201076 -0.7913574 -0.52607447 -0.84784275 -0.066395566 0.6353607 0.38798255
-0.013739251 -0.022201076 -0.7913574 -0.19691405 -0.97742826 -0.07654354 0.6353607 0.38798255
8.990008e-06 0.05406506 -1.8006117 -0.19691396 -0.97742826 -0.0765435 0.8565247 0.15521795
8.939925e-06 -0.024970805 -0.7913574 -0.19691405 -0.9774282 -0.076543555 0.6385856 0.39098352
8.990008e-06 0.05406506 -1.8006117 0.19691382 -0.97742826 -0.07654349 0.8565247 0.15521795
0.013757129 -0.02220108 -0.7913574 0.19691391 -0.97742826 -0.076543525 0.64181346 0.39385003
8.939925e-06 -0.024970805 -0.7913574 0.19691394 -0.9774283 -0.07654354 0.6385856 0.39098352
0.01375718 0.056834787 -1.8006117 0.5260749 -0.8478425 -0.06639549 0.85975254 0.15808444
0.026976988 -0.013998346 -0.7913574 0.5260743 -0.8478429 -0.066395536 0.64492005 0.39647195
0.013757129 -0.02220108 -0.7913574 0.52607423 -0.84784293 -0.06639553 0.64181346 0.39385003
0.026977038 0.065037526 -1.8006117 0.7368698 -0.6739711 -0.05277941 0.8628592 0.16070636
0.039160445 -0.00067784195 -0.7913574 0.73687047 -0.6739706 -0.052779384 0.6477862 0.39874846
0.026976988 -0.013998346 -0.7913574 0.73687047 -0.6739706 -0.05277938 0.64492005 0.39647195
0.039160497 0.07835802 -1.8006117 0.8584258 -0.5113721 -0.040046122 0.69309556 0.007766008
0.049839363 0.017248537 -0.7913574 0.8584256 -0.51137257 -0.040046133 0.4893774 0.25702247
0.039160445 -0.00067784195 -0.7913574 0.8584256 -0.51137257 -0.040046133 0.4866406 0.25477186
0.049839415 0.096284404 -1.8006117 0.9276919 -0.37220696 -0.029147906 0.6958324 0.01001666
0.058603328 0.03909194 -0.7913574 0.92769206 -0.37220654 -0.029147878 0.4924823 0.25952134
0.049839363 0.017248537 -0.7913574 0.92769206 -0.37220654 -0.029147876 0.4893774 0.25702247
0.058603376 0.11812779 -1.8006117 0.96732235 -0.25277582 -0.019795127 0.6989373 0.012515481
0.06511555 0.06401287 -0.7913574 0.96732235 -0.25277582 -0.019795137 0.495836 0.26217228
0.058603328 0.03909194 -0.7913574 0.96732235 -0.25277582 -0.019795133 0.4924823 0.25952134
0.06511559 0.14304875 -1.8006117 0.98911613 -0.1466877 -0.011487247 0.70229095 0.015166455
0.06912574 0.09105367 -0.7913574 0.9891162 -0.14668764 -0.011487227 0.49930954 0.26487356
0.06511555 0.06401287 -0.7913574 0.9891162 -0.14668766 -0.011487227 0.495836 0.26217228
0.07005507 0.18938859 -1.8006117 0.9988603 -0.047729395 -3.1609932e-06 0.708139 0.019684771
0.070479825 0.19821107 -0.7913574 0.9999189 -0.012732052 -0.0003095285 0.51228786 0.27474448
0.07005502 0.16459307 -0.7913574 0.9999201 -0.01263535 -0.0003103743 0.5082162 0.27164772
0.07047987 0.19821101 -1.8006117 5.1440498e-08 0.99999994 -6.810389e-08 0.20902066 0.008282401
-0.070461914 0.19821106 -0.7913574 -1.7286027e-07 0.99999994 -6.810391e-08 0.25396463 0.3300707
0.070479825 0.19821107 -0.7913574 -1.9691767e-07 0.99999994 -6.810391e-08 0.20902066 0.3300707
-0.06786911 0.19340427 -1.8006117 4.3711374e-08 -1.4609387e-07 -0.99999994 0.40480658 0.44412485
0.06771644 0.18985972 -1.8006117 4.3710124e-08 -1.6710714e-05 -0.99999994 0.404254 0.48736086
-0.06769844 0.18985972 -1.8006117 4.3711385e-08 -3.3001179e-15 -0.99999994 0.40425402 0.44417933
-0.066791855 0.17103183 -1.8006117 4.3711367e-08 -2.6079547e-07 -0.99999994 0.40131882 0.4444684
0.062934026 0.14489709 -1.8006117 4.3711143e-08 -3.2125793e-06 -0.99999994 0.39724445 0.48583582
-0.06291603 0.14489709 -1.8006117 4.3711385e-08 -3.3001179e-15 -0.99999994 0.39724445 0.44570434
-0.06291603 0.14489709 -1.8006117 4.371139e-08 7.1003065e-08 -0.99999994 0.39724445 0.44570434
0.05664002 0.120811194 -1.8006117 4.371144e-08 7.440286e-07 -0.99999994 0.39348954 0.48382875
-0.056622036 0.12081121 -1.8006117 4.3711385e-08 -3.3001179e-15 -0.99999994 0.39348954 0.44771138
-0.056622036 0.12081121 -1.8006117 4.371141e-08 3.300243e-07 -0.99999994 0.39348954 0.44771138
0.048169717 0.09969973 -1.8006117 4.37116e-08 2.8418901e-06 -0.99999994 0.3901983 0.4811277
-0.048151746 0.09969976 -1.8006117 4.3711385e-08 -3.3001179e-15 -0.99999994 0.3901983 0.45041242
-0.048151746 0.09969976 -1.8006117 4.3710557e-08 -1.0965951e-05 -0.99999994 0.3901983 0.45041242
0.03784862 0.08237401 -1.8006117 4.3712063e-08 8.957803e-06 -0.99999994 0.38749728 0.47783652
-0.037830666 0.08237404 -1.8006117 4.3710298e-08 -1.4448112e-05 -0.99999994 0.38749728 0.45370364
-0.02605542 0.06949984 -1.8006117 4.3711385e-08 -3.3001179e-15 -0.99999994 0.38549024 0.4574586
0.03784862 0.08237401 -1.8006117 4.3711385e-08 -3.3001179e-15 -0.99999994 0.38749728 0.47783652
0.026073404 0.06949985 -1.8006117 4.3711385e-08 -3.3001179e-15 -0.99999994 0.38549024 0.4740816
-0.013278531 0.061571963 -1.8006117 4.371455e-08 4.193478e-05 -0.99999994 0.3842543 0.4615329
0.026073404 0.06949985 -1.8006117 4.3709147e-08 -2.9680159e-05 -0.99999994 0.38549024 0.4740816
0.013296512 0.061571963 -1.8006117 4.3706294e-08 -6.743867e-05 -0.99999994 0.3842543 0.4700072
8.990372e-06 0.05889504 -1.8006117 4.3711385e-08 -3.3001179e-15 -0.99999994 0.38383695 0.46577007
-0.013278531 0.061571963 -1.8006117 4.3711385e-08 -3.3001179e-15 -0.99999994 0.3842543 0.4615329
0.013296512 0.061571963 -1.8006117 4.3711385e-08 -3.3001179e-15 -0.99999994 0.3842543 0.4700072
-0.039142594 -0.0006778016 -0.7913574 -0.8540123 -0.50874233 -0.10883118 0.6294104 0.3820393
-0.0498215 -0.0043379455 -0.6904489 -0.85401213 -0.50874263 -0.10883103 0.60511625 0.4032302
-0.049821496 0.01724858 -0.7913574 -0.8540123 -0.5087423 -0.10883119 0.62691367 0.37932545
0.039160445 -0.00067784195 -0.7913574 0.85401195 -0.5087428 -0.10883121 0.4866406 0.25477186
0.04983936 -0.0043379874 -0.6904489 0.85401183 -0.50874317 -0.10883112 0.4670874 0.28046829
0.03916044 -0.022264369 -0.6904489 0.85401183 -0.5087432 -0.10883113 0.46435058 0.27821764
-0.013739251 -0.022201076 -0.7913574 -0.51873803 -0.8360181 -0.17884254 0.6353607 0.38798255
-0.02695911 -0.035584867 -0.6904489 -0.51873714 -0.8360186 -0.17884246 0.6104652 0.4088672
-0.026959104 -0.013998343 -0.7913574 -0.51873815 -0.836018 -0.17884257 0.6322626 0.38496247
-0.065097645 0.064012885 -0.7913574 -0.9886946 -0.14662519 -0.031366393 0.59735054 0.35536513
-0.06910785 0.06946715 -0.6904489 -0.9886946 -0.14662524 -0.031366315 0.5729616 0.37641054
-0.069107845 0.09105368 -0.7913574 -0.9886946 -0.14662515 -0.031366397 0.5943539 0.35214287
-0.070461914 0.19821106 -0.7913574 8.136097e-09 0.99999994 -2.9444777e-15 0.25396463 0.3300707
0.07047982 0.19821107 -0.6904489 -2.7428689e-08 0.99999994 -4.4990638e-15 0.20902066 0.36224416
0.070479825 0.19821107 -0.7913574 -9.479049e-08 0.99999994 -7.443541e-15 0.20902066 0.3300707
0.058603328 0.03909194 -0.7913574 0.9661 -0.25245643 -0.05400577 0.4924823 0.25952134
0.065115534 0.042426355 -0.6904489 0.9661 -0.25245655 -0.054005753 0.47354594 0.2856181
0.05860332 0.017505415 -0.6904489 0.9660999 -0.25245655 -0.054005742 0.47019228 0.28296712
8.939925e-06 -0.024970805 -0.7913574 0.19328897 -0.95943445 -0.20524381 0.6385856 0.39098352
0.013757123 -0.043787602 -0.6904489 0.19328877 -0.95943445 -0.20524392 0.62001604 0.41775477
8.933884e-06 -0.04655733 -0.6904489 0.19328873 -0.9594344 -0.20524393 0.6167882 0.41488826
-0.049821496 0.01724858 -0.7913574 -0.92515594 -0.37118894 -0.07940548 0.6030489 0.3613452
-0.058585446 0.017505422 -0.6904489 -0.92515594 -0.37118894 -0.07940543 0.57889414 0.38274005
-0.05858544 0.03909195 -0.7913574 -0.92515594 -0.37118897 -0.07940549 0.6002865 0.35847235
0.03916044 -0.022264369 -0.6904489 0.7378989 -0.6749113 3.2254587e-08 0.6259888 0.4226532
0.026976947 -0.035584874 0.12264699 0.7378989 -0.67491126 3.225459e-08 0.4475754 0.60877347
0.026976982 -0.035584874 -0.6904489 0.7378989 -0.6749113 3.225459e-08 0.6231227 0.42037666
-0.058585446 0.017505422 -0.6904489 -0.96751195 -0.25282514 -4.2291294e-08 0.57889414 0.38274005
-0.0650977 0.042426363 0.12264699 -0.96751195 -0.25282517 -4.2291294e-08 0.38590515 0.5557092
-0.06509766 0.042426363 -0.6904489 -0.96751195 -0.25282514 -4.229129e-08 0.5759582 0.3796328
0.070055015 0.15782084 -0.6904489 0.99994475 -0.010517105 4.3708972e-08 0.48771027 0.29644743
0.0691257 0.06946714 0.12264699 0.99994475 -0.010517102 4.3708972e-08 0.31835946 0.49313647
0.069125734 0.06946714 -0.6904489 0.99994475 -0.010517105 4.3708972e-08 0.4770195 0.28831938
0.026976982 -0.035584874 -0.6904489 0.52723753 -0.849718 2.3046287e-08 0.6231227 0.42037666
0.013757087 -0.043787602 0.12264699 0.5272377 -0.84971786 2.3046294e-08 0.44446874 0.6061515
0.013757123 -0.043787602 -0.6904489 0.5272375 -0.849718 2.3046283e-08 0.62001604 0.41775477
-0.06509766 0.042426363 -0.6904489 -0.9891814 -0.14669746 -4.3238494e-08 0.5759582 0.3796328
-0.06910789 0.06946715 0.12264699 -0.9891814 -0.14669746 -4.3238494e-08 0.38290858 0.55248696
-0.06910785 0.06946715 -0.6904489 -0.9891814 -0.14669746 -4.3238494e-08 0.5729616 0.37641054
0.013757123 -0.043787602 -0.6904489 0.19749334 -0.9803043 8.632711e-09 0.62001604 0.41775477
8.898342e-06 -0.04655733 0.12264699 0.19749334 -0.9803043 8.632711e-09 0.44124094 0.603285
8.933884e-06 -0.04655733 -0.6904489 0.19749336 -0.9803042 8.632712e-09 0.6167882 0.41488826
-0.06910785 0.06946715 -0.6904489 -0.99994475 -0.010516954 -4.3708972e-08 0.5729616 0.37641054
-0.07003715 0.15782082 0.12264699 -0.99994475 -0.010516953 -4.3708972e-08 0.3738708 0.5425533
-0.07003711 0.15782082 -0.6904489 -0.99994475 -0.010516954 -4.3708972e-08 0.5639239 0.3664769
8.933884e-06 -0.04655733 -0.6904489 -0.19749346 -0.9803042 -8.6327105e-09 0.6167882 0.41488826
-0.0137392925 -0.043787602 0.12264699 -0.19749346 -0.9803042 -8.6327105e-09 0.43801603 0.60028404
-0.013739257 -0.043787602 -0.6904489 -0.1974935 -0.9803042 -8.632712e-09 0.61356336 0.4118873
0.013757129 -0.02220108 -0.7913574 0.51873785 -0.8360181 -0.17884259 0.64181346 0.39385003
0.026976982 -0.035584874 -0.6904489 0.51873726 -0.8360185 -0.1788425 0.6231227 0.42037666
0.013757123 -0.043787602 -0.6904489 0.5187372 -0.83601856 -0.17884248 0.62001604 0.41775477
0.06511555 0.06401287 -0.7913574 0.98869467 -0.14662512 -0.031366214 0.495836 0.26217228
0.069125734 0.06946714 -0.6904489 0.9886946 -0.1466253 -0.031366304 0.4770195 0.28831938
0.065115534 0.042426355 -0.6904489 0.9886946 -0.14662531 -0.031366315 0.47354594 0.2856181
-0.05858544 0.03909195 -0.7913574 -0.9661 -0.25245628 -0.05400595 0.6002865 0.35847235
-0.06509766 0.042426363 -0.6904489 -0.9661 -0.2524564 -0.05400584 0.5759582 0.3796328
-0.065097645 0.064012885 -0.7913574 -0.9661 -0.25245625 -0.054005966 0.59735054 0.35536513
8.939925e-06 -0.024970805 -0.7913574 -0.19328904 -0.9594344 -0.20524378 0.6385856 0.39098352
-0.013739257 -0.043787602 -0.6904489 -0.19328886 -0.95943445 -0.20524397 0.61356336 0.4118873
-0.013739251 -0.022201076 -0.7913574 -0.19328909 -0.9594344 -0.20524377 0.6353607 0.38798255
0.049839363 0.017248537 -0.7913574 0.925156 -0.3711891 -0.07940536 0.4893774 0.25702247
0.05860332 0.017505415 -0.6904489 0.9251558 -0.37118942 -0.07940539 0.47019228 0.28296712
0.04983936 -0.0043379874 -0.6904489 0.92515576 -0.37118945 -0.07940538 0.4670874 0.28046829
-0.069107845 0.09105368 -0.7913574 -0.9999259 -0.012107686 -0.0011971986 0.5943539 0.35214287
-0.07003711 0.15782082 -0.6904489 -0.9999379 -0.010973619 -0.0019476139 0.5639239 0.3664769
-0.070037104 0.16459306 -0.7913574 -0.99991983 -0.01263526 -0.0008480977 0.5868219 0.34386718
-0.026959104 -0.013998343 -0.7913574 -0.73032635 -0.667985 -0.14289661 0.6322626 0.38496247
-0.039142597 -0.022264326 -0.6904489 -0.7303262 -0.66798526 -0.14289653 0.60761297 0.40594405
-0.039142594 -0.0006778016 -0.7913574 -0.7303264 -0.66798496 -0.14289662 0.6294104 0.3820393
0.026976988 -0.013998346 -0.7913574 0.7303264 -0.6679851 -0.14289652 0.64492005 0.39647195
0.03916044 -0.022264369 -0.6904489 0.7303262 -0.6679853 -0.1428965 0.6259888 0.4226532
0.026976982 -0.035584874 -0.6904489 0.7303261 -0.6679853 -0.14289649 0.6231227 0.42037666
0.07005502 0.16459307 -0.7913574 0.99992335 -0.0123787 -8.5457e-05 0.5082162 0.27164772
0.07047982 0.19821107 -0.6904489 0.9999422 -0.010734799 -0.0006331593 0.4925975 0.30016312
0.070055015 0.15782084 -0.6904489 0.99994445 -0.01051706 -0.000705703 0.48771027 0.29644743
0.06912574 0.09105367 -0.7913574 0.9999259 -0.01210784 -0.0011971421 0.49930954 0.26487356
0.070055015 0.15782084 -0.6904489 0.99993795 -0.010973768 -0.0019475347 0.48771027 0.29644743
0.069125734 0.06946714 -0.6904489 0.99994224 -0.010517074 -0.0022497154 0.4770195 0.28831938
-0.070037104 0.16459306 -0.7913574 -0.99992335 -0.012378549 -8.554441e-05 0.5868219 0.34386718
-0.07046192 0.19821106 -0.6904489 -0.9999422 -0.0107346475 -0.00063324673 0.55979234 0.3619358
-0.070461914 0.19821106 -0.7913574 -0.9999201 -0.01263517 -4.3707896e-08 0.5833787 0.34008402
-0.07003711 0.15782082 -0.6904489 -4.371139e-08 -4.8148934e-08 0.99999994 0.2953077 0.5576192
0.07047982 0.19821107 -0.6904489 -4.371142e-08 -4.9979946e-07 0.99999994 0.28901097 0.6024277
-0.07046192 0.19821106 -0.6904489 -4.3711385e-08 3.3001179e-15 0.99999994 0.28901097 0.55748373
-0.06769844 0.18985972 -1.8006117 4.3710326e-08 -1.4051434e-05 -0.99999994 0.40425402 0.44417933
0.06680986 0.17103183 -1.8006117 4.3711825e-08 5.841691e-06 -0.99999994 0.40131882 0.48707175
-0.066791855 0.17103183 -1.8006117 4.3710248e-08 -1.5062443e-05 -0.99999994 0.40131882 0.4444684
0.069125794 0.17008956 -1.8006117 0.99887973 -0.047308687 -0.0011773211 0.7057645 0.017867727
0.07005502 0.16459307 -0.7913574 0.9999171 -0.012845236 -0.0009905706 0.5082162 0.27164772
0.06912574 0.09105367 -0.7913574 0.9999197 -0.0126354005 -0.0009894304 0.49930954 0.26487356
-0.070461914 0.19821106 -0.7913574 -0.9999189 -0.012731901 -0.00030961592 0.5833787 0.34008402
-0.07003706 0.18938859 -1.8006117 -0.9988603 -0.047729246 -3.2484525e-06 0.82020485 0.12253752
-0.070037104 0.16459306 -0.7913574 -0.9999201 -0.012635199 -0.00031046174 0.5868219 0.34386718
-0.07003715 0.15782082 0.12264699 -9.8004676e-08 0.9084483 0.41799754 0.7362237 0.39481544
0.07005496 0.060379248 0.33442008 -9.8004676e-08 0.9084483 0.4179975 0.6575058 0.4146411
0.07005498 0.15782084 0.12264699 -9.800466e-08 0.9084481 0.41799745 0.70327383 0.36464944
8.898342e-06 -0.04655733 0.12264699 0.1615152 -0.801718 -0.57546604 0.44124094 0.603285
0.013757067 -0.19579647 0.33442008 0.16151401 -0.8017181 -0.5754663 0.39866772 0.65890944
8.877609e-06 -0.1985662 0.33442008 0.16151397 -0.80171806 -0.5754663 0.3954399 0.65604293
-0.06910789 0.06946715 0.12264699 -0.9999399 -0.009850797 -0.00481055 0.38290858 0.55248696
-0.070037164 0.06037924 0.33442008 -0.99996483 -0.0069504366 -0.0046862364 0.3342749 0.5993182
-0.07003715 0.15782082 0.12264699 -0.99993294 -0.010516829 -0.0048390916 0.3738708 0.5425533
0.0691257 0.06946714 0.12264699 0.9999399 -0.009850946 -0.004810509 0.31835946 0.49313647
0.07005496 0.060379248 0.33442008 0.99996483 -0.006950587 -0.004686121 0.27599183 0.5457044
0.069125675 -0.08254173 0.33442008 0.99996805 -0.006501849 -0.004666873 0.2587295 0.5325893
8.898342e-06 -0.04655733 0.12264699 -0.16151525 -0.801718 -0.5754661 0.44124094 0.603285
-0.013739313 -0.19579647 0.33442008 -0.16151407 -0.8017181 -0.5754663 0.392215 0.65304196
-0.0137392925 -0.043787602 0.12264699 -0.1615153 -0.80171794 -0.5754661 0.43801603 0.60028404
0.0651155 0.042426355 0.12264699 0.98374283 -0.14589086 -0.10471884 0.31488588 0.49043524
0.069125675 -0.08254173 0.33442008 0.9837427 -0.14589095 -0.10471919 0.2587295 0.5325893
0.06511548 -0.10958249 0.33442008 0.9837427 -0.14589098 -0.1047192 0.2552559 0.5298881
-0.0137392925 -0.043787602 0.12264699 -0.45012045 -0.7254332 -0.5207096 0.43801603 0.60028404
-0.026959168 -0.18759374 0.33442008 -0.45012143 -0.72543263 -0.52070934 0.38911685 0.6500219
-0.026959145 -0.035584867 0.12264699 -0.4501204 -0.7254332 -0.5207096 0.43491793 0.597264
0.058603287 0.017505415 0.12264699 0.95196325 -0.2487622 -0.17855936 0.31153223 0.48778424
0.06511548 -0.10958249 0.33442008 0.9519633 -0.24876218 -0.17855918 0.2552559 0.5298881
0.058603264 -0.13450342 0.33442008 0.9519633 -0.24876216 -0.17855917 0.25190228 0.5272371
-0.0498215 -0.0043379455 -0.6904489 -0.9280865 -0.3723647 -4.0567954e-08 0.58165663 0.38561288
-0.05858548 0.017505422 0.12264699 -0.92808646 -0.37236473 -4.056795e-08 0.38884106 0.55881643
-0.058585446 0.017505422 -0.6904489 -0.92808646 -0.37236473 -4.056795e-08 0.57889414 0.38274005
0.04983936 -0.0043379874 -0.6904489 0.85911477 -0.51178306 3.7553097e-08 0.4670874 0.28046829
0.039160408 -0.022264369 0.12264699 0.8591147 -0.511783 3.7553097e-08 0.30569053 0.48303476
0.03916044 -0.022264369 -0.6904489 0.85911477 -0.5117831 3.7553097e-08 0.46435058 0.27821764
-0.039142597 -0.022264326 -0.6904489 -0.8591151 -0.5117824 -3.755311e-08 0.60761297 0.40594405
-0.049821533 -0.0043379455 0.12264699 -0.8591152 -0.5117824 -3.7553114e-08 0.42956898 0.59162694
-0.0498215 -0.0043379455 -0.6904489 -0.8591151 -0.5117824 -3.755311e-08 0.60511625 0.4032302
0.05860332 0.017505415 -0.6904489 0.92808646 -0.3723648 4.0567947e-08 0.47019228 0.28296712
0.049839325 -0.0043379874 0.12264699 0.92808646 -0.3723648 4.0567947e-08 0.30842733 0.4852854
0.04983936 -0.0043379874 -0.6904489 0.92808646 -0.3723648 4.0567947e-08 0.4670874 0.28046829
-0.07003711 0.15782082 -0.6904489 -7.6123605e-08 0.99999994 -6.627586e-15 0.9112825 0.20360169
0.07005498 0.15782084 0.12264699 5.7026295e-08 0.99999994 -8.074193e-16 0.70327383 0.36464944
0.070055015 0.15782084 -0.6904489 -9.45952e-08 0.99999994 -7.4350045e-15 0.8783326 0.17343567
-0.02695911 -0.035584867 -0.6904489 -0.7378989 -0.6749112 -3.2254583e-08 0.6104652 0.4088672
-0.03914263 -0.022264326 0.12264699 -0.737899 -0.6749111 -3.2254587e-08 0.4320657 0.59434086
-0.039142597 -0.022264326 -0.6904489 -0.73789895 -0.6749112 -3.2254587e-08 0.60761297 0.40594405
0.065115534 0.042426355 -0.6904489 0.9675119 -0.2528253 4.229129e-08 0.47354594 0.2856181
0.058603287 0.017505415 0.12264699 0.9675119 -0.25282526 4.229129e-08 0.31153223 0.48778424
0.05860332 0.017505415 -0.6904489 0.96751195 -0.25282532 4.229129e-08 0.47019228 0.28296712
-0.013739257 -0.043787602 -0.6904489 -0.52723795 -0.8497176 -2.3046299e-08 0.61356336 0.4118873
-0.026959145 -0.035584867 0.12264699 -0.5272377 -0.84971774 -2.3046287e-08 0.43491793 0.597264
-0.02695911 -0.035584867 -0.6904489 -0.527238 -0.8497177 -2.30463e-08 0.6104652 0.4088672
0.069125734 0.06946714 -0.6904489 0.9891814 -0.14669739 4.323849e-08 0.4770195 0.28831938
0.0651155 0.042426355 0.12264699 0.9891814 -0.14669746 4.323849e-08 0.31488588 0.49043524
0.065115534 0.042426355 -0.6904489 0.98918134 -0.14669737 4.323849e-08 0.47354594 0.2856181
0.06511548 -0.10958249 0.33442008 0.97192276 -0.14413801 -0.18598455 0.2552559 0.5298881
0.069125675 -0.13451055 0.37469587 0.97192276 -0.14413807 -0.18598484 0.24461177 0.5379852
0.065115474 -0.16155131 0.37469587 0.97192276 -0.14413808 -0.18598488 0.24113825 0.5352839
-0.013739313 -0.19579647 0.33442008 -0.35529312 -0.5726038 -0.7388448 0.392215 0.65304196
-0.026959173 -0.23956257 0.37469587 -0.35529315 -0.5726038 -0.7388447 0.38039425 0.66061527
-0.026959168 -0.18759374 0.33442008 -0.3552931 -0.5726038 -0.7388448 0.38911685 0.6500219
0.058603264 -0.13450342 0.33442008 0.91980475 -0.24035856 -0.3101405 0.25190228 0.5272371
0.065115474 -0.16155131 0.37469587 0.9198046 -0.24035867 -0.31014064 0.24113825 0.5352839
0.05860326 -0.18647225 0.37469587 0.9198045 -0.24035873 -0.31014073 0.23778456 0.532633
-0.026959168 -0.18759374 0.33442008 -0.5564674 -0.5089663 -0.6567323 0.38911685 0.6500219
-0.03914266 -0.22624204 0.37469587 -0.5564667 -0.508967 -0.65673244 0.37754202 0.65769213
-0.039142657 -0.17427321 0.33442008 -0.55646753 -0.5089662 -0.6567323 0.38626468 0.6470987
0.049839303 -0.15634686 0.33442008 0.83653766 -0.33563346 -0.4330759 0.24879737 0.52473825
0.05860326 -0.18647225 0.37469587 0.83653754 -0.33563337 -0.4330764 0.23778456 0.532633
0.0498393 -0.20831569 0.37469587 0.83653754 -0.33563334 -0.43307647 0.23467967 0.53013414
-0.039142657 -0.17427321 0.33442008 -0.7169056 -0.4270664 -0.5510541 0.38626468 0.6470987
-0.04982156 -0.20831561 0.37469587 -0.7169054 -0.42706648 -0.5510543 0.3750453 0.6549782
-0.049821556 -0.1563468 0.33442008 -0.71690565 -0.42706645 -0.5510541 0.38376793 0.64438486
0.039160382 -0.17427321 0.33442008 0.716904 -0.4270676 -0.5510553 0.24606057 0.52248764
0.0498393 -0.20831569 0.37469587 0.7169038 -0.42706752 -0.55105567 0.23467967 0.53013414
0.03916038 -0.22624204 0.37469587 0.71690375 -0.42706752 -0.5510557 0.23194289 0.52788347
-0.049821556 -0.1563468 0.33442008 -0.83653736 -0.33563387 -0.43307632 0.35755387 0.6245612
-0.058585506 -0.18647225 0.37469587 -0.8365376 -0.33563322 -0.4330762 0.3506594 0.6362263
-0.058585502 -0.13450342 0.33442008 -0.83653724 -0.33563402 -0.43307632 0.35479134 0.62168837
-0.0650977 0.042426363 0.12264699 -0.98374265 -0.14589092 -0.104719356 0.38590515 0.5557092
-0.06910791 -0.08254171 0.33442008 -0.9837427 -0.14589103 -0.10471933 0.34885886 0.6153588
-0.06910789 0.06946715 0.12264699 -0.9837427 -0.14589092 -0.10471937 0.38290858 0.55248696
0.013757087 -0.043787602 0.12264699 0.45012033 -0.7254332 -0.52070946 0.44446874 0.6061515
0.026976924 -0.18759374 0.33442008 0.45012122 -0.7254328 -0.52070916 0.40177438 0.6615313
0.013757067 -0.19579647 0.33442008 0.4501213 -0.72543275 -0.5207092 0.39866772 0.65890944
-0.05858548 0.017505422 0.12264699 -0.95196325 -0.24876206 -0.17855921 0.38884106 0.55881643
-0.06509771 -0.10958248 0.33442008 -0.9519632 -0.24876201 -0.17855918 0.35185543 0.6185811
-0.0650977 0.042426363 0.12264699 -0.9519632 -0.24876203 -0.1785592 0.38590515 0.5557092
0.026976947 -0.035584874 0.12264699 0.66407704 -0.6073908 -0.43597943 0.4475754 0.60877347
0.039160382 -0.17427321 0.33442008 0.6640781 -0.6073898 -0.43597913 0.4046405 0.66380787
0.026976924 -0.18759374 0.33442008 0.66407824 -0.60738987 -0.4359792 0.40177438 0.6615313
-0.049821533 -0.0043379455 0.12264699 -0.8966125 -0.35973686 -0.25821596 0.39160356 0.5616893
-0.058585502 -0.13450342 0.33442008 -0.89661235 -0.35973677 -0.2582162 0.35479134 0.62168837
-0.05858548 0.017505422 0.12264699 -0.8966124 -0.3597369 -0.25821596 0.38884106 0.55881643
0.039160408 -0.022264369 0.12264699 0.80642354 -0.48039418 -0.3448226 0.30569053 0.48303476
0.049839303 -0.15634686 0.33442008 0.80642265 -0.48039514 -0.34482336 0.24879737 0.52473825
0.039160382 -0.17427321 0.33442008 0.8064226 -0.48039514 -0.3448234 0.24606057 0.52248764
-0.03914263 -0.022264326 0.12264699 -0.8064239 -0.48039353 -0.34482226 0.4320657 0.59434086
-0.049821556 -0.1563468 0.33442008 -0.8064244 -0.48039314 -0.34482193 0.38376793 0.64438486
-0.049821533 -0.0043379455 0.12264699 -0.8064239 -0.48039353 -0.34482226 0.42956898 0.59162694
0.049839325 -0.0043379874 0.12264699 0.8966125 -0.35973695 -0.25821576 0.30842733 0.4852854
0.058603264 -0.13450342 0.33442008 0.89661264 -0.35973653 -0.25821579 0.25190228 0.5272371
0.049839303 -0.15634686 0.33442008 0.89661264 -0.35973647 -0.25821579 0.24879737 0.52473825
-0.026959145 -0.035584867 0.12264699 -0.6640767 -0.60739076 -0.43597996 0.43491793 0.597264
-0.039142657 -0.17427321 0.33442008 -0.6640773 -0.6073905 -0.43597957 0.38626468 0.6470987
-0.03914263 -0.022264326 0.12264699 -0.6640766 -0.6073908 -0.43598 0.4320657 0.59434086
-0.06910791 -0.13451055 0.37469587 -0.98871773 -0.14662875 0.030614803 0.34472686 0.6298968
-0.06509772 -0.1368661 0.492925 -0.98871773 -0.14662883 0.030614803 0.31757957 0.65595895
-0.06910792 -0.10982532 0.492925 -0.98871773 -0.14662884 0.030614806 0.314583 0.65273666
-0.070037164 0.06037924 0.37469587 -2.0783604e-08 0.9788908 -0.20438382 0.6817843 0.4542787
0.070054956 0.08506444 0.492925 -2.824393e-08 0.9788908 -0.20438382 0.6234238 0.45186833
0.07005496 0.060379248 0.37469587 -6.029773e-08 0.97889084 -0.20438382 0.64883447 0.42411268
0.013757061 -0.2477653 0.37469587 0.19347928 -0.960394 0.20052202 0.3899451 0.6695028
8.86862e-06 -0.2258498 0.492925 0.19348153 -0.9603936 0.20052186 0.3612045 0.6934312
8.871925e-06 -0.250535 0.37469587 0.19347908 -0.96039414 0.20052204 0.3867173 0.6666363
-0.070037164 0.06037924 0.37469587 -0.9999881 -0.0047680475 0.0009955115 0.3248608 0.60804
-0.06910792 -0.10982532 0.492925 -0.9999881 -0.0047680475 0.0009955172 0.314583 0.65273666
-0.07003717 0.08506444 0.492925 -0.9999881 -0.0047680475 0.0009955342 0.29471695 0.6308799
0.07005496 0.060379248 0.37469587 0.9999881 -0.004768198 0.0009956141 0.26813275 0.5558498
0.06912567 -0.109825335 0.492925 0.9999881 -0.004768198 0.0009955894 0.2245145 0.5700229
0.069125675 -0.13451055 0.37469587 0.9999881 -0.004768198 0.0009956871 0.24461177 0.5379852
-0.013739319 -0.2477653 0.37469587 -0.19347945 -0.960394 0.20052202 0.38349235 0.6636353
8.86862e-06 -0.2258498 0.492925 -0.1934817 -0.9603936 0.20052177 0.3612045 0.6934312
-0.013739321 -0.22308008 0.492925 -0.1934819 -0.9603936 0.20052177 0.35797957 0.6904302
0.069125675 -0.13451055 0.37469587 0.98871773 -0.1466288 0.03061488 0.24461177 0.5379852
0.065115474 -0.1368661 0.492925 0.98871773 -0.1466288 0.0306148 0.22104093 0.56732166
0.065115474 -0.16155131 0.37469587 0.9887177 -0.1466288 0.030614888 0.24113825 0.5352839
-0.026959173 -0.23956257 0.37469587 -0.51913136 -0.8366526 0.1746858 0.38039425 0.66061527
-0.013739321 -0.22308008 0.492925 -0.51913136 -0.8366526 0.17468579 0.35797957 0.6904302
-0.026959177 -0.21487735 0.492925 -0.51913136 -0.8366526 0.17468578 0.35488147 0.6874102
8.877609e-06 -0.1985662 0.33442008 -0.122479066 -0.6079592 -0.7844645 0.3954399 0.65604293
-0.013739319 -0.2477653 0.37469587 -0.122479916 -0.6079592 -0.78446436 0.38349235 0.6636353
-0.013739313 -0.19579647 0.33442008 -0.12247883 -0.6079592 -0.7844645 0.392215 0.65304196
0.069125675 -0.08254173 0.33442008 0.9999758 -0.0051930337 -0.004644705 0.2587295 0.5325893
0.07005496 0.060379248 0.37469587 0.99998033 -0.0059247944 -0.0020480254 0.26813275 0.5558498
0.069125675 -0.13451055 0.37469587 0.99996966 -0.004768111 -0.0061524757 0.24461177 0.5379852
-0.06910791 -0.08254171 0.33442008 -0.9999758 -0.005192883 -0.0046445597 0.34885886 0.6153588
-0.070037164 0.06037924 0.37469587 -0.99998033 -0.005924643 -0.00204801 0.3248608 0.60804
-0.070037164 0.06037924 0.33442008 -0.9999789 -0.0065017696 -4.3710465e-08 0.3342749 0.5993182
8.877609e-06 -0.1985662 0.33442008 0.12247904 -0.6079592 -0.7844645 0.3954399 0.65604293
0.013757061 -0.2477653 0.37469587 0.12247989 -0.6079592 -0.78446436 0.3899451 0.6695028
8.871925e-06 -0.250535 0.37469587 0.12248012 -0.6079592 -0.7844644 0.3867173 0.6666363
-0.070037164 0.06037924 0.33442008 -3.1810647e-08 0.99999994 -4.6906055e-15 0.6904556 0.44480714
0.07005496 0.060379248 0.37469587 -3.1810764e-08 0.99999994 -4.6906105e-15 0.64883447 0.42411268
0.07005496 0.060379248 0.33442008 -3.1810796e-08 0.99999994 -4.690612e-15 0.6575058 0.4146411
-0.06509771 -0.10958248 0.33442008 -0.97192276 -0.1441379 -0.18598506 0.35185543 0.6185811
-0.06910791 -0.13451055 0.37469587 -0.9719228 -0.14413817 -0.18598475 0.34472686 0.6298968
-0.06910791 -0.08254171 0.33442008 -0.97192276 -0.14413786 -0.1859851 0.34885886 0.6153588
0.013757067 -0.19579647 0.33442008 0.35529304 -0.5726038 -0.7388448 0.39866772 0.65890944
0.026976919 -0.23956257 0.37469587 0.3552931 -0.5726039 -0.7388448 0.39305174 0.67212474
0.013757061 -0.2477653 0.37469587 0.35529304 -0.5726039 -0.73884475 0.3899451 0.6695028
-0.058585502 -0.13450342 0.33442008 -0.91980475 -0.24035841 -0.31014058 0.35479134 0.62168837
-0.06509772 -0.16155131 0.37469587 -0.9198047 -0.24035855 -0.31014076 0.34772345 0.633119
-0.06509771 -0.10958248 0.33442008 -0.9198047 -0.24035835 -0.31014046 0.35185543 0.6185811
0.026976924 -0.18759374 0.33442008 0.5564683 -0.50896615 -0.6567316 0.40177438 0.6615313
0.03916038 -0.22624204 0.37469587 0.55646765 -0.50896674 -0.6567317 0.39591783 0.6744012
0.026976919 -0.23956257 0.37469587 0.55646753 -0.5089668 -0.6567318 0.39305174 0.67212474
-0.026959177 -0.21487735 0.492925 -0.7223418 -0.6606806 -0.20426369 0.35488147 0.6874102
-0.039142724 -0.47309402 1.3711984 -0.72234064 -0.6606818 -0.20426406 0.16226858 0.89457613
-0.039142665 -0.20155682 0.492925 -0.7223418 -0.6606806 -0.20426369 0.35202923 0.68448704
0.04983929 -0.18363047 0.492925 0.92199695 -0.36992085 -0.114368945 0.2145824 0.5621718
0.058603197 -0.43332425 1.3711984 0.92199695 -0.3699207 -0.11436899 0.01360769 0.7610896
0.049839236 -0.45516768 1.3711984 0.92199695 -0.3699207 -0.11436899 0.010502832 0.75859076
-0.039142665 -0.20155682 0.492925 -0.8485589 -0.5054929 -0.1562842 0.35202923 0.68448704
-0.049821623 -0.45516762 1.3711984 -0.8485583 -0.5054938 -0.1562843 0.15977181 0.8918623
-0.049821567 -0.1836304 0.492925 -0.8485589 -0.5054929 -0.1562842 0.3495325 0.6817731
0.039160375 -0.20155682 0.492925 0.84855735 -0.5054954 -0.15628476 0.21184559 0.5599212
0.049839236 -0.45516768 1.3711984 0.84855735 -0.5054954 -0.15628473 0.010502832 0.75859076
0.039160315 -0.47309402 1.3711984 0.84855735 -0.5054953 -0.1562847 0.007766022 0.75634015
-0.049821567 -0.1836304 0.492925 -0.9219969 -0.3699208 -0.11436913 0.323278 0.66193897
-0.05858557 -0.43332425 1.3711984 -0.92199665 -0.36992145 -0.11436922 0.14282681 0.87964636
-0.05858551 -0.16178703 0.492925 -0.92199695 -0.36992085 -0.11436914 0.32051554 0.65906614
0.026976915 -0.21487735 0.492925 0.7223425 -0.6606799 -0.20426339 0.36753893 0.69891965
0.039160315 -0.47309402 1.3711984 0.7223414 -0.6606809 -0.2042637 0.1806444 0.9112853
0.026976857 -0.48641458 1.3711984 0.72234136 -0.6606809 -0.2042637 0.17777829 0.90900874
-0.05858551 -0.16178703 0.492925 -0.96456975 -0.25205612 -0.07792863 0.32051554 0.65906614
-0.06509778 -0.4084033 1.3711984 -0.9645696 -0.2520565 -0.07792872 0.13989085 0.8765391
-0.06509772 -0.1368661 0.492925 -0.9645698 -0.25205612 -0.07792865 0.31757957 0.65595895
0.013757058 -0.22308008 0.492925 0.5099351 -0.821831 -0.25408685 0.3644323 0.6962977
0.026976857 -0.48641458 1.3711984 0.5099351 -0.821831 -0.25408676 0.17777829 0.90900874
0.013757 -0.4946173 1.3711984 0.5099351 -0.821831 -0.25408676 0.17467159 0.90638685
0.026976919 -0.23956257 0.37469587 0.5191311 -0.8366527 0.17468584 0.39305174 0.67212474
0.013757058 -0.22308008 0.492925 0.51913124 -0.8366527 0.17468591 0.3644323 0.6962977
0.013757061 -0.2477653 0.37469587 0.5191311 -0.83665276 0.17468584 0.3899451 0.6695028
-0.06509772 -0.16155131 0.37469587 -0.9661668 -0.2524736 0.05271422 0.34772345 0.633119
-0.05858551 -0.16178703 0.492925 -0.9661668 -0.25247356 0.052714314 0.32051554 0.65906614
-0.06509772 -0.1368661 0.492925 -0.9661668 -0.25247353 0.052714314 0.31757957 0.65595895
0.03916038 -0.22624204 0.37469587 0.7306806 -0.6683079 0.13953698 0.39591783 0.6744012
0.026976915 -0.21487735 0.492925 0.73068047 -0.668308 0.13953693 0.36753893 0.69891965
0.026976919 -0.23956257 0.37469587 0.7306805 -0.66830784 0.13953699 0.39305174 0.67212474
-0.058585506 -0.18647225 0.37469587 -0.9252941 -0.37124455 0.07751263 0.3506594 0.6362263
-0.049821567 -0.1836304 0.492925 -0.9252941 -0.37124455 0.07751263 0.323278 0.66193897
-0.05858551 -0.16178703 0.492925 -0.9252941 -0.3712446 0.077512644 0.32051554 0.65906614
0.0498393 -0.20831569 0.37469587 0.8542514 -0.5088863 0.10625105 0.23467967 0.53013414
0.039160375 -0.20155682 0.492925 0.85425097 -0.5088869 0.106251225 0.21184559 0.5599212
0.03916038 -0.22624204 0.37469587 0.85425144 -0.5088863 0.10625105 0.23194289 0.52788347
-0.04982156 -0.20831561 0.37469587 -0.85425293 -0.5088838 0.10625051 0.3750453 0.6549782
-0.039142665 -0.20155682 0.492925 -0.8542524 -0.50888455 0.106250696 0.35202923 0.68448704
-0.049821567 -0.1836304 0.492925 -0.8542524 -0.50888467 0.106250726 0.3495325 0.6817731
0.05860326 -0.18647225 0.37469587 0.92529434 -0.3712441 0.077512555 0.23778456 0.532633
0.04983929 -0.18363047 0.492925 0.9252944 -0.37124398 0.07751252 0.2145824 0.5621718
0.0498393 -0.20831569 0.37469587 0.9252944 -0.3712441 0.07751256 0.23467967 0.53013414
-0.03914266 -0.22624204 0.37469587 -0.7306798 -0.6683086 0.1395371 0.37754202 0.65769213
-0.026959177 -0.21487735 0.492925 -0.73067975 -0.6683088 0.13953707 0.35488147 0.6874102
-0.039142665 -0.20155682 0.492925 -0.7306797 -0.66830885 0.13953707 0.35202923 0.68448704
0.065115474 -0.16155131 0.37469587 0.9661667 -0.25247374 0.05271439 0.24113825 0.5352839
0.058603257 -0.16178703 0.492925 0.9661667 -0.25247365 0.0527143 0.2176873 0.5646706
0.05860326 -0.18647225 0.37469587 0.96616673 -0.2524737 0.05271439 0.23778456 0.532633
-0.06385958 -0.3797477 1.3711984 -4.3711385e-08 -5.082345e-09 0.99999994 0.21126153 0.41971663
0.064781904 0.07432254 1.3711984 -4.3711385e-08 -2.5463132e-09 0.99999994 0.25228316 0.49050498
-0.0647642 0.07432253 1.3711984 -4.3711385e-08 3.3001179e-15 0.99999994 0.21097307 0.49050498
-0.060222488 -0.40427268 1.3711984 -4.371132e-08 8.4825035e-07 0.99999994 0.21242133 0.41589323
0.06387722 -0.3797477 1.3711984 -4.371024e-08 1.5191904e-05 0.99999994 0.25199467 0.4197166
-0.06385958 -0.3797477 1.3711984 -4.3711385e-08 3.3001179e-15 0.99999994 0.21126153 0.41971663
-0.054197926 -0.42732745 1.3711984 -4.3711413e-08 -3.608291e-07 0.99999994 0.21434247 0.412299
0.060240123 -0.40427268 1.3711984 -4.3711907e-08 -6.89052e-06 0.99999994 0.25083485 0.41589323
-0.060222488 -0.40427268 1.3711984 -4.3711385e-08 3.3001179e-15 0.99999994 0.21242133 0.41589323
-0.046090234 -0.44753516 1.3711984 -4.3710788e-08 7.884653e-06 0.99999994 0.21692787 0.4091487
0.054215554 -0.42732745 1.3711984 -4.371191e-08 -6.9482367e-06 0.99999994 0.24891372 0.412299
-0.054197926 -0.42732745 1.3711984 -4.3710735e-08 8.647272e-06 0.99999994 0.21434247 0.412299
-0.046090234 -0.44753516 1.3711984 -4.37102e-08 1.5729e-05 0.99999994 0.21692787 0.4091487
0.036228586 -0.4641193 1.3711984 -4.3710216e-08 1.5498617e-05 0.99999994 0.24317797 0.4065633
0.04610785 -0.44753525 1.3711984 -4.3710216e-08 1.5487345e-05 0.99999994 0.24632831 0.4091487
-0.02493982 -0.47644234 1.3711984 -4.3712973e-08 -2.1006514e-05 0.99999994 0.2236724 0.40464213
0.036228586 -0.4641193 1.3711984 -4.3712635e-08 -1.6568e-05 0.99999994 0.24317797 0.4065633
-0.036210984 -0.4641193 1.3711984 -4.3712987e-08 -2.1221915e-05 0.99999994 0.2200782 0.4065633
-0.012709893 -0.4840308 1.3711984 -4.3709626e-08 2.3307852e-05 0.99999994 0.2275723 0.40345913
0.024957443 -0.47644234 1.3711984 -4.3711992e-08 -8.0186965e-06 0.99999994 0.23958379 0.40464213
-0.02493982 -0.47644234 1.3711984 -4.37095e-08 2.5016077e-05 0.99999994 0.2236724 0.40464213
8.810545e-06 -0.48659313 1.3711984 -4.3711385e-08 3.3001179e-15 0.99999994 0.23162808 0.40305966
0.012727516 -0.4840308 1.3711984 -4.3711385e-08 3.3001179e-15 0.99999994 0.23568386 0.40345913
-0.012709893 -0.4840308 1.3711984 -4.3711385e-08 3.3001179e-15 0.99999994 0.2275723 0.40345913
0.058603257 -0.16178703 0.492925 0.96456975 -0.25205627 -0.07792855 0.2176873 0.5646706
0.065115415 -0.4084033 1.3711984 0.9645696 -0.25205666 -0.077928685 0.016961375 0.7637406
0.058603197 -0.43332425 1.3711984 0.9645696 -0.25205666 -0.07792869 0.01360769 0.7610896
-0.013739321 -0.22308008 0.492925 -0.50993526 -0.82183087 -0.25408688 0.35797957 0.6904302
-0.026959235 -0.48641458 1.3711984 -0.5099352 -0.82183087 -0.25408676 0.16512078 0.8974993
-0.026959177 -0.21487735 0.492925 -0.50993526 -0.82183087 -0.25408688 0.35488147 0.6874102
0.065115474 -0.1368661 0.492925 0.98816556 -0.14654681 -0.045308024 0.22104093 0.56732166
0.06912561 -0.38136253 1.3711984 0.9881655 -0.14654706 -0.045308206 0.020434938 0.7664418
0.065115415 -0.4084033 1.3711984 0.9881655 -0.14654706 -0.04530821 0.016961375 0.7637406
8.86862e-06 -0.2258498 0.492925 -0.18899992 -0.93816215 -0.29005307 0.3612045 0.6934312
-0.01373938 -0.4946173 1.3711984 -0.18900283 -0.9381616 -0.29005298 0.16821891 0.9005194
-0.013739321 -0.22308008 0.492925 -0.1889999 -0.9381622 -0.29005307 0.35797957 0.6904302
0.06912567 -0.109825335 0.492925 0.9999905 -0.0043519614 -9.232023e-05 0.2245145 0.5700229
0.07005492 0.08506444 1.3711984 0.9999975 -0.0021833007 -0.000573545 0.07665729 0.8091227
0.06912561 -0.38136253 1.3711984 0.99999785 -0.0019923858 -0.00061590876 0.020434938 0.7664418
-0.06910792 -0.10982532 0.492925 -0.9999905 -0.004351811 -9.240941e-05 0.314583 0.65273666
-0.07003721 0.08506444 1.3711984 -0.9999975 -0.00218315 -0.0005736434 0.0894293 0.8210705
-0.07003717 0.08506444 0.492925 -0.9999886 -0.0047680493 -4.371089e-08 0.29471695 0.6308799
8.86862e-06 -0.2258498 0.492925 0.18899985 -0.9381622 -0.2900531 0.3612045 0.6934312
0.013757 -0.4946173 1.3711984 0.18900272 -0.9381616 -0.29005292 0.17467159 0.90638685
8.8097295e-06 -0.49738702 1.3711984 0.18900274 -0.93816155 -0.29005292 0.17144382 0.90352035
-0.07003717 0.08506444 0.492925 -1.1163983e-08 0.99999994 -3.7881113e-15 0.6563736 0.48203433
0.07005492 0.08506444 1.3711984 -7.404567e-08 0.99999994 -6.536757e-15 0.43433234 0.6584097
0.070054956 0.08506444 0.492925 -3.2372518e-09 0.99999994 -3.4416228e-15 0.6234238 0.45186833
-0.06509772 -0.1368661 0.492925 -0.98816556 -0.14654683 -0.04530822 0.31757957 0.65595895
-0.06910798 -0.38136253 1.3711984 -0.9881655 -0.14654708 -0.04530821 0.13689427 0.8733169
-0.06910792 -0.10982532 0.492925 -0.9881655 -0.14654681 -0.045308214 0.314583 0.65273666
-0.0647642 0.07432253 1.3711984 -4.3711378e-08 1.1467391e-07 0.99999994 0.21097307 0.49050498
-0.06910798 -0.38136253 1.3711984 -4.371142e-08 -4.863219e-07 0.99999994 0.20958792 0.41946483
-0.06385958 -0.3797477 1.3711984 -4.371142e-08 -4.9652755e-07 0.99999994 0.21126153 0.41971663
-0.06385958 -0.3797477 1.3711984 -4.3710916e-08 6.1995984e-06 0.99999994 0.21126153 0.41971663
-0.06509778 -0.4084033 1.3711984 -4.371123e-08 2.0732973e-06 0.99999994 0.21086667 0.41524923
-0.060222488 -0.40427268 1.3711984 -4.3711385e-08 3.3001179e-15 0.99999994 0.21242133 0.41589323
-0.054197926 -0.42732745 1.3711984 -4.371124e-08 1.9435781e-06 0.99999994 0.21434247 0.412299
-0.06509778 -0.4084033 1.3711984 -4.37109e-08 6.4218684e-06 0.99999994 0.21086667 0.41524923
-0.05858557 -0.43332425 1.3711984 -4.3711385e-08 3.3001179e-15 0.99999994 0.2129433 0.41136417
-0.046090234 -0.44753516 1.3711984 -4.37106e-08 1.0417864e-05 0.99999994 0.21692787 0.4091487
-0.05858557 -0.43332425 1.3711984 -4.3711562e-08 -2.3462705e-06 0.99999994 0.2129433 0.41136417
-0.049821623 -0.45516762 1.3711984 -4.371018e-08 1.595752e-05 0.99999994 0.21573798 0.4079588
-0.036210984 -0.4641193 1.3711984 -4.37106e-08 1.0417927e-05 0.99999994 0.2200782 0.4065633
-0.049821623 -0.45516762 1.3711984 -4.3711562e-08 -2.3462721e-06 0.99999994 0.21573798 0.4079588
-0.039142724 -0.47309402 1.3711984 -4.371018e-08 1.59576e-05 0.99999994 0.21914332 0.40516415
-0.036210984 -0.4641193 1.3711984 -4.3711385e-08 3.3001179e-15 0.99999994 0.2200782 0.4065633
-0.026959235 -0.48641458 1.3711984 -4.3711385e-08 3.3001179e-15 0.99999994 0.22302844 0.40308753
-0.02493982 -0.47644234 1.3711984 -4.3711385e-08 3.3001179e-15 0.99999994 0.2236724 0.40464213
-0.02493982 -0.47644234 1.3711984 -4.3711385e-08 3.3001179e-15 0.99999994 0.2236724 0.40464213
-0.01373938 -0.4946173 1.3711984 -4.3711385e-08 3.3001179e-15 0.99999994 0.227244 0.4018087
-0.012709893 -0.4840308 1.3711984 -4.3711385e-08 3.3001179e-15 0.99999994 0.2275723 0.40345913
8.810545e-06 -0.48659313 1.3711984 -4.3711385e-08 3.3001179e-15 0.99999994 0.23162808 0.40305966
-0.01373938 -0.4946173 1.3711984 -4.3711385e-08 3.3001179e-15 0.99999994 0.227244 0.4018087
8.8097295e-06 -0.49738702 1.3711984 -4.3711385e-08 3.3001179e-15 0.99999994 0.23162808 0.40137693
8.810545e-06 -0.48659313 1.3711984 -4.3711385e-08 3.3001179e-15 0.99999994 0.23162808 0.40305966
0.013757 -0.4946173 1.3711984 -4.3711385e-08 3.3001179e-15 0.99999994 0.23601216 0.4018087
0.012727516 -0.4840308 1.3711984 -4.3711385e-08 3.3001179e-15 0.99999994 0.23568386 0.40345913
0.024957443 -0.47644234 1.3711984 -4.3711385e-08 3.3001179e-15 0.99999994 0.23958379 0.40464213
0.013757 -0.4946173 1.3711984 -4.3711385e-08 3.3001179e-15 0.99999994 0.23601216 0.4018087
0.026976857 -0.48641458 1.3711984 -4.3711385e-08 3.3001179e-15 0.99999994 0.24022774 0.40308753
0.036228586 -0.4641193 1.3711984 -4.37121e-08 -9.446142e-06 0.99999994 0.24317797 0.4065633
0.026976857 -0.48641458 1.3711984 -4.3710966e-08 5.557238e-06 0.99999994 0.24022774 0.40308753
0.039160315 -0.47309402 1.3711984 -4.3712593e-08 -1.59576e-05 0.99999994 0.24411283 0.40516415
0.04610785 -0.44753525 1.3711984 -4.3711314e-08 9.717874e-07 0.99999994 0.24632831 0.4091487
0.039160315 -0.47309402 1.3711984 -4.3711143e-08 3.2109342e-06 0.99999994 0.24411283 0.40516415
0.049839236 -0.45516768 1.3711984 -4.3711385e-08 3.3001179e-15 0.99999994 0.24751818 0.4079588
0.04610785 -0.44753525 1.3711984 -4.371247e-08 -1.43049965e-05 0.99999994 0.24632831 0.4091487
0.058603197 -0.43332425 1.3711984 -4.371218e-08 -1.0497408e-05 0.99999994 0.25031286 0.41136417
0.054215554 -0.42732745 1.3711984 -4.371204e-08 -8.624573e-06 0.99999994 0.24891372 0.412299
0.054215554 -0.42732745 1.3711984 -4.371124e-08 1.943573e-06 0.99999994 0.24891372 0.412299
0.065115415 -0.4084033 1.3711984 -4.37109e-08 6.4218502e-06 0.99999994 0.2523895 0.41524923
0.060240123 -0.40427268 1.3711984 -4.3710735e-08 8.624585e-06 0.99999994 0.25083485 0.41589323
0.06387722 -0.3797477 1.3711984 -4.3711534e-08 -1.9617055e-06 0.99999994 0.25199467 0.4197166
0.065115415 -0.4084033 1.3711984 -4.371188e-08 -6.5112845e-06 0.99999994 0.2523895 0.41524923
0.06912561 -0.38136253 1.3711984 -4.3711385e-08 3.3001179e-15 0.99999994 0.2536683 0.41946483
0.064781904 0.07432254 1.3711984 -4.3711378e-08 1.1467391e-07 0.99999994 0.25228316 0.49050498
0.06912561 -0.38136253 1.3711984 -4.371142e-08 -4.8632387e-07 0.99999994 0.2536683 0.41946483
0.07005492 0.08506444 1.3711984 -4.3711378e-08 1.2084352e-07 0.99999994 0.25396463 0.49217963
0.064781904 0.07432254 1.3711984 -4.37114e-08 -1.5448181e-07 0.99999994 0.25228316 0.49050498
-0.07003721 0.08506444 1.3711984 -4.371206e-08 -8.894337e-06 0.99999994 0.20929159 0.49217966
-0.0647642 0.07432253 1.3711984 -4.371209e-08 -9.35936e-06 0.99999994 0.21097307 0.49050498
-0.06786911 0.19340427 -1.8006117 4.37128e-08 1.8742367e-05 -0.99999994 0.40480658 0.44412485
-0.07003706 0.18938859 -1.8006117 4.3712916e-08 2.027556e-05 -0.99999994 0.4041806 0.44343355
-0.07046187 0.198211 -1.8006117 4.3710312e-08 -1.4208896e-05 -0.99999994 0.40555596 0.4432981
-0.06291603 0.14489709 -1.8006117 4.3710248e-08 -1.5054299e-05 -0.99999994 0.39724445 0.44570434
-0.06910779 0.17008953 -1.8006117 4.3711847e-08 6.0777634e-06 -0.99999994 0.4011719 0.44372988
-0.066791855 0.17103183 -1.8006117 4.3712085e-08 9.224449e-06 -0.99999994 0.40131882 0.4444684
-0.06291603 0.14489709 -1.8006117 4.371373e-08 3.1055213e-05 -0.99999994 0.39724445 0.44570434
-0.05858539 0.11812781 -1.8006117 4.3711086e-08 -4.00392e-06 -0.99999994 0.39307117 0.44708532
-0.0650976 0.14304875 -1.8006117 4.3714078e-08 3.566132e-05 -0.99999994 0.3969563 0.4450087
-0.056622036 0.12081121 -1.8006117 4.3713587e-08 2.9162153e-05 -0.99999994 0.39348954 0.44771138
-0.049821444 0.09628445 -1.8006117 4.370985e-08 -2.030703e-05 -0.99999994 0.38966587 0.44987997
-0.05858539 0.11812781 -1.8006117 4.3714078e-08 3.5661484e-05 -0.99999994 0.39307117 0.44708532
-0.048151746 0.09969976 -1.8006117 4.371366e-08 3.0108758e-05 -0.99999994 0.3901983 0.45041242
-0.03914254 0.078358054 -1.8006117 4.3710468e-08 -1.2155444e-05 -0.99999994 0.3868712 0.45328534
-0.049821444 0.09628445 -1.8006117 4.3714078e-08 3.5661484e-05 -0.99999994 0.38966587 0.44987997
-0.02605542 0.06949984 -1.8006117 4.3716078e-08 6.211041e-05 -0.99999994 0.38549024 0.4574586
-0.03914254 0.078358054 -1.8006117 4.371078e-08 -8.007837e-06 -0.99999994 0.3868712 0.45328534
-0.037830666 0.08237404 -1.8006117 4.3709992e-08 -1.8448862e-05 -0.99999994 0.38749728 0.45370364
-0.013278531 0.061571963 -1.8006117 4.3711633e-08 3.3131075e-06 -0.99999994 0.3842543 0.4615329
-0.026959054 0.06503752 -1.8006117 4.371354e-08 2.8530481e-05 -0.99999994 0.38479456 0.4571704
-0.02605542 0.06949984 -1.8006117 4.3713822e-08 3.2285512e-05 -0.99999994 0.38549024 0.4574586
8.990372e-06 0.05889504 -1.8006117 4.3711903e-08 6.8628574e-06 -0.99999994 0.38383695 0.46577007
-0.013739199 0.056834787 -1.8006117 4.3715847e-08 5.909891e-05 -0.99999994 0.38351578 0.461386
-0.013278531 0.061571963 -1.8006117 4.3716433e-08 6.687717e-05 -0.99999994 0.3842543 0.4615329
8.990372e-06 0.05889504 -1.8006117 4.3711903e-08 6.8628565e-06 -0.99999994 0.38383695 0.46577007
0.01375718 0.056834787 -1.8006117 4.3715847e-08 5.9098908e-05 -0.99999994 0.38351578 0.47015414
8.990008e-06 0.05406506 -1.8006117 4.3711385e-08 -3.3001179e-15 -0.99999994 0.38308397 0.46577007
0.013296512 0.061571963 -1.8006117 4.3711065e-08 -4.259691e-06 -0.99999994 0.3842543 0.4700072
0.026977038 0.065037526 -1.8006117 4.3708617e-08 -3.6682028e-05 -0.99999994 0.38479456 0.47436973
0.01375718 0.056834787 -1.8006117 4.3711385e-08 -3.3001179e-15 -0.99999994 0.38351578 0.47015414
0.03784862 0.08237401 -1.8006117 4.371142e-08 4.7330317e-07 -0.99999994 0.38749728 0.47783652
0.026977038 0.065037526 -1.8006117 4.3711694e-08 4.075792e-06 -0.99999994 0.38479456 0.47436973
0.026073404 0.06949985 -1.8006117 4.3711733e-08 4.6122263e-06 -0.99999994 0.38549024 0.4740816
0.048169717 0.09969973 -1.8006117 4.371153e-08 1.8932035e-06 -0.99999994 0.3901983 0.4811277
0.039160497 0.07835802 -1.8006117 4.3712614e-08 1.6303069e-05 -0.99999994 0.3868712 0.47825485
0.03784862 0.08237401 -1.8006117 4.371278e-08 1.8448793e-05 -0.99999994 0.38749728 0.47783652
0.048169717 0.09969973 -1.8006117 4.3711314e-08 -9.4660095e-07 -0.99999994 0.3901983 0.4811277
0.058603376 0.11812779 -1.8006117 4.371077e-08 -8.151589e-06 -0.99999994 0.39307117 0.48445487
0.049839415 0.096284404 -1.8006117 4.3711385e-08 -3.3001179e-15 -0.99999994 0.38966587 0.48166016
0.062934026 0.14489709 -1.8006117 4.371373e-08 3.1055213e-05 -0.99999994 0.39724445 0.48583582
0.058603376 0.11812779 -1.8006117 4.3711086e-08 -4.003913e-06 -0.99999994 0.39307117 0.48445487
0.05664002 0.120811194 -1.8006117 4.371069e-08 -9.224427e-06 -0.99999994 0.39348954 0.48382875
0.06680986 0.17103183 -1.8006117 4.371146e-08 9.4659936e-07 -0.99999994 0.40131882 0.48707175
0.06511559 0.14304875 -1.8006117 4.3712003e-08 8.151568e-06 -0.99999994 0.3969563 0.4865315
0.062934026 0.14489709 -1.8006117 4.3712085e-08 9.224429e-06 -0.99999994 0.39724445 0.48583582
0.06680986 0.17103183 -1.8006117 4.3711385e-08 -3.3001179e-15 -0.99999994 0.40131882 0.48707175
0.07005507 0.18938859 -1.8006117 4.3711385e-08 -3.3001179e-15 -0.99999994 0.4041806 0.4881066
0.069125794 0.17008956 -1.8006117 4.3711385e-08 -3.3001179e-15 -0.99999994 0.4011719 0.48781025
-0.06786911 0.19340427 -1.8006117 4.3711395e-08 1.0247876e-07 -0.99999994 0.40480658 0.44412485
0.07047987 0.19821101 -1.8006117 4.3712454e-08 1.41810115e-05 -0.99999994 0.40555596 0.4882421
0.06788711 0.19340427 -1.8006117 4.3712483e-08 1.4515752e-05 -0.99999994 0.40480658 0.48741525
-0.066791855 0.17103183 -1.8006117 4.3711385e-08 -3.3001179e-15 -0.99999994 0.40131882 0.4444684
-0.07003706 0.18938859 -1.8006117 4.3711385e-08 -3.3001179e-15 -0.99999994 0.4041806 0.44343355
-0.06769844 0.18985972 -1.8006117 4.3711385e-08 -3.3001179e-15 -0.99999994 0.40425402 0.44417933
0.06788711 0.19340427 -1.8006117 4.37128e-08 1.8742281e-05 -0.99999994 0.40480658 0.48741525
0.07005507 0.18938859 -1.8006117 4.3712916e-08 2.0275496e-05 -0.99999994 0.4041806 0.4881066
0.06771644 0.18985972 -1.8006117 4.3716724e-08 7.073177e-05 -0.99999994 0.404254 0.48736086
-0.07003706 0.18938859 -1.8006117 -0.9988421 -0.048095167 -0.0011816564 0.82020485 0.12253752
-0.06910779 0.17008953 -1.8006117 -0.9891162 -0.14668779 -0.011487341 0.8222239 0.12474282
-0.0650976 0.14304875 -1.8006117 -0.9673224 -0.25277567 -0.019795187 0.82522047 0.12796505
-0.05858539 0.11812781 -1.8006117 -0.92769206 -0.37220675 -0.029147979 0.8281564 0.1310723
-0.049821444 0.09628445 -1.8006117 -0.858426 -0.51137197 -0.040046174 0.84485275 0.14355987
-0.03914254 0.078358054 -1.8006117 -0.7368701 -0.6739709 -0.052779444 0.84734946 0.14627375
-0.026959054 0.06503752 -1.8006117 -0.5260745 -0.8478427 -0.06639556 0.85020167 0.1491969
-0.013739199 0.056834787 -1.8006117 -0.19691399 -0.9774283 -0.07654351 0.8532998 0.15221697
0.01375718 0.056834787 -1.8006117 0.19691385 -0.9774283 -0.076543495 0.85975254 0.15808444
0.026977038 0.065037526 -1.8006117 0.5260749 -0.8478426 -0.0663955 0.8628592 0.16070636
0.039160497 0.07835802 -1.8006117 0.7368699 -0.6739711 -0.052779406 0.8657253 0.16298288
0.049839415 0.096284404 -1.8006117 0.8584258 -0.51137215 -0.040046126 0.6958324 0.01001666
0.058603376 0.11812779 -1.8006117 0.9276919 -0.37220696 -0.029147904 0.6989373 0.012515481
0.06511559 0.14304875 -1.8006117 0.96732235 -0.2527758 -0.019795125 0.70229095 0.015166455
0.069125794 0.17008956 -1.8006117 0.9891162 -0.14668772 -0.011487248 0.7057645 0.017867727
0.07047987 0.19821101 -1.8006117 0.9988427 -0.048095174 4.379812e-08 0.70922446 0.020515433
-0.07046187 0.198211 -1.8006117 7.5497894e-08 0.99999994 -6.810389e-08 0.25396463 0.008282401
0.06788711 0.19340427 -1.8006117 4.3710116e-08 -1.683963e-05 -0.99999994 0.40480658 0.48741525
0.06680986 0.17103183 -1.8006117 4.371113e-08 -3.3910114e-06 -0.99999994 0.40131882 0.48707175
0.062934026 0.14489709 -1.8006117 4.3711445e-08 7.812196e-07 -0.99999994 0.39724445 0.48583582
0.05664002 0.120811194 -1.8006117 4.371161e-08 2.9710345e-06 -0.99999994 0.39348954 0.48382875
0.048169717 0.09969973 -1.8006117 4.3712134e-08 9.932829e-06 -0.99999994 0.3901983 0.4811277
-0.037830666 0.08237404 -1.8006117 4.3711385e-08 -3.3001179e-15 -0.99999994 0.38749728 0.45370364
-0.02605542 0.06949984 -1.8006117 4.371485e-08 4.5839948e-05 -0.99999994 0.38549024 0.4574586
-0.039142597 -0.022264326 -0.6904489 -0.85401213 -0.5087427 -0.10883102 0.60761297 0.40594405
0.049839363 0.017248537 -0.7913574 0.8540121 -0.50874275 -0.10883123 0.4893774 0.25702247
-0.013739257 -0.043787602 -0.6904489 -0.518737 -0.8360187 -0.17884246 0.61356336 0.4118873
-0.06509766 0.042426363 -0.6904489 -0.9886946 -0.14662522 -0.031366304 0.5759582 0.3796328
-0.07046192 0.19821106 -0.6904489 7.5497894e-08 0.99999994 0 0.25396463 0.36224416
0.06511555 0.06401287 -0.7913574 0.9661 -0.2524564 -0.05400577 0.495836 0.26217228
0.013757129 -0.02220108 -0.7913574 0.193289 -0.95943445 -0.20524381 0.64181346 0.39385003
-0.0498215 -0.0043379455 -0.6904489 -0.92515594 -0.37118897 -0.079405434 0.58165663 0.38561288
0.039160408 -0.022264369 0.12264699 0.7378989 -0.67491126 3.2254587e-08 0.4504415 0.61104995
-0.05858548 0.017505422 0.12264699 -0.96751195 -0.25282517 -4.229129e-08 0.38884106 0.55881643
0.07005498 0.15782084 0.12264699 0.99994475 -0.010517103 4.3708972e-08 0.32905024 0.5012646
0.026976947 -0.035584874 0.12264699 0.5272377 -0.8497178 2.3046294e-08 0.4475754 0.60877347
-0.0650977 0.042426363 0.12264699 -0.9891814 -0.14669745 -4.3238494e-08 0.38590515 0.5557092
0.013757087 -0.043787602 0.12264699 0.19749336 -0.9803042 8.632712e-09 0.44446874 0.6061515
-0.06910789 0.06946715 0.12264699 -0.99994475 -0.010516953 -4.3708972e-08 0.38290858 0.55248696
8.898342e-06 -0.04655733 0.12264699 -0.1974935 -0.9803042 -8.632712e-09 0.44124094 0.603285
0.026976988 -0.013998346 -0.7913574 0.5187379 -0.836018 -0.17884257 0.64492005 0.39647195
0.06912574 0.09105367 -0.7913574 0.9886948 -0.1466251 -0.031366203 0.49930954 0.26487356
-0.058585446 0.017505422 -0.6904489 -0.9660999 -0.2524564 -0.054005828 0.57889414 0.38274005
8.933884e-06 -0.04655733 -0.6904489 -0.19328883 -0.9594344 -0.20524399 0.6167882 0.41488826
0.058603328 0.03909194 -0.7913574 0.925156 -0.37118906 -0.07940536 0.4924823 0.25952134
-0.06910785 0.06946715 -0.6904489 -0.99994224 -0.010516927 -0.0022498036 0.5729616 0.37641054
-0.02695911 -0.035584867 -0.6904489 -0.7303261 -0.66798526 -0.1428965 0.6104652 0.4088672
0.039160445 -0.00067784195 -0.7913574 0.7303264 -0.6679849 -0.14289652 0.6477862 0.39874846
0.070479825 0.19821107 -0.7913574 0.9999201 -0.01263532 4.3707896e-08 0.51228786 0.27474448
0.07005502 0.16459307 -0.7913574 0.99991983 -0.0126354145 -0.00084805145 0.5082162 0.27164772
-0.07003711 0.15782082 -0.6904489 -0.99994445 -0.010516909 -0.0007057904 0.5639239 0.3664769
0.070055015 0.15782084 -0.6904489 -4.3711427e-08 -5.4928586e-07 0.99999994 0.2953077 0.60229224
0.06771644 0.18985972 -1.8006117 4.3711896e-08 6.7337824e-06 -0.99999994 0.404254 0.48736086
0.07005507 0.18938859 -1.8006117 0.998842 -0.04809541 -0.0011815714 0.708139 0.019684771
-0.07046187 0.198211 -1.8006117 -0.9988427 -0.04809502 -4.3660798e-08 0.8192818 0.1215294
-0.070037164 0.06037924 0.33442008 -9.800465e-08 0.9084481 0.41799742 0.6904556 0.44480714
0.013757087 -0.043787602 0.12264699 0.16151524 -0.80171794 -0.57546604 0.44446874 0.6061515
-0.06910791 -0.08254171 0.33442008 -0.99996805 -0.006501698 -0.0046670004 0.34885886 0.6153588
0.07005498 0.15782084 0.12264699 0.99993294 -0.010516978 -0.0048390687 0.32905024 0.5012646
8.877609e-06 -0.1985662 0.33442008 -0.16151403 -0.80171806 -0.5754663 0.3954399 0.65604293
0.0691257 0.06946714 0.12264699 0.9837428 -0.14589083 -0.10471882 0.31835946 0.49313647
-0.013739313 -0.19579647 0.33442008 -0.45012143 -0.7254326 -0.5207093 0.392215 0.65304196
0.0651155 0.042426355 0.12264699 0.9519632 -0.24876218 -0.17855935 0.31488588 0.49043524
-0.049821533 -0.0043379455 0.12264699 -0.92808646 -0.37236473 -4.056795e-08 0.39160356 0.5616893
0.049839325 -0.0043379874 0.12264699 0.8591147 -0.51178294 3.7553097e-08 0.30842733 0.4852854
-0.03914263 -0.022264326 0.12264699 -0.8591152 -0.5117824 -3.7553118e-08 0.4320657 0.59434086
0.058603287 0.017505415 0.12264699 0.92808646 -0.37236485 4.0567947e-08 0.31153223 0.48778424
-0.07003715 0.15782082 0.12264699 7.5497894e-08 0.99999994 0 0.7362237 0.39481544
-0.026959145 -0.035584867 0.12264699 -0.73789907 -0.67491114 -3.225459e-08 0.43491793 0.597264
0.0651155 0.042426355 0.12264699 0.96751195 -0.2528253 4.229129e-08 0.31488588 0.49043524
-0.0137392925 -0.043787602 0.12264699 -0.5272377 -0.84971786 -2.3046288e-08 0.43801603 0.60028404
0.0691257 0.06946714 0.12264699 0.98918134 -0.14669743 4.323849e-08 0.31835946 0.49313647
0.069125675 -0.08254173 0.33442008 0.9719229 -0.14413801 -0.18598452 0.2587295 0.5325893
-0.013739319 -0.2477653 0.37469587 -0.35529315 -0.57260394 -0.7388447 0.38349235 0.6636353
0.06511548 -0.10958249 0.33442008 0.91980463 -0.24035847 -0.31014037 0.2552559 0.5298881
-0.026959173 -0.23956257 0.37469587 -0.5564665 -0.50896704 -0.65673244 0.38039425 0.66061527
0.058603264 -0.13450342 0.33442008 0.8365378 -0.3356335 -0.43307582 0.25190228 0.5272371
-0.03914266 -0.22624204 0.37469587 -0.7169054 -0.42706645 -0.55105436 0.37754202 0.65769213
0.049839303 -0.15634686 0.33442008 0.71690404 -0.42706764 -0.55105525 0.24879737 0.52473825
-0.04982156 -0.20831561 0.37469587 -0.83653766 -0.3356331 -0.4330762 0.35342187 0.6390991
-0.06509771 -0.10958248 0.33442008 -0.9837427 -0.14589103 -0.10471933 0.35185543 0.6185811
0.026976947 -0.035584874 0.12264699 0.45012033 -0.72543323 -0.5207096 0.4475754 0.60877347
-0.058585502 -0.13450342 0.33442008 -0.9519633 -0.24876201 -0.17855918 0.35479134 0.62168837
0.039160408 -0.022264369 0.12264699 0.664077 -0.6073909 -0.4359794 0.4504415 0.61104995
-0.049821556 -0.1563468 0.33442008 -0.89661235 -0.3597368 -0.2582162 0.35755387 0.6245612
0.049839325 -0.0043379874 0.12264699 0.80642354 -0.48039415 -0.34482253 0.30842733 0.4852854
-0.039142657 -0.17427321 0.33442008 -0.8064244 -0.48039314 -0.34482193 0.38626468 0.6470987
0.058603287 0.017505415 0.12264699 0.8966125 -0.359737 -0.25821573 0.31153223 0.48778424
-0.026959168 -0.18759374 0.33442008 -0.6640773 -0.60739046 -0.43597955 0.38911685 0.6500219
-0.06509772 -0.16155131 0.37469587 -0.98871773 -0.14662875 0.030614803 0.34772345 0.633119
-0.07003717 0.08506444 0.492925 1.1270186e-08 0.97889084 -0.20438382 0.6563736 0.48203433
0.013757058 -0.22308008 0.492925 0.19348173 -0.9603936 0.20052184 0.3644323 0.6962977
-0.06910791 -0.13451055 0.37469587 -0.9999881 -0.004768047 0.0009954945 0.34472686 0.6298968
0.070054956 0.08506444 0.492925 0.9999881 -0.004768198 0.0009955163 0.24803549 0.58788747
8.871925e-06 -0.250535 0.37469587 -0.19347923 -0.960394 0.20052202 0.3867173 0.6666363
0.06912567 -0.109825335 0.492925 0.9887177 -0.1466288 0.030614795 0.2245145 0.5700229
-0.013739319 -0.2477653 0.37469587 -0.51913136 -0.8366526 0.17468582 0.38349235 0.6636353
8.871925e-06 -0.250535 0.37469587 -0.12248015 -0.6079592 -0.7844644 0.3867173 0.6666363
0.07005496 0.060379248 0.33442008 0.9999789 -0.006501921 4.3710465e-08 0.27599183 0.5457044
-0.06910791 -0.13451055 0.37469587 -0.99996966 -0.0047679604 -0.0061522555 0.34472686 0.6298968
0.013757067 -0.19579647 0.33442008 0.122478805 -0.6079592 -0.7844645 0.39866772 0.65890944
-0.070037164 0.06037924 0.37469587 -3.1810615e-08 0.99999994 -4.690604e-15 0.6817843 0.4542787
-0.06509772 -0.16155131 0.37469587 -0.97192276 -0.14413822 -0.18598467 0.34772345 0.633119
0.026976924 -0.18759374 0.33442008 0.355293 -0.5726038 -0.7388448 0.40177438 0.6615313
-0.058585506 -0.18647225 0.37469587 -0.9198045 -0.24035858 -0.3101408 0.3506594 0.6362263
0.039160382 -0.17427321 0.33442008 0.55646855 -0.508966 -0.6567316 0.4046405 0.66380787
-0.026959235 -0.48641458 1.3711984 -0.72234064 -0.6606817 -0.20426404 0.16512078 0.8974993
0.058603257 -0.16178703 0.492925 0.921997 -0.36992085 -0.11436894 0.2176873 0.5646706
-0.039142724 -0.47309402 1.3711984 -0.8485583 -0.5054938 -0.1562843 0.16226858 0.89457613
0.04983929 -0.18363047 0.492925 0.84855735 -0.5054953 -0.15628475 0.2145824 0.5621718
-0.049821623 -0.45516762 1.3711984 -0.92199665 -0.36992148 -0.11436923 0.14558929 0.8825192
0.039160375 -0.20155682 0.492925 0.72234255 -0.6606798 -0.20426337 0.37040505 0.70119613
-0.05858557 -0.43332425 1.3711984 -0.9645696 -0.2520565 -0.07792872 0.14282681 0.87964636
0.026976915 -0.21487735 0.492925 0.5099351 -0.821831 -0.25408685 0.36753893 0.69891965
0.026976915 -0.21487735 0.492925 0.5191312 -0.8366526 0.17468591 0.36753893 0.69891965
-0.058585506 -0.18647225 0.37469587 -0.9661668 -0.2524736 0.052714217 0.3506594 0.6362263
0.039160375 -0.20155682 0.492925 0.7306804 -0.668308 0.13953692 0.37040505 0.70119613
-0.04982156 -0.20831561 0.37469587 -0.9252941 -0.3712446 0.077512644 0.35342187 0.6390991
0.04983929 -0.18363047 0.492925 0.8542509 -0.50888693 0.106251225 0.2145824 0.5621718
-0.03914266 -0.22624204 0.37469587 -0.85425293 -0.5088838 0.106250495 0.37754202 0.65769213
0.058603257 -0.16178703 0.492925 0.9252944 -0.37124392 0.07751251 0.2176873 0.5646706
-0.026959173 -0.23956257 0.37469587 -0.7306798 -0.6683086 0.13953713 0.38039425 0.66061527
0.065115474 -0.1368661 0.492925 0.9661668 -0.25247368 0.052714296 0.22104093 0.56732166
0.06387722 -0.3797477 1.3711984 -4.3711385e-08 -7.6551085e-09 0.99999994 0.25199467 0.4197166
0.060240123 -0.40427268 1.3711984 -4.3710145e-08 1.6431703e-05 0.99999994 0.25083485 0.41589323
0.054215554 -0.42732745 1.3711984 -4.371196e-08 -7.579396e-06 0.99999994 0.24891372 0.412299
0.04610785 -0.44753525 1.3711984 -4.371206e-08 -8.89707e-06 0.99999994 0.24632831 0.4091487
-0.036210984 -0.4641193 1.3711984 -4.3710195e-08 1.5769261e-05 0.99999994 0.2200782 0.4065633
0.024957443 -0.47644234 1.3711984 -4.3712546e-08 -1.5404717e-05 0.99999994 0.23958379 0.40464213
0.012727516 -0.4840308 1.3711984 -4.3713236e-08 -2.453539e-05 0.99999994 0.23568386 0.40345913
0.065115474 -0.1368661 0.492925 0.9645698 -0.25205627 -0.07792855 0.22104093 0.56732166
-0.01373938 -0.4946173 1.3711984 -0.5099352 -0.82183087 -0.25408676 0.16821891 0.9005194
0.06912567 -0.109825335 0.492925 0.9881656 -0.14654683 -0.045308027 0.2245145 0.5700229
8.8097295e-06 -0.49738702 1.3711984 -0.18900284 -0.93816155 -0.29005298 0.17144382 0.90352035
0.070054956 0.08506444 0.492925 0.9999886 -0.0047682007 4.371089e-08 0.24803549 0.58788747
-0.06910798 -0.38136253 1.3711984 -0.99999785 -0.001992235 -0.000616008 0.13689427 0.8733169
0.013757058 -0.22308008 0.492925 0.18899982 -0.9381622 -0.29005307 0.3644323 0.6962977
-0.07003721 0.08506444 1.3711984 -8.19724e-08 0.99999994 -6.8832455e-15 0.46728218 0.68857574
-0.06509778 -0.4084033 1.3711984 -0.9881655 -0.14654708 -0.045308217 0.13989085 0.8765391
-0.07003721 0.08506444 1.3711984 -4.3711378e-08 1.2084352e-07 0.99999994 0.20929159 0.49217966
-0.06910798 -0.38136253 1.3711984 -4.3710784e-08 7.978792e-06 0.99999994 0.20958792 0.41946483
-0.060222488 -0.40427268 1.3711984 -4.3710735e-08 8.624609e-06 0.99999994 0.21242133 0.41589323
-0.054197926 -0.42732745 1.3711984 -4.371204e-08 -8.624587e-06 0.99999994 0.21434247 0.412299
-0.046090234 -0.44753516 1.3711984 -4.371204e-08 -8.624577e-06 0.99999994 0.21692787 0.4091487
-0.039142724 -0.47309402 1.3711984 -4.3711385e-08 3.3001179e-15 0.99999994 0.21914332 0.40516415
-0.026959235 -0.48641458 1.3711984 -4.3711385e-08 3.3001179e-15 0.99999994 0.22302844 0.40308753
-0.012709893 -0.4840308 1.3711984 -4.3711385e-08 3.3001179e-15 0.99999994 0.2275723 0.40345913
8.8097295e-06 -0.49738702 1.3711984 -4.3711385e-08 3.3001179e-15 0.99999994 0.23162808 0.40137693
0.012727516 -0.4840308 1.3711984 -4.3711385e-08 3.3001179e-15 0.99999994 0.23568386 0.40345913
0.024957443 -0.47644234 1.3711984 -4.3710408e-08 1.2936934e-05 0.99999994 0.23958379 0.40464213
0.036228586 -0.4641193 1.3711984 -4.371106e-08 4.3123027e-06 0.99999994 0.24317797 0.4065633
0.049839236 -0.45516768 1.3711984 -4.3712593e-08 -1.5957487e-05 0.99999994 0.24751818 0.4079588
0.058603197 -0.43332425 1.3711984 -4.3711385e-08 3.3001179e-15 0.99999994 0.25031286 0.41136417
0.060240123 -0.40427268 1.3711984 -4.3712053e-08 -8.797264e-06 0.99999994 0.25083485 0.41589323
0.06387722 -0.3797477 1.3711984 -4.371142e-08 -4.965274e-07 0.99999994 0.25199467 0.4197166
0.07005492 0.08506444 1.3711984 -4.3711385e-08 3.3001179e-15 0.99999994 0.25396463 0.49217963
-0.06769844 0.18985972 -1.8006117 4.3716724e-08 7.073192e-05 -0.99999994 0.40425402 0.44417933
-0.0650976 0.14304875 -1.8006117 4.371004e-08 -1.783066e-05 -0.99999994 0.3969563 0.4450087
-0.056622036 0.12081121 -1.8006117 4.371069e-08 -9.2244345e-06 -0.99999994 0.39348954 0.44771138
-0.048151746 0.09969976 -1.8006117 4.3709296e-08 -2.7673286e-05 -0.99999994 0.3901983 0.45041242
-0.037830666 0.08237404 -1.8006117 4.3709992e-08 -1.8448834e-05 -0.99999994 0.38749728 0.45370364
-0.026959054 0.06503752 -1.8006117 4.371677e-08 7.132264e-05 -0.99999994 0.38479456 0.4571704
-0.013739199 0.056834787 -1.8006117 4.3711385e-08 -3.3001179e-15 -0.99999994 0.38351578 0.461386
8.990008e-06 0.05406506 -1.8006117 4.3711385e-08 -3.3001179e-15 -0.99999994 0.38308397 0.46577007
0.013296512 0.061571963 -1.8006117 4.3716433e-08 6.687717e-05 -0.99999994 0.3842543 0.4700072
0.026073404 0.06949985 -1.8006117 4.3708255e-08 -4.1509913e-05 -0.99999994 0.38549024 0.4740816
0.039160497 0.07835802 -1.8006117 4.3711385e-08 -3.3001179e-15 -0.99999994 0.3868712 0.47825485
0.049839415 0.096284404 -1.8006117 4.3711385e-08 -3.3001179e-15 -0.99999994 0.38966587 0.48166016
0.05664002 0.120811194 -1.8006117 4.371069e-08 -9.224454e-06 -0.99999994 0.39348954 0.48382875
0.06511559 0.14304875 -1.8006117 4.3714078e-08 3.566132e-05 -0.99999994 0.3969563 0.4865315
0.069125794 0.17008956 -1.8006117 4.3711385e-08 -3.3001179e-15 -0.99999994 0.4011719 0.48781025
0.06771644 0.18985972 -1.8006117 4.3711385e-08 -3.3001179e-15 -0.99999994 0.404254 0.48736086
-0.07046187 0.198211 -1.8006117 4.3711385e-08 -3.3001179e-15 -0.99999994 0.40555596 0.4432981
-0.06910779 0.17008953 -1.8006117 4.3711385e-08 -3.3001179e-15 -0.99999994 0.4011719 0.44372988
0.07047987 0.19821101 -1.8006117 4.3710312e-08 -1.42088975e-05 -0.99999994 0.40555596 0.4882421
-0.061638653 0.2331929 -0.74090195 -1 7.549791e-08 -4.371139e-08 0.278961 0.33318666
-0.061638653 0.19821097 -0.7913562 -1 7.549791e-08 -4.371139e-08 0.2838067 0.32619774
-0.061638657 0.19821097 -0.74090195 -1 7.549791e-08 -4.371139e-08 0.2838067 0.33318666
0.06165594 0.19821104 -0.26958004 1 -7.549791e-08 4.371139e-08 0.37600645 0.28230944
0.061655942 0.23319297 -0.26958004 1 -7.549791e-08 4.371139e-08 0.3808521 0.28230053
0.06165592 0.20736018 0.12264803 1 -7.549791e-08 4.371139e-08 0.3773736 0.33663824
-0.061638657 0.23319292 -0.60549974 -1 7.549791e-08 -4.371139e-08 0.278961 0.3519425
-0.061638657 0.19821098 -0.6904478 -1 7.549791e-08 -4.371139e-08 0.2838067 0.34017557
-0.06163866 0.198211 -0.60549974 -1 7.549791e-08 -4.371139e-08 0.2838067 0.3519425
0.061655916 0.15782076 0.12264803 -7.5497944e-08 -1 1.5442858e-07 0.56699073 0.12206057
-0.06163868 0.15782072 -0.26958004 -7.5497944e-08 -1 1.5442858e-07 0.52204674 0.06772935
0.061655935 0.1578207 -0.26958004 -7.5497944e-08 -1 1.5442858e-07 0.56699073 0.06772935
-0.061638653 0.2331929 -0.74090195 -1 7.549791e-08 -4.371139e-08 0.278961 0.33318666
-0.061638646 0.28779635 -0.7913562 -1 7.549791e-08 -4.371139e-08 0.2713974 0.32619774
-0.06163865 0.23319289 -0.7913562 -1 7.549791e-08 -4.371139e-08 0.278961 0.32619774
-0.06163866 0.198211 -0.60549974 -1 7.549791e-08 -4.371139e-08 0.2838067 0.3519425
-0.06163866 0.15782064 -0.6904478 -1 7.549791e-08 -4.371139e-08 0.28940156 0.34017557
-0.061638664 0.15782067 -0.60549974 -1 7.549791e-08 -4.371139e-08 0.28940156 0.3519425
0.06165592 0.20736018 0.12264803 -4.371139e-08 3.6909835e-08 1 0.94993484 0.41146207
-0.061638698 0.15782078 0.12264803 -4.371139e-08 3.6909835e-08 1 0.95679706 0.36651808
0.061655916 0.15782076 0.12264803 -4.371139e-08 3.6909835e-08 1 0.95679706 0.41146207
0.06165594 0.19821104 -0.26958004 1 -7.549791e-08 4.371139e-08 0.37600645 0.28230944
0.061655916 0.15782076 0.12264803 1 -7.549791e-08 4.371139e-08 0.37051144 0.33665085
0.061655935 0.1578207 -0.26958004 1 -7.549791e-08 4.371139e-08 0.3704116 0.2823197
-0.061638657 0.19821098 -0.6904478 4.371139e-08 -3.6909835e-08 -1 0.78582984 0.12009183
0.061655954 0.15782064 -0.6904478 4.371139e-08 -3.6909835e-08 -1 0.7914247 0.075147845
-0.06163866 0.15782064 -0.6904478 4.371139e-08 -3.6909835e-08 -1 0.7914247 0.12009183
0.06165596 0.23319289 -0.74090195 1 -7.549791e-08 4.371139e-08 0.3807321 0.21701337
0.06165597 0.28779632 -0.79135406 1 -7.549791e-08 4.371139e-08 0.3882829 0.21001089
0.061655965 0.29583636 -0.74090195 1 -7.549791e-08 4.371139e-08 0.38940942 0.21699739
-0.061638657 0.19821097 -0.74090195 -7.5497944e-08 -1 1.5442858e-07 0.68206245 0.90397817
0.06165596 0.19821095 -0.7913562 -7.5497944e-08 -1 1.5442858e-07 0.68905133 0.94892216
0.061655957 0.19821097 -0.74090195 -7.5497944e-08 -1 1.5442858e-07 0.68206245 0.94892216
0.06165596 0.2331929 -0.6904478 1 -7.549791e-08 4.371139e-08 0.38074493 0.22400223
0.061655965 0.29583636 -0.74090195 1 -7.549791e-08 4.371139e-08 0.38940942 0.21699739
0.061655965 0.29583642 -0.6904478 1 -7.549791e-08 4.371139e-08 0.38942227 0.2239863
0.061655957 0.19821097 -0.74090195 1 -7.549791e-08 4.371139e-08 0.37588644 0.21702228
0.061655965 0.23319288 -0.7913562 1 -7.549791e-08 4.371139e-08 0.38071924 0.21002446
0.06165596 0.23319289 -0.74090195 1 -7.549791e-08 4.371139e-08 0.3807321 0.21701337
-0.061638653 0.2331929 -0.6904478 -1 7.549791e-08 -4.371139e-08 0.278961 0.34017557
-0.06163865 0.2958364 -0.74090195 -1 7.549791e-08 -4.371139e-08 0.27028367 0.33318666
-0.061638653 0.2331929 -0.74090195 -1 7.549791e-08 -4.371139e-08 0.278961 0.33318666
0.060373608 0.2987068 -0.7442344 2.9299652e-08 0.9874977 -0.15763348 0.7233314 0.08049051
-0.06035629 0.29171672 -0.7880238 7.639636e-08 0.98749775 -0.15763366 0.76732624 0.074527666
-0.060356293 0.2987068 -0.7442344 8.144442e-08 0.9874977 -0.15763366 0.7673374 0.08052425
0.061655965 0.23319288 -0.7913562 7.5497944e-08 1 -1.5442858e-07 0.38071924 0.21002446
0.061655965 0.2642568 -0.7913562 1 -7.549791e-08 4.371139e-08 0.3850222 0.2100166
0.06165597 0.28779632 -0.79135406 0 0 0 0.3882829 0.21001089
-0.061638646 0.28779635 -0.7913562 8.6586175e-07 4.204389e-06 -1 0.71803904 0.9039781
0.061655965 0.2642568 -0.7913562 1.7058219e-05 8.77373e-05 -1 0.71477836 0.9489221
-0.06163865 0.2642568 -0.7913562 4.371139e-08 -3.6909835e-08 -1 0.71477836 0.9039781
0.0603736 0.27039587 -0.51717716 7.516528e-08 0.9999715 0.0075609856 0.72328323 0.11212119
-0.06035631 0.26893023 -0.3233391 7.516528e-08 0.9999715 0.0075609935 0.7672854 0.13896893
0.06037359 0.26893023 -0.3233391 7.516529e-08 0.9999715 0.007560976 0.7232794 0.13893518
0.06037359 0.29333 -0.266246 6.783637e-08 0.9879881 0.15452938 0.00869154 0.6767703
-0.060356334 0.23302533 0.119313926 6.783637e-08 0.9879881 0.1545294 0.06244911 0.6327573
0.060373567 0.23302533 0.119313926 6.783638e-08 0.98798823 0.15452941 0.062504664 0.6767632
-0.061638653 0.19821097 -0.7913562 4.371139e-08 -3.6909835e-08 -1 0.7056297 0.9039781
0.061655965 0.2642568 -0.7913562 4.371139e-08 -3.6909835e-08 -1 0.71477836 0.9489221
0.06165596 0.19821095 -0.7913562 4.371139e-08 -3.6909835e-08 -1 0.70562977 0.9489221
0.061655942 0.23319297 -0.26958004 1 -7.549791e-08 4.371139e-08 0.3808521 0.28230053
0.061655924 0.22910228 0.12264803 1 -7.549791e-08 4.371139e-08 0.3803853 0.33663273
0.06165592 0.20736018 0.12264803 1 -7.549791e-08 4.371139e-08 0.3773736 0.33663824
0.061655946 0.26994383 -0.31854364 4.1793122e-08 0.80718625 -0.5902968 0.7228136 0.13958947
-0.06163867 0.29785427 -0.28037828 8.218358e-08 0.80718625 -0.5902968 0.76780003 0.1446686
0.061655946 0.29785424 -0.28037828 3.723312e-08 0.80718625 -0.5902968 0.72285926 0.14463419
0.06165595 0.198211 -0.5205517 1 -7.549791e-08 4.371139e-08 0.37594253 0.24754505
0.061655935 0.1578207 -0.3199646 1 -7.549791e-08 4.371139e-08 0.37039876 0.27534047
0.061655946 0.15782067 -0.5205517 1 -7.549791e-08 4.371139e-08 0.37034768 0.24755529
-0.061638676 0.19821104 -0.2764842 -1 7.549791e-08 -4.371139e-08 0.2838067 0.3975176
-0.06163868 0.1578207 -0.3199646 -1 7.549791e-08 -4.371139e-08 0.28940156 0.39149472
-0.06163868 0.15782072 -0.2764842 -1 7.549791e-08 -4.371139e-08 0.28940156 0.3975176
-0.061638657 0.23319292 -0.60549974 -1 7.549791e-08 -4.371139e-08 0.278961 0.3519425
-0.061638657 0.26701936 -0.5205517 -1 7.549791e-08 -4.371139e-08 0.2742754 0.36370948
-0.061638653 0.2829438 -0.60549974 -1 7.549791e-08 -4.371139e-08 0.27206954 0.3519425
0.061655935 0.1578207 -0.3199646 -7.5497944e-08 -1 1.5442858e-07 0.56699073 0.06075006
-0.06163867 0.15782067 -0.5205517 -7.5497944e-08 -1 1.5442858e-07 0.52204674 0.032964878
0.061655946 0.15782067 -0.5205517 -7.5497944e-08 -1 1.5442858e-07 0.56699073 0.032964878
-0.061638672 0.23319297 -0.2764842 -1 7.549791e-08 -4.371139e-08 0.278961 0.3975176
-0.061638676 0.19821104 -0.3199646 -1 7.549791e-08 -4.371139e-08 0.2838067 0.39149472
-0.061638676 0.19821104 -0.2764842 -1 7.549791e-08 -4.371139e-08 0.2838067 0.3975176
0.061655954 0.23319292 -0.5205517 1 -7.549791e-08 4.371139e-08 0.38078818 0.24753614
0.06165594 0.19821103 -0.3199646 1 -7.549791e-08 4.371139e-08 0.3759936 0.27533022
0.06165595 0.198211 -0.5205517 1 -7.549791e-08 4.371139e-08 0.37594253 0.24754505
0.061655957 0.2331929 -0.60549974 1 -7.549791e-08 4.371139e-08 0.38076657 0.23576918
0.06165595 0.198211 -0.5205517 1 -7.549791e-08 4.371139e-08 0.37594253 0.24754505
0.061655954 0.19821098 -0.60549974 1 -7.549791e-08 4.371139e-08 0.37592092 0.2357781
0.061655946 0.15782067 -0.5205517 -7.5497944e-08 -1 1.5442858e-07 0.56699073 0.032964878
-0.061638664 0.15782067 -0.60549974 -7.5497944e-08 -1 1.5442858e-07 0.52204674 0.021197865
0.06165595 0.15782066 -0.60549974 -7.5497944e-08 -1 1.5442858e-07 0.56699073 0.021197926
0.060373604 0.28572497 -0.60218287 5.977427e-08 0.9828772 0.18426217 0.72330904 0.10023992
-0.0603563 0.2710432 -0.5238685 3.1758965e-08 0.98287714 0.18426205 0.7672903 0.11122433
0.0603736 0.27104318 -0.5238685 6.615084e-08 0.9828772 0.18426219 0.7232843 0.11119059
0.061655954 0.19821098 -0.60549974 1 -7.549791e-08 4.371139e-08 0.37592092 0.2357781
0.061655946 0.15782067 -0.5205517 1 -7.549791e-08 4.371139e-08 0.37034768 0.24755529
0.06165595 0.15782066 -0.60549974 1 -7.549791e-08 4.371139e-08 0.37032604 0.23578839
0.061655942 0.23319297 -0.2764842 1 -7.549791e-08 4.371139e-08 0.38085034 0.2813442
0.061655946 0.29652163 -0.2740763 1 -7.549791e-08 4.371139e-08 0.38962322 0.28166157
0.061655946 0.29359075 -0.2723881 1 -7.549791e-08 4.371139e-08 0.38921762 0.28189614
0.061655942 0.23319295 -0.3199646 1 -7.549791e-08 4.371139e-08 0.38083926 0.27532133
0.061655957 0.26701936 -0.5205517 1 -7.549791e-08 4.371139e-08 0.38547385 0.24752754
0.061655946 0.26994383 -0.31854364 1 -7.549791e-08 4.371139e-08 0.38593033 0.27550876
-0.061638676 0.19821104 -0.3199646 -1 7.549791e-08 -4.371139e-08 0.2838067 0.39149472
-0.06163867 0.15782067 -0.5205517 -1 7.549791e-08 -4.371139e-08 0.28940156 0.36370948
-0.06163868 0.1578207 -0.3199646 -1 7.549791e-08 -4.371139e-08 0.28940156 0.39149472
-0.061638672 0.23319297 -0.3199646 -1 7.549791e-08 -4.371139e-08 0.278961 0.39149472
-0.061638664 0.19821101 -0.5205517 -1 7.549791e-08 -4.371139e-08 0.2838067 0.36370948
-0.061638676 0.19821104 -0.3199646 -1 7.549791e-08 -4.371139e-08 0.2838067 0.39149472
0.061655957 0.19821097 -0.6904478 1 -7.549791e-08 4.371139e-08 0.37589929 0.22401114
0.06165595 0.15782066 -0.60549974 1 -7.549791e-08 4.371139e-08 0.37032604 0.23578839
0.061655954 0.15782064 -0.6904478 1 -7.549791e-08 4.371139e-08 0.37030444 0.22402143
0.060373608 0.29923874 -0.6938224 7.5497944e-08 1 -1.5442858e-07 0.7233319 0.087456524
-0.060356293 0.29923874 -0.7375274 7.5497944e-08 1 -1.5442858e-07 0.7673382 0.081447154
-0.060356293 0.29923874 -0.6938224 7.5497944e-08 1 -1.5442858e-07 0.7673379 0.08749021
0.06165595 0.15782066 -0.60549974 -7.5497944e-08 -1 1.5442858e-07 0.56699073 0.021197926
-0.06163866 0.15782064 -0.6904478 -7.5497944e-08 -1 1.5442858e-07 0.52204674 0.009430912
0.061655954 0.15782064 -0.6904478 -7.5497944e-08 -1 1.5442858e-07 0.56699073 0.009430912
0.06165596 0.2331929 -0.6904478 1 -7.549791e-08 4.371139e-08 0.38074493 0.22400223
0.061655954 0.19821098 -0.60549974 1 -7.549791e-08 4.371139e-08 0.37592092 0.2357781
0.061655957 0.19821097 -0.6904478 1 -7.549791e-08 4.371139e-08 0.37589929 0.22401114
-0.061638672 0.23319298 -0.26958004 -1 7.549791e-08 -4.371139e-08 0.278961 0.39847395
-0.06163867 0.2973041 -0.27305967 -1 7.549791e-08 -4.371139e-08 0.27008036 0.39799196
-0.06163867 0.29587775 -0.2764842 -1 7.549791e-08 -4.371139e-08 0.27027798 0.3975176
0.061655957 0.2331929 -0.60549974 1 -7.549791e-08 4.371139e-08 0.38076657 0.23576918
0.061655957 0.26701936 -0.5205517 1 -7.549791e-08 4.371139e-08 0.38547385 0.24752754
0.061655954 0.23319292 -0.5205517 1 -7.549791e-08 4.371139e-08 0.38078818 0.24753614
-0.061638664 0.19821101 -0.5205517 -1 7.549791e-08 -4.371139e-08 0.2838067 0.36370948
-0.061638664 0.15782067 -0.60549974 -1 7.549791e-08 -4.371139e-08 0.28940156 0.3519425
-0.06163867 0.15782067 -0.5205517 -1 7.549791e-08 -4.371139e-08 0.28940156 0.36370948
-0.06163866 0.23319294 -0.5205517 -1 7.549791e-08 -4.371139e-08 0.278961 0.36370948
-0.06163866 0.198211 -0.60549974 -1 7.549791e-08 -4.371139e-08 0.2838067 0.3519425
-0.061638664 0.19821101 -0.5205517 -1 7.549791e-08 -4.371139e-08 0.2838067 0.36370948
0.06165596 0.2331929 -0.6904478 1 -7.549791e-08 4.371139e-08 0.38074493 0.22400223
0.06165596 0.2829438 -0.60549974 1 -7.549791e-08 4.371139e-08 0.38765806 0.23575652
0.061655957 0.2331929 -0.60549974 1 -7.549791e-08 4.371139e-08 0.38076657 0.23576918
0.060373608 0.2987324 -0.6871114 6.8084574e-08 0.9886792 0.15004487 0.72333103 0.08838864
-0.060356297 0.28685313 -0.6088361 6.8084574e-08 0.9886792 0.15004487 0.76731694 0.099344276
0.060373604 0.28685313 -0.6088361 6.8084574e-08 0.9886793 0.15004489 0.72331095 0.09931059
0.061655957 0.19821097 -0.6904478 1 -7.549791e-08 4.371139e-08 0.37589929 0.22401114
0.06165596 0.23319289 -0.74090195 1 -7.549791e-08 4.371139e-08 0.3807321 0.21701337
0.06165596 0.2331929 -0.6904478 1 -7.549791e-08 4.371139e-08 0.38074493 0.22400223
-0.061638653 0.19821097 -0.7913562 0 0 0 0.3051513 0.32680723
-0.061638646 0.28779635 -0.7913562 0 0 0 0.3051513 0.32680723
-0.06163865 0.2642568 -0.7913562 1 -7.549791e-08 4.371139e-08 0.3051513 0.32680723
-0.061638657 0.19821098 -0.6904478 -7.5497944e-08 -1 1.5442858e-07 0.67507356 0.90397817
0.061655957 0.19821097 -0.74090195 -7.5497944e-08 -1 1.5442858e-07 0.68206245 0.94892216
0.061655957 0.19821097 -0.6904478 -7.5497944e-08 -1 1.5442858e-07 0.67507356 0.94892216
-0.061638653 0.2331929 -0.6904478 -1 7.549791e-08 -4.371139e-08 0.278961 0.34017557
-0.061638657 0.19821097 -0.74090195 -1 7.549791e-08 -4.371139e-08 0.2838067 0.33318666
-0.061638657 0.19821098 -0.6904478 -1 7.549791e-08 -4.371139e-08 0.2838067 0.34017557
-0.061638672 0.23319298 -0.26958004 -1 7.549791e-08 -4.371139e-08 0.278961 0.39847395
-0.061638676 0.19821104 -0.2764842 -1 7.549791e-08 -4.371139e-08 0.2838067 0.3975176
-0.061638676 0.19821104 -0.26958004 -1 7.549791e-08 -4.371139e-08 0.2838067 0.39847395
-0.061638676 0.19821104 -0.26958004 -1 7.549791e-08 -4.371139e-08 0.2838067 0.39847395
-0.06163868 0.15782072 -0.2764842 -1 7.549791e-08 -4.371139e-08 0.28940156 0.3975176
-0.06163868 0.15782072 -0.26958004 -1 7.549791e-08 -4.371139e-08 0.28940156 0.39847395
-0.061638672 0.23319297 -0.2764842 -1 7.549791e-08 -4.371139e-08 0.278961 0.3975176
-0.06163867 0.29785427 -0.28037828 -1 7.549791e-08 -4.371139e-08 0.27000412 0.39697817
-0.06163867 0.26994386 -0.31854364 -1 7.549791e-08 -4.371139e-08 0.2738703 0.39169154
0.061655942 0.23319295 -0.3199646 1 -7.549791e-08 4.371139e-08 0.38083926 0.27532133
0.061655946 0.29785424 -0.28037828 1 -7.549791e-08 4.371139e-08 0.38980618 0.2807883
0.061655946 0.29587775 -0.2764842 1 -7.549791e-08 4.371139e-08 0.38953337 0.2813282
0.06165594 0.19821103 -0.3199646 1 -7.549791e-08 4.371139e-08 0.3759936 0.27533022
0.061655935 0.1578207 -0.2764842 1 -7.549791e-08 4.371139e-08 0.37040985 0.28136334
0.061655935 0.1578207 -0.3199646 1 -7.549791e-08 4.371139e-08 0.37039876 0.27534047
-0.061638672 0.23319297 -0.3199646 -1 7.549791e-08 -4.371139e-08 0.278961 0.39149472
-0.061638657 0.26701936 -0.5205517 -1 7.549791e-08 -4.371139e-08 0.2742754 0.36370948
-0.06163866 0.23319294 -0.5205517 -1 7.549791e-08 -4.371139e-08 0.278961 0.36370948
0.061655935 0.1578207 -0.2764842 -7.5497944e-08 -1 1.5442858e-07 0.56699073 0.06677294
-0.06163868 0.1578207 -0.3199646 -7.5497944e-08 -1 1.5442858e-07 0.52204674 0.06075006
0.061655935 0.1578207 -0.3199646 -7.5497944e-08 -1 1.5442858e-07 0.56699073 0.06075006
0.061655942 0.23319295 -0.3199646 1 -7.549791e-08 4.371139e-08 0.38083926 0.27532133
0.06165594 0.19821104 -0.2764842 1 -7.549791e-08 4.371139e-08 0.3760047 0.2813531
0.06165594 0.19821103 -0.3199646 1 -7.549791e-08 4.371139e-08 0.3759936 0.27533022
-0.061638672 0.23319298 -0.26958004 -1 7.549791e-08 -4.371139e-08 0.278961 0.39847395
-0.06163869 0.22910228 0.12264803 -1 7.549791e-08 -4.371139e-08 0.27952766 0.45280516
-0.06163867 0.29512617 -0.27086467 -1 7.549791e-08 -4.371139e-08 0.27038205 0.398296
0.06165592 0.20736018 0.12264803 -4.371139e-08 3.6909835e-08 1 0.94993484 0.41146207
-0.06163869 0.22910228 0.12264803 -4.371139e-08 3.6909835e-08 1 0.94692314 0.36651808
-0.061638694 0.2073602 0.12264803 -4.371139e-08 3.6909835e-08 1 0.94993484 0.36651808
-0.061638698 0.15782078 0.12264803 -1 7.549791e-08 -4.371139e-08 0.28940156 0.45280516
-0.061638676 0.19821104 -0.26958004 -1 7.549791e-08 -4.371139e-08 0.2838067 0.39847395
-0.06163868 0.15782072 -0.26958004 -1 7.549791e-08 -4.371139e-08 0.28940156 0.39847395
-0.061638694 0.2073602 0.12264803 -1 7.549791e-08 -4.371139e-08 0.2825394 0.45280516
-0.061638672 0.23319298 -0.26958004 -1 7.549791e-08 -4.371139e-08 0.278961 0.39847395
-0.061638676 0.19821104 -0.26958004 -1 7.549791e-08 -4.371139e-08 0.2838067 0.39847395
0.06165594 0.19821104 -0.2764842 1 -7.549791e-08 4.371139e-08 0.3760047 0.2813531
0.061655935 0.1578207 -0.26958004 1 -7.549791e-08 4.371139e-08 0.3704116 0.2823197
0.061655935 0.1578207 -0.2764842 1 -7.549791e-08 4.371139e-08 0.37040985 0.28136334
0.061655935 0.1578207 -0.26958004 -7.5497944e-08 -1 1.5442858e-07 0.56699073 0.06772935
-0.06163868 0.15782072 -0.2764842 -7.5497944e-08 -1 1.5442858e-07 0.52204674 0.06677294
0.061655935 0.1578207 -0.2764842 -7.5497944e-08 -1 1.5442858e-07 0.56699073 0.06677294
0.061655942 0.23319297 -0.2764842 1 -7.549791e-08 4.371139e-08 0.38085034 0.2813442
0.06165594 0.19821104 -0.26958004 1 -7.549791e-08 4.371139e-08 0.37600645 0.28230944
0.06165594 0.19821104 -0.2764842 1 -7.549791e-08 4.371139e-08 0.3760047 0.2813531
-0.060356293 0.29923874 -0.6938224 -0.925723 0.37713033 0.02845459 0.7673379 0.08749021
-0.06163865 0.29583642 -0.6904478 -0.925723 0.37713033 0.02845459 0.7677997 0.08798552
-0.060356293 0.2987324 -0.6871114 -0.925723 0.37713033 0.02845459 0.767337 0.08842238
0.060373608 0.29923874 -0.6938224 0.925723 0.37713015 0.02845467 0.7233319 0.087456524
0.060373608 0.2987324 -0.6871114 0.92572314 0.3771302 0.028454673 0.72333103 0.08838864
0.061655965 0.29583642 -0.6904478 0.92572314 0.3771302 0.028454673 0.7228589 0.08795105
-0.0603563 0.27039587 -0.51717716 -0.9444688 0.32707423 0.03164162 0.2738077 0.36417693
-0.0603563 0.2710432 -0.5238685 -0.9444687 0.3270742 0.031641617 0.273718 0.36325002
-0.061638657 0.26701936 -0.5205517 -0.9444688 0.32707423 0.03164162 0.2742754 0.36370948
0.0603736 0.27039587 -0.51717716 0.9444688 0.32707408 0.031641707 0.370119 0.35824314
0.061655957 0.26701936 -0.5205517 0.9444688 0.32707408 0.031641707 0.36946082 0.35830674
0.0603736 0.27104318 -0.5238685 0.9444688 0.32707408 0.031641707 0.36946082 0.35758442
-0.060356297 0.28685313 -0.6088361 -0.9319699 0.3574335 0.06060906 0.76731694 0.099344276
-0.061638653 0.2829438 -0.60549974 -0.9319699 0.35743353 0.060609058 0.76777786 0.0998385
-0.060356297 0.28572497 -0.60218287 -0.9319699 0.3574335 0.06060906 0.76731503 0.1002736
0.060373604 0.28572497 -0.60218287 0.9319703 0.3574327 0.06060825 0.72330904 0.10023992
0.06165596 0.2829438 -0.60549974 0.9319703 0.3574327 0.06060824 0.7228371 0.09980409
0.060373604 0.28685313 -0.6088361 0.9319703 0.3574327 0.06060824 0.72331095 0.09931059
-0.06163865 0.2958364 -0.74090195 -0.9251326 0.37845567 -0.030016033 0.76780003 0.08100927
-0.060356293 0.29923874 -0.7375274 -0.9251326 0.37845567 -0.03001603 0.7673382 0.081447154
-0.060356293 0.2987068 -0.7442344 -0.9251326 0.37845567 -0.03001603 0.7673374 0.08052425
0.060373608 0.2987068 -0.7442344 0.9251325 0.378456 -0.030015983 0.7233314 0.08049051
0.060373608 0.29923874 -0.7375274 0.9251325 0.378456 -0.030015983 0.7233323 0.08141347
0.061655965 0.29583636 -0.74090195 0.9251325 0.378456 -0.030015983 0.72285926 0.0809748
0.060373608 0.2987324 -0.6871114 7.199525e-08 0.99716574 0.075236775 0.72333103 0.08838864
-0.060356293 0.29923874 -0.6938224 7.199532e-08 0.9971658 0.07523536 0.7673379 0.08749021
-0.060356293 0.2987324 -0.6871114 7.1995316e-08 0.9971658 0.07523534 0.767337 0.08842238
0.06037359 0.29333 -0.266246 0.5003277 0.8545281 0.139477 0.00869154 0.6767703
0.061655924 0.22910228 0.12264803 0.9330078 0.35552868 0.055640925 0.06299895 0.6772361
0.061655946 0.29359075 -0.2723881 0.4958712 0.8570515 0.13990842 0.007840666 0.677239
-0.060356334 0.23302533 0.119313926 1.5584432e-08 0.64759284 0.76198655 0.9463797 0.36698553
0.061655924 0.22910228 0.12264803 1.5584458e-08 0.6475931 0.7619864 0.94692314 0.41146207
0.060373567 0.23302533 0.119313926 1.5584458e-08 0.6475931 0.7619864 0.9463797 0.41099462
-0.060356297 0.28685313 -0.6088361 -0.93442553 0.35212612 0.05344219 0.271528 0.35148033
-0.06163865 0.29583642 -0.6904478 -0.934406 0.35217735 0.053447727 0.27028367 0.34017557
-0.061638653 0.2829438 -0.60549974 -0.934426 0.35212472 0.05344203 0.27206954 0.3519425
0.06037361 0.29171672 -0.7880238 1.3277961e-05 0.64741564 -0.7621372 0.7185821 0.9484547
-0.061638646 0.28779635 -0.7913562 2.9721997e-07 0.64765143 -0.7619367 0.71803904 0.9039781
-0.06035629 0.29171672 -0.7880238 8.2201815e-08 0.64765537 -0.7619334 0.7185821 0.9044456
-0.06035629 0.29171672 -0.7880238 -0.9338323 0.35325325 -0.05629633 0.27085435 0.32665938
-0.06163865 0.2958364 -0.74090195 -0.9342196 0.3522403 -0.056218304 0.27028367 0.33318666
-0.060356293 0.2987068 -0.7442344 -0.9342634 0.35212576 -0.056209482 0.26988605 0.33272508
0.061655965 0.29583636 -0.74090195 0.9342205 0.35223824 -0.056218 0.38940942 0.21699739
0.06037361 0.29171672 -0.7880238 0.93384343 0.35322425 -0.056294084 0.38882682 0.2104712
0.060373608 0.2987068 -0.7442344 0.934263 0.35212666 -0.056209385 0.38980618 0.21653508
0.06037359 0.26893023 -0.3233391 -0.5801443 0.8144302 -0.011663669 0.7232794 0.13893518
0.061655957 0.26701936 -0.5205517 0.93180233 0.3629572 0.0025421616 0.72281027 0.11168233
0.0603736 0.27039587 -0.51717716 0.93572825 0.35271177 0.0026669619 0.72328323 0.11212119
-0.06035631 0.26893023 -0.3233391 8.290555e-08 0.97838235 -0.20680434 0.7672854 0.13896893
0.061655946 0.26994383 -0.31854364 8.2905515e-08 0.9783825 -0.20680319 0.7228136 0.13958947
0.06037359 0.26893023 -0.3233391 8.2905515e-08 0.9783825 -0.20680314 0.7232794 0.13893518
-0.06035631 0.26893023 -0.3233391 0.58014446 0.8144302 -0.011663619 0.7672854 0.13896893
-0.061638657 0.26701936 -0.5205517 -0.9318022 0.36295733 0.00254208 0.7677511 0.11171681
-0.06163867 0.26994386 -0.31854364 0.5928779 0.80520797 -0.01165706 0.7677544 0.13962388
0.0603736 0.27104318 -0.5238685 0.9336947 0.35193965 0.065974884 0.7232843 0.11119059
0.06165596 0.2829438 -0.60549974 0.93372506 0.35186088 0.06596427 0.7228371 0.09980409
0.060373604 0.28572497 -0.60218287 0.93372697 0.3518562 0.06596363 0.72330904 0.10023992
-0.0603563 0.2710432 -0.5238685 7.093808e-08 0.99535316 0.096291535 0.7672903 0.11122433
0.0603736 0.27039587 -0.51717716 7.093804e-08 0.99535316 0.09629225 0.72328323 0.11212119
0.0603736 0.27104318 -0.5238685 7.093804e-08 0.99535316 0.096292265 0.7232843 0.11119059
-0.0603563 0.2710432 -0.5238685 -0.9336946 0.35193983 0.0659748 0.273718 0.36325002
-0.061638653 0.2829438 -0.60549974 -0.9337249 0.35186154 0.06596423 0.27206954 0.3519425
-0.061638657 0.26701936 -0.5205517 -0.9336938 0.3519419 0.065975085 0.2742754 0.36370948
0.060373604 0.28685313 -0.6088361 0.93442565 0.352126 0.053442277 0.72331095 0.09931059
0.061655965 0.29583642 -0.6904478 0.934406 0.3521772 0.053447805 0.7228589 0.08795105
0.060373608 0.2987324 -0.6871114 0.93440485 0.35218033 0.053448148 0.72333103 0.08838864
-0.060356297 0.28685313 -0.6088361 1.3030176e-08 0.9859263 0.16718087 0.76731694 0.099344276
0.060373604 0.28572497 -0.60218287 6.638656e-08 0.98592675 0.1671781 0.72330904 0.10023992
0.060373604 0.28685313 -0.6088361 6.712785e-08 0.98592675 0.16717805 0.72331095 0.09931059
-0.060356293 0.29923874 -0.6938224 -0.93574107 0.35268778 -3.8585677e-07 0.2698124 0.33970812
-0.06163865 0.2958364 -0.74090195 -0.9357442 0.35267955 -1.2763871e-07 0.27028367 0.33318666
-0.06163865 0.29583642 -0.6904478 -0.935741 0.3526883 -4.000003e-07 0.27028367 0.34017557
0.061655965 0.29583636 -0.74090195 0.9357438 0.35268047 -4.5833648e-08 0.72285926 0.0809748
0.060373608 0.29923874 -0.6938224 0.9357415 0.35268652 -3.0405172e-07 0.7233319 0.087456524
0.061655965 0.29583642 -0.6904478 0.9357415 0.35268685 -3.181951e-07 0.7228589 0.08795105
-0.060356293 0.2987068 -0.7442344 7.8311054e-08 0.99686944 -0.079065695 0.7673374 0.08052425
0.060373608 0.29923874 -0.7375274 4.8948678e-08 0.9968695 -0.07906427 0.7233323 0.08141347
0.060373608 0.2987068 -0.7442344 4.8542066e-08 0.9968695 -0.07906425 0.7233314 0.08049051
-0.06035631 0.29333004 -0.26624596 0.6117112 0.7801816 0.13086705 0.008635984 0.63276446
-0.06163869 0.22910228 0.12264803 -0.9321355 0.3577515 0.056010813 0.062942185 0.63229537
-0.060356334 0.23302533 0.119313926 -0.93429494 0.35221884 0.05508996 0.06244911 0.6327573
0.061655946 0.29359075 -0.2723881 0.00023312328 0.99889344 0.047030464 0.007840666 0.677239
-0.06035631 0.29333004 -0.26624596 0.015919188 0.9343911 0.35589314 0.008635984 0.63276446
0.06037359 0.29333 -0.266246 7.357622e-08 0.99910027 0.04240975 0.00869154 0.6767703
-0.061638653 0.2331929 -0.6904478 -1 7.549791e-08 -4.371139e-08 0.278961 0.34017557
-0.061638653 0.2829438 -0.60549974 -1 7.549791e-08 -4.371139e-08 0.27206954 0.3519425
-0.06163865 0.29583642 -0.6904478 -1 7.549791e-08 -4.371139e-08 0.27028367 0.34017557
0.061655946 0.29785424 -0.28037828 1 -7.549791e-08 4.371139e-08 0.38980618 0.2807883
0.061655946 0.29652163 -0.2740763 1 -7.549791e-08 4.371139e-08 0.38962322 0.28166157
0.061655946 0.29587775 -0.2764842 1 -7.549791e-08 4.371139e-08 0.38953337 0.2813282
-0.06163867 0.2973041 -0.27305967 -1 7.549791e-08 -4.371139e-08 0.27008036 0.39799196
-0.06163867 0.29785427 -0.28037828 -1 7.549791e-08 -4.371139e-08 0.27000412 0.39697817
-0.06163867 0.29587775 -0.2764842 -1 7.549791e-08 -4.371139e-08 0.27027798 0.3975176
-0.06163867 0.29785427 -0.28037828 0.0068593146 0.9970357 0.07663481 0.76780003 0.1446686
0.061655946 0.29652163 -0.2740763 9.982036e-05 0.9787582 0.20501818 0.72285706 0.14551668
0.061655946 0.29785424 -0.28037828 3.0945975e-09 0.9783647 0.20688784 0.72285926 0.14463419
0.061655946 0.29652163 -0.2740763 0.016883763 0.5004361 0.8656089 0.523273 0.18505858
-0.06163867 0.29512617 -0.27086467 0.010358302 0.7085937 0.70554066 0.5235747 0.1401152
0.061655946 0.29359075 -0.2723881 0.01692018 0.49905357 0.866406 0.52367896 0.18505955
-0.06163865 0.23319289 -0.7913562 -1 7.549791e-08 -4.371139e-08 0.278961 0.32619774
-0.061638653 0.2331929 -0.6904478 -1 7.549791e-08 -4.371139e-08 0.278961 0.34017557
-0.061638698 0.15782078 0.12264803 -7.5497944e-08 -1 1.5442858e-07 0.52204674 0.12206057
-0.06163865 0.2958364 -0.74090195 -1 7.549791e-08 -4.371139e-08 0.27028367 0.33318666
-0.061638657 0.19821098 -0.6904478 -1 7.549791e-08 -4.371139e-08 0.2838067 0.34017557
-0.061638694 0.2073602 0.12264803 -4.371139e-08 3.6909835e-08 1 0.94993484 0.36651808
0.06165592 0.20736018 0.12264803 1 -7.549791e-08 4.371139e-08 0.3773736 0.33663824
0.061655957 0.19821097 -0.6904478 4.371139e-08 -3.6909835e-08 -1 0.78582984 0.075147845
0.061655965 0.23319288 -0.7913562 1 -7.549791e-08 4.371139e-08 0.38071924 0.21002446
-0.061638653 0.19821097 -0.7913562 -7.5497944e-08 -1 1.5442858e-07 0.68905133 0.90397817
0.06165596 0.23319289 -0.74090195 1 -7.549791e-08 4.371139e-08 0.3807321 0.21701337
0.06165596 0.19821095 -0.7913562 1 -7.549791e-08 4.371139e-08 0.3758736 0.21003337
-0.06163865 0.29583642 -0.6904478 -1 7.549791e-08 -4.371139e-08 0.27028367 0.34017557
0.06037361 0.29171672 -0.7880238 2.425159e-08 0.9874977 -0.15763345 0.72332025 0.07449398
0.06165596 0.19821095 -0.7913562 0 0 0 0.3758736 0.21003337
0.06165597 0.28779632 -0.79135406 1.7880371e-05 9.19786e-05 -1 0.71803904 0.9489221
-0.0603563 0.27039587 -0.51717716 7.516528e-08 0.9999715 0.007561001 0.76728916 0.11215487
-0.06035631 0.29333004 -0.26624596 6.783638e-08 0.98798823 0.15452941 0.008635984 0.63276446
-0.06163865 0.2642568 -0.7913562 4.371139e-08 -3.6909835e-08 -1 0.71477836 0.9039781
0.061655946 0.29359075 -0.2723881 1 -7.549791e-08 4.371139e-08 0.38921762 0.28189614
-0.06163867 0.26994386 -0.31854364 8.674358e-08 0.80718625 -0.5902968 0.7677544 0.13962388
0.06165594 0.19821103 -0.3199646 1 -7.549791e-08 4.371139e-08 0.3759936 0.27533022
-0.061638676 0.19821104 -0.3199646 -1 7.549791e-08 -4.371139e-08 0.2838067 0.39149472
-0.06163866 0.23319294 -0.5205517 -1 7.549791e-08 -4.371139e-08 0.278961 0.36370948
-0.06163868 0.1578207 -0.3199646 -7.5497944e-08 -1 1.5442858e-07 0.52204674 0.06075006
-0.061638672 0.23319297 -0.3199646 -1 7.549791e-08 -4.371139e-08 0.278961 0.39149472
0.061655942 0.23319295 -0.3199646 1 -7.549791e-08 4.371139e-08 0.38083926 0.27532133
0.061655954 0.23319292 -0.5205517 1 -7.549791e-08 4.371139e-08 0.38078818 0.24753614
-0.06163867 0.15782067 -0.5205517 -7.5497944e-08 -1 1.5442858e-07 0.52204674 0.032964878
-0.060356297 0.28572497 -0.60218287 2.5382404e-08 0.9828772 0.18426204 0.76731503 0.1002736
0.06165595 0.198211 -0.5205517 1 -7.549791e-08 4.371139e-08 0.37594253 0.24754505
0.061655942 0.23319297 -0.26958004 1 -7.549791e-08 4.371139e-08 0.3808521 0.28230053
0.061655946 0.29587775 -0.2764842 1 -7.549791e-08 4.371139e-08 0.38953337 0.2813282
0.061655954 0.23319292 -0.5205517 1 -7.549791e-08 4.371139e-08 0.38078818 0.24753614
-0.061638664 0.19821101 -0.5205517 -1 7.549791e-08 -4.371139e-08 0.2838067 0.36370948
-0.06163866 0.23319294 -0.5205517 -1 7.549791e-08 -4.371139e-08 0.278961 0.36370948
0.061655954 0.19821098 -0.60549974 1 -7.549791e-08 4.371139e-08 0.37592092 0.2357781
0.060373608 0.29923874 -0.7375274 7.5497944e-08 1 -1.5442858e-07 0.7233323 0.08141347
-0.061638664 0.15782067 -0.60549974 -7.5497944e-08 -1 1.5442858e-07 0.52204674 0.021197865
0.061655957 0.2331929 -0.60549974 1 -7.549791e-08 4.371139e-08 0.38076657 0.23576918
-0.061638672 0.23319297 -0.2764842 -1 7.549791e-08 -4.371139e-08 0.278961 0.3975176
-0.06163867 0.29512617 -0.27086467 -1 7.549791e-08 -4.371139e-08 0.27038205 0.398296
0.06165596 0.2829438 -0.60549974 1 -7.549791e-08 4.371139e-08 0.38765806 0.23575652
-0.06163866 0.198211 -0.60549974 -1 7.549791e-08 -4.371139e-08 0.2838067 0.3519425
-0.061638657 0.23319292 -0.60549974 -1 7.549791e-08 -4.371139e-08 0.278961 0.3519425
0.061655965 0.29583642 -0.6904478 1 -7.549791e-08 4.371139e-08 0.38942227 0.2239863
-0.060356293 0.2987324 -0.6871114 6.8084574e-08 0.9886793 0.15004489 0.767337 0.08842238
0.061655957 0.19821097 -0.74090195 1 -7.549791e-08 4.371139e-08 0.37588644 0.21702228
-0.06163865 0.23319289 -0.7913562 -1 7.549791e-08 -4.371139e-08 0.3051513 0.32680723
-0.061638657 0.19821097 -0.74090195 -7.5497944e-08 -1 1.5442858e-07 0.68206245 0.90397817
-0.061638653 0.2331929 -0.74090195 -1 7.549791e-08 -4.371139e-08 0.278961 0.33318666
-0.061638672 0.23319297 -0.2764842 -1 7.549791e-08 -4.371139e-08 0.278961 0.3975176
-0.061638676 0.19821104 -0.2764842 -1 7.549791e-08 -4.371139e-08 0.2838067 0.3975176
-0.061638672 0.23319297 -0.3199646 -1 7.549791e-08 -4.371139e-08 0.278961 0.39149472
-0.06163867 0.29587775 -0.2764842 -1 7.549791e-08 -4.371139e-08 0.27027798 0.3975176
0.061655942 0.23319297 -0.2764842 1 -7.549791e-08 4.371139e-08 0.38085034 0.2813442
0.061655946 0.26994383 -0.31854364 1 -7.549791e-08 4.371139e-08 0.38593033 0.27550876
0.06165594 0.19821104 -0.2764842 1 -7.549791e-08 4.371139e-08 0.3760047 0.2813531
-0.06163867 0.26994386 -0.31854364 -1 7.549791e-08 -4.371139e-08 0.2738703 0.39169154
-0.06163868 0.15782072 -0.2764842 -7.5497944e-08 -1 1.5442858e-07 0.52204674 0.06677294
0.061655942 0.23319297 -0.2764842 1 -7.549791e-08 4.371139e-08 0.38085034 0.2813442
-0.061638694 0.2073602 0.12264803 -1 7.549791e-08 -4.371139e-08 0.2825394 0.45280516
0.061655924 0.22910228 0.12264803 -4.371139e-08 3.6909835e-08 1 0.94692314 0.41146207
-0.061638694 0.2073602 0.12264803 -1 7.549791e-08 -4.371139e-08 0.2825394 0.45280516
0.06165594 0.19821104 -0.26958004 1 -7.549791e-08 4.371139e-08 0.37600645 0.28230944
-0.06163868 0.15782072 -0.26958004 -7.5497944e-08 -1 1.5442858e-07 0.52204674 0.06772935
0.061655942 0.23319297 -0.26958004 1 -7.549791e-08 4.371139e-08 0.3808521 0.28230053
0.060373608 0.29923874 -0.6938224 7.199525e-08 0.99716574 0.0752368 0.7233319 0.087456524
0.060373567 0.23302533 0.119313926 0.934295 0.35221872 0.055090047 0.062504664 0.6767632
-0.06163869 0.22910228 0.12264803 1.5584432e-08 0.64759284 0.76198655 0.94692314 0.36651808
-0.060356293 0.2987324 -0.6871114 -0.93440485 0.35218048 0.05344807 0.26988256 0.34063768
0.06165597 0.28779632 -0.79135406 1.3376961e-05 0.64741385 -0.7621387 0.71803904 0.9489221
-0.061638646 0.28779635 -0.7913562 -0.9338122 0.35330582 -0.05630038 0.2713974 0.32619774
0.06165597 0.28779632 -0.79135406 0.9338239 0.35327545 -0.056298044 0.3882829 0.21001089
0.061655946 0.26994383 -0.31854364 -0.5928778 0.80520815 -0.011657112 0.7228136 0.13958947
-0.06163867 0.26994386 -0.31854364 8.2905544e-08 0.9783823 -0.20680432 0.7677544 0.13962388
-0.0603563 0.27039587 -0.51717716 -0.93572813 0.3527119 0.00266688 0.76728916 0.11215487
0.061655957 0.26701936 -0.5205517 0.9336939 0.3519418 0.06597517 0.72281027 0.11168233
-0.0603563 0.27039587 -0.51717716 7.093807e-08 0.99535316 0.09629153 0.76728916 0.11215487
-0.060356297 0.28572497 -0.60218287 -0.9337267 0.35185686 0.06596359 0.27168432 0.35240197
0.06165596 0.2829438 -0.60549974 0.9344261 0.3521246 0.053442113 0.7228371 0.09980409
-0.060356297 0.28572497 -0.60218287 1.22888935e-08 0.9859263 0.16718088 0.76731503 0.1002736
-0.060356293 0.29923874 -0.7375274 -0.9357445 0.35267848 -9.536632e-08 0.2698124 0.3336541
0.060373608 0.29923874 -0.7375274 0.9357441 0.35267976 -1.356117e-08 0.7233323 0.08141347
-0.060356293 0.29923874 -0.7375274 7.871765e-08 0.9968694 -0.0790657 0.7673382 0.081447154
-0.06163867 0.29512617 -0.27086467 0.6176512 0.77561116 0.1301318 0.00798182 0.63229537
-0.06163867 0.29512617 -0.27086467 0.016053503 0.9333845 0.35851863 0.00798182 0.63229537
-0.061638657 0.23319292 -0.60549974 -1 7.549791e-08 -4.371139e-08 0.278961 0.3519425
-0.06163867 0.2973041 -0.27305967 0.006946294 0.9971624 0.074959874 0.76779914 0.14568517
-0.06163867 0.2973041 -0.27305967 0.0103121195 0.709825 0.7043026 0.523273 0.14011447
0.06771613 0.18985966 -1.8006101 -4.371148e-08 -1.3642326e-06 1 0.15676753 0.9724923
-0.067869395 0.1934042 -1.8006101 -4.371135e-08 4.040162e-07 1 0.15621497 0.9292563
-0.067698725 0.18985966 -1.8006101 -4.3711346e-08 4.1961152e-07 1 0.15676753 0.92931074
-0.062916316 0.14489704 -1.8006101 -4.371139e-08 -1.5125306e-07 1 0.16377711 0.9308358
0.066809535 0.17103176 -1.8006101 -4.3711392e-08 -2.1000803e-07 1 0.15970273 0.9722032
-0.066792145 0.17103176 -1.8006101 -4.371139e-08 -1.4770139e-07 1 0.15970273 0.9295999
0.05663971 0.120811135 -1.8006101 -4.371139e-08 -1.415673e-07 1 0.16753204 0.9689602
-0.062916316 0.14489704 -1.8006101 -4.371138e-08 -3.056193e-08 1 0.16377711 0.9308358
-0.056622323 0.12081115 -1.8006101 -4.371138e-08 -1.885105e-08 1 0.16753204 0.93284285
0.048169404 0.099699676 -1.8006101 -4.371139e-08 -1.4770139e-07 1 0.17082328 0.9662592
-0.056622323 0.12081115 -1.8006101 -4.371139e-08 -1.4770139e-07 1 0.16753204 0.93284285
-0.048152037 0.099699706 -1.8006101 -4.371139e-08 -1.4770139e-07 1 0.17082322 0.9355439
0.03784831 0.082373954 -1.8006101 -4.3711378e-08 1.0163575e-08 1 0.17352426 0.962968
-0.048152037 0.099699706 -1.8006101 -4.371141e-08 -3.8844368e-07 1 0.17082322 0.9355439
-0.03783096 0.08237399 -1.8006101 -4.3711413e-08 -4.5811e-07 1 0.17352426 0.9388351
0.02607309 0.069499806 -1.8006101 -4.371139e-08 -1.5586733e-07 1 0.17553134 0.959213
-0.03783096 0.08237399 -1.8006101 -4.37114e-08 -3.2413303e-07 1 0.17352426 0.9388351
-0.026055722 0.0694998 -1.8006101 -4.3711406e-08 -3.6823334e-07 1 0.17553134 0.94259
-0.013278834 0.06157191 -1.8006101 -4.3711363e-08 1.920226e-07 1 0.17676727 0.9466644
0.02607309 0.069499806 -1.8006101 -4.371139e-08 -1.4541254e-07 1 0.17553134 0.959213
-0.026055722 0.0694998 -1.8006101 -4.371136e-08 2.1042297e-07 1 0.17553134 0.94259
8.684744e-06 0.058894992 -1.8006101 -4.371139e-08 -1.4770139e-07 1 0.17718463 0.9509015
0.013296204 0.06157191 -1.8006101 -4.371139e-08 -1.4770139e-07 1 0.17676727 0.9551387
-0.013278834 0.06157191 -1.8006101 -4.371139e-08 -1.4770139e-07 1 0.17676727 0.9466644
0.066809535 0.17103176 -1.8006101 -4.371139e-08 -1.4913122e-07 1 0.15970273 0.9722032
-0.067698725 0.18985966 -1.8006101 -4.3711392e-08 -1.8101582e-07 1 0.15676753 0.92931074
-0.066792145 0.17103176 -1.8006101 -4.3711392e-08 -1.8263626e-07 1 0.15970273 0.9295999
-0.067869395 0.19340423 -1.8475263 4.3711296e-08 -1.069874e-06 -1 0.9646719 0.068926506
0.06771613 0.18985969 -1.8475263 4.3711434e-08 7.236581e-07 -1 0.9641193 0.11216245
-0.067698725 0.18985969 -1.8475263 4.3711296e-08 -1.0856921e-06 -1 0.9641193 0.06898091
-0.062916316 0.14489707 -1.8475263 4.371139e-08 1.388222e-07 -1 0.95710975 0.07050594
0.066809535 0.17103177 -1.8475263 4.3711378e-08 -8.06519e-09 -1 0.96118414 0.11187335
0.06293371 0.14489706 -1.8475263 4.3711378e-08 -2.1042954e-08 -1 0.95710975 0.11063742
-0.062916316 0.14489707 -1.8475263 4.371139e-08 1.5324851e-07 -1 0.95710975 0.07050594
0.05663971 0.120811164 -1.8475263 4.3711392e-08 2.0582863e-07 -1 0.95335484 0.1086304
-0.056622323 0.12081118 -1.8475263 4.371139e-08 1.4770139e-07 -1 0.95335484 0.072513014
-0.056622323 0.12081118 -1.8475263 4.371139e-08 1.4770139e-07 -1 0.95335484 0.072513014
0.048169404 0.099699706 -1.8475263 4.371139e-08 1.4770139e-07 -1 0.95006365 0.10592935
-0.048152037 0.099699736 -1.8475263 4.371139e-08 1.4770139e-07 -1 0.95006365 0.07521406
-0.048152037 0.099699736 -1.8475263 4.371139e-08 1.635344e-07 -1 0.95006365 0.07521406
0.03784831 0.082373984 -1.8475263 4.3711395e-08 2.5412552e-07 -1 0.9473626 0.10263812
-0.03783096 0.08237402 -1.8475263 4.371139e-08 1.4770139e-07 -1 0.9473626 0.07850523
-0.026055718 0.06949983 -1.8475263 4.371139e-08 1.3953544e-07 -1 0.94535553 0.08226017
0.03784831 0.082373984 -1.8475263 4.3711378e-08 -2.8730733e-08 -1 0.9473626 0.10263812
0.026073094 0.069499835 -1.8475263 4.3711374e-08 -7.283119e-08 -1 0.94535553 0.09888319
-0.013278832 0.06157194 -1.8475263 4.3711417e-08 5.055885e-07 -1 0.9441196 0.08633454
0.026073094 0.069499835 -1.8475263 4.3711417e-08 5.0123805e-07 -1 0.94535553 0.09888319
0.013296206 0.06157194 -1.8475263 4.3711417e-08 4.989442e-07 -1 0.9441196 0.09480887
8.686795e-06 0.05889502 -1.8475263 4.371139e-08 1.4770139e-07 -1 0.9437023 0.09057171
-0.013278832 0.06157194 -1.8475263 4.371139e-08 1.4770139e-07 -1 0.9441196 0.08633454
0.013296206 0.06157194 -1.8475263 4.371139e-08 1.4770139e-07 -1 0.9441196 0.09480887
-0.067698725 0.18985969 -1.8475263 4.371139e-08 1.4719653e-07 -1 0.9641193 0.06898091
0.066809535 0.17103177 -1.8475263 4.371139e-08 1.3726253e-07 -1 0.96118414 0.11187335
-0.066792145 0.17103179 -1.8475263 4.371139e-08 1.4770139e-07 -1 0.96118414 0.06927
0.06293371 0.14489703 -1.8006101 0.98918146 -0.14669748 -6.836528e-08 0.4646175 0.4192339
0.066809535 0.17103177 -1.8475263 0.98918146 -0.14669745 -5.19062e-08 0.44965667 0.41498145
0.066809535 0.17103176 -1.8006101 0.98918146 -0.14669748 -7.285479e-08 0.4646175 0.41498145
-0.013278834 0.06157191 -1.8006101 -0.19749352 -0.9803041 -6.1443524e-07 0.1476539 0.58707917
8.686795e-06 0.05889502 -1.8475263 -0.19749352 -0.9803042 -6.1443535e-07 0.13269307 0.5829033
8.684744e-06 0.058894992 -1.8006101 -0.19749352 -0.9803041 -6.1443524e-07 0.1476539 0.5829033
-0.067698725 0.18985966 -1.8006101 -0.99884284 -0.048094228 1.7902678e-08 0.32090107 0.43256873
-0.067869395 0.19340423 -1.8475263 -0.99884284 -0.048094314 -7.1174526e-08 0.3059402 0.43311802
-0.067698725 0.18985969 -1.8475263 -0.99884284 -0.04809431 -7.338188e-08 0.3059402 0.43256873
0.066809535 0.17103176 -1.8006101 0.99884266 -0.04809538 -9.582066e-09 0.4646175 0.41498145
0.06771613 0.18985969 -1.8475263 0.99884266 -0.04809536 1.06129505e-08 0.44965667 0.41206378
0.06771613 0.18985966 -1.8006101 0.99884284 -0.04809539 -1.2908263e-08 0.4646175 0.41206378
8.684744e-06 0.058894992 -1.8006101 0.1974934 -0.9803042 -5.9716984e-07 0.1476539 0.5829033
0.013296206 0.06157194 -1.8475263 0.19749339 -0.9803042 -5.9716984e-07 0.13269307 0.5786456
0.013296204 0.06157191 -1.8006101 0.1974934 -0.9803042 -5.9716984e-07 0.1476539 0.5786456
-0.066792145 0.17103176 -1.8006101 -0.9891814 -0.14669749 -9.082179e-08 0.32090107 0.4296511
-0.062916316 0.14489707 -1.8475263 -0.9891814 -0.14669749 -1.2466296e-07 0.3059402 0.42539862
-0.062916316 0.14489704 -1.8006101 -0.9891814 -0.14669748 -8.159101e-08 0.32090107 0.42539862
0.0678868 0.1934042 -1.8006101 -3.6892132e-08 0.99999994 5.9857916e-07 0.96664065 0.9686094
-0.067869395 0.19340423 -1.8475263 4.5294332e-08 0.99999994 5.45804e-07 0.9516798 0.925319
-0.067869395 0.1934042 -1.8006101 7.549788e-08 0.99999994 5.2640917e-07 0.96664065 0.925319
0.013296204 0.06157191 -1.8006101 0.5272382 -0.8497175 -5.0205705e-07 0.1476539 0.5786456
0.026073094 0.069499835 -1.8475263 0.52723867 -0.84971726 -5.020568e-07 0.13269307 0.57446975
0.02607309 0.069499806 -1.8006101 0.52723813 -0.8497176 -5.0205716e-07 0.1476539 0.57446975
-0.062916316 0.14489704 -1.8006101 -0.967512 -0.25282502 -1.9853061e-07 0.32090107 0.42539862
-0.056622323 0.12081118 -1.8475263 -0.967512 -0.25282502 -1.9853066e-07 0.3059402 0.4212689
-0.056622323 0.12081115 -1.8006101 -0.967512 -0.25282502 -1.9853066e-07 0.32090107 0.4212689
-0.067698725 0.18985966 -1.8006101 -0.9988428 -0.04809525 -4.214477e-08 0.32090107 0.43256873
-0.066792145 0.17103179 -1.8475263 -0.9988428 -0.048095234 -6.8965036e-08 0.3059402 0.4296511
-0.066792145 0.17103176 -1.8006101 -0.99884284 -0.048095252 -3.7727375e-08 0.32090107 0.4296511
0.02607309 0.069499806 -1.8006101 0.7378984 -0.6749116 -3.848233e-07 0.1476539 0.57446975
0.03784831 0.082373984 -1.8475263 0.7378984 -0.6749117 -3.8482332e-07 0.13269307 0.5705362
0.03784831 0.082373954 -1.8006101 0.7378984 -0.67491174 -3.8482335e-07 0.1476539 0.5705362
-0.056622323 0.12081115 -1.8006101 -0.9280864 -0.3723648 -2.7067975e-07 0.32090107 0.4212689
-0.048152037 0.099699736 -1.8475263 -0.92808646 -0.37236482 -2.706798e-07 0.3059402 0.4174207
-0.048152037 0.099699706 -1.8006101 -0.9280864 -0.3723648 -2.7067975e-07 0.32090107 0.4174207
0.06771613 0.18985966 -1.8006101 0.99884284 -0.04809438 1.9306144e-08 0.4646175 0.41206378
0.0678868 0.19340423 -1.8475263 0.99884284 -0.04809438 2.3586537e-07 0.44965667 0.4115145
0.0678868 0.1934042 -1.8006101 0.99884284 -0.04809438 1.3939763e-08 0.4646175 0.4115145
0.03784831 0.082373954 -1.8006101 0.8591148 -0.5117829 -2.7871542e-07 0.1476539 0.5705362
0.048169404 0.099699706 -1.8475263 0.85911494 -0.5117828 -2.7871536e-07 0.13269307 0.5669961
0.048169404 0.099699676 -1.8006101 0.8591148 -0.5117829 -2.7871542e-07 0.1476539 0.5669961
-0.048152037 0.099699706 -1.8006101 -0.85911536 -0.5117821 -3.538212e-07 0.32090107 0.4174207
-0.03783096 0.08237402 -1.8475263 -0.85911524 -0.51178217 -3.5382126e-07 0.3059402 0.41400182
-0.03783096 0.08237399 -1.8006101 -0.85911536 -0.51178205 -3.5382118e-07 0.32090107 0.41400182
0.048169404 0.099699676 -1.8006101 0.92808634 -0.3723651 -1.89544e-07 0.4646175 0.42721185
0.05663971 0.120811164 -1.8475263 0.92808634 -0.37236497 -1.8954391e-07 0.44965667 0.4233636
0.05663971 0.120811135 -1.8006101 0.92808634 -0.3723651 -1.89544e-07 0.4646175 0.4233636
-0.03783096 0.08237399 -1.8006101 -0.7378989 -0.67491126 -4.4933225e-07 0.1476539 0.5945529
-0.026055718 0.06949983 -1.8475263 -0.7378987 -0.6749115 -4.4933242e-07 0.13269307 0.5910128
-0.026055722 0.0694998 -1.8006101 -0.7378989 -0.6749112 -4.493322e-07 0.1476539 0.5910128
0.06293371 0.14489703 -1.8006101 0.967512 -0.25282517 -1.1394806e-07 0.4646175 0.4192339
0.05663971 0.120811164 -1.8475263 0.967512 -0.25282517 -1.1394808e-07 0.44965667 0.4233636
0.06293371 0.14489706 -1.8475263 0.967512 -0.2528252 -1.139481e-07 0.44965667 0.4192339
-0.026055722 0.0694998 -1.8006101 -0.52723825 -0.84971744 -5.481497e-07 0.1476539 0.5910128
-0.013278832 0.06157194 -1.8475263 -0.52723825 -0.84971744 -5.481497e-07 0.13269307 0.58707917
-0.013278834 0.06157191 -1.8006101 -0.52723825 -0.8497175 -5.481498e-07 0.1476539 0.58707917
0.0678868 0.1934042 -1.8006101 -4.371148e-08 -1.3779938e-06 1 0.15621497 0.97254676
0.06293371 0.14489703 -1.8006101 -4.3711392e-08 -2.1519914e-07 1 0.16377711 0.9709673
0.06293371 0.14489703 -1.8006101 -4.371139e-08 -1.4770139e-07 1 0.16377711 0.9709673
0.05663971 0.120811135 -1.8006101 -4.371139e-08 -1.4770139e-07 1 0.16753204 0.9689602
0.048169404 0.099699676 -1.8006101 -4.3711378e-08 2.9670543e-08 1 0.17082328 0.9662592
0.03784831 0.082373954 -1.8006101 -4.371139e-08 -1.4770139e-07 1 0.17352426 0.962968
0.013296204 0.06157191 -1.8006101 -4.37114e-08 -3.233228e-07 1 0.17676727 0.9551387
0.06771613 0.18985966 -1.8006101 -4.371139e-08 -1.4770139e-07 1 0.15676753 0.9724923
0.0678868 0.19340423 -1.8475263 4.3711434e-08 7.3761623e-07 -1 0.9646719 0.11221691
-0.066792145 0.17103179 -1.8475263 4.371139e-08 1.4770139e-07 -1 0.96118414 0.06927
0.06293371 0.14489706 -1.8475263 4.3711392e-08 2.0873416e-07 -1 0.95710975 0.11063742
0.05663971 0.120811164 -1.8475263 4.371139e-08 1.4770139e-07 -1 0.95335484 0.1086304
0.048169404 0.099699706 -1.8475263 4.3711395e-08 2.5855886e-07 -1 0.95006365 0.10592935
-0.03783096 0.08237402 -1.8475263 4.371139e-08 1.4770139e-07 -1 0.9473626 0.07850523
-0.026055718 0.06949983 -1.8475263 4.3711417e-08 5.058257e-07 -1 0.94535553 0.08226017
0.06771613 0.18985969 -1.8475263 4.371139e-08 1.3681705e-07 -1 0.9641193 0.11216245
0.06293371 0.14489706 -1.8475263 0.98918146 -0.14669742 -4.7416684e-08 0.44965667 0.4192339
-0.013278832 0.06157194 -1.8475263 -0.19749351 -0.9803042 -6.1443535e-07 0.13269307 0.58707917
-0.067869395 0.1934042 -1.8006101 -0.99884284 -0.048094228 2.0110036e-08 0.32090107 0.43311802
0.066809535 0.17103177 -1.8475263 0.99884284 -0.048095368 1.3939151e-08 0.44965667 0.41498145
8.686795e-06 0.05889502 -1.8475263 0.19749337 -0.9803042 -5.9716984e-07 0.13269307 0.5829033
-0.066792145 0.17103179 -1.8475263 -0.9891814 -0.14669748 -1.3389376e-07 0.3059402 0.4296511
0.0678868 0.19340423 -1.8475263 -6.7095684e-08 0.99999994 6.17974e-07 0.9516798 0.9686094
0.013296206 0.06157194 -1.8475263 0.5272388 -0.8497172 -5.020568e-07 0.13269307 0.5786456
-0.062916316 0.14489707 -1.8475263 -0.967512 -0.25282505 -1.9853066e-07 0.3059402 0.42539862
-0.067698725 0.18985969 -1.8475263 -0.99884284 -0.048095237 -7.338245e-08 0.3059402 0.43256873
0.026073094 0.069499835 -1.8475263 0.7378984 -0.6749116 -3.848233e-07 0.13269307 0.57446975
-0.056622323 0.12081118 -1.8475263 -0.92808646 -0.37236482 -2.706798e-07 0.3059402 0.4212689
0.06771613 0.18985969 -1.8475263 0.99884284 -0.04809438 2.4123176e-07 0.44965667 0.41206378
0.03784831 0.082373984 -1.8475263 0.85911494 -0.51178277 -2.7871533e-07 0.13269307 0.5705362
-0.048152037 0.099699736 -1.8475263 -0.85911524 -0.51178217 -3.5382126e-07 0.3059402 0.4174207
0.048169404 0.099699706 -1.8475263 0.92808634 -0.37236497 -1.8954394e-07 0.44965667 0.42721185
-0.03783096 0.08237402 -1.8475263 -0.7378986 -0.67491156 -4.4933245e-07 0.13269307 0.5945529
0.05663971 0.120811135 -1.8006101 0.967512 -0.25282517 -1.13948076e-07 0.4646175 0.4233636
-0.026055718 0.06949983 -1.8475263 -0.5272383 -0.8497175 -5.481498e-07 0.13269307 0.5910128
0.03295712 0.15369858 -3.0962746 0.9945227 0.1045205 9.697671e-08 0.015347498 0.15511584
0.032324012 0.1597223 -2.6914086 0.9945227 0.104520515 1.07983574e-07 0.019417422 0.54927236
0.032957107 0.15369834 -2.6914086 0.9945227 0.10452051 1.08062956e-07 0.015347467 0.54927236
0.032324027 0.15972254 -3.0962746 0.95140016 0.30795735 2.2559651e-07 0.019417422 0.15511584
0.030449059 0.16551475 -2.6914086 0.9514002 0.30795726 2.0742691e-07 0.023738066 0.54927236
0.032324012 0.1597223 -2.6914086 0.95140016 0.30795726 2.0729586e-07 0.019417422 0.54927236
0.030449077 0.16551499 -3.0962746 0.8686448 0.49543548 3.18682e-07 0.023738066 0.15511584
0.027404305 0.17085311 -2.6914086 0.86864483 0.4954354 3.197566e-07 0.028143343 0.54927236
0.030449059 0.16551475 -2.6914086 0.86864483 0.49543536 3.197643e-07 0.023738066 0.54927236
0.027404323 0.17085335 -3.0962746 0.7523109 0.65880823 4.0318486e-07 0.028143343 0.15511584
0.023306752 0.17553222 -2.6914086 0.75231135 0.65880775 4.0388343e-07 0.032463986 0.54927236
0.027404305 0.17085311 -2.6914086 0.7523114 0.65880775 4.0388846e-07 0.028143343 0.54927236
0.02330677 0.17553245 -3.0962746 0.6096478 0.7926724 4.709599e-07 0.032463986 0.15511584
0.018313868 0.17937227 -2.6914086 0.6096478 0.7926724 4.748584e-07 0.03653391 0.54927236
0.023306752 0.17553222 -2.6914086 0.6096478 0.79267246 4.7488655e-07 0.032463986 0.54927236
0.018313887 0.17937249 -3.0962746 0.44787174 0.8940978 5.2353585e-07 0.03653391 0.15511584
0.012617531 0.18222567 -2.6914086 0.44787133 0.89409804 5.221594e-07 0.040196788 0.54927236
0.018313868 0.17937227 -2.6914086 0.4478713 0.89409804 5.221494e-07 0.03653391 0.54927236
0.012617549 0.18222591 -3.0962746 0.27344877 0.96188664 5.5380536e-07 0.040196788 0.15511584
0.006436644 0.1839828 -2.6914086 0.27344877 0.96188664 5.5392786e-07 0.04331179 0.54927236
0.012617531 0.18222567 -2.6914086 0.27344874 0.9618866 5.539287e-07 0.040196788 0.54927236
0.006436662 0.18398303 -3.0962746 0.091911234 0.99576724 5.604959e-07 0.44254872 0.8386739
8.732742e-06 0.18457612 -2.6914086 0.091911234 0.99576724 5.650526e-07 0.8367052 0.83501107
0.006436644 0.1839828 -2.6914086 0.09191122 0.99576724 5.6508543e-07 0.8367052 0.8386739
8.750439e-06 0.18457635 -3.0962746 -0.09191115 0.99576724 5.5696086e-07 0.44254872 0.83501107
-0.0064191753 0.1839828 -2.6914086 -0.09191115 0.99576724 5.525503e-07 0.8367052 0.8309411
8.732742e-06 0.18457612 -2.6914086 -0.09191114 0.99576724 5.5251843e-07 0.8367052 0.83501107
-0.0064191576 0.18398303 -3.0962746 -0.27344862 0.9618866 5.300948e-07 0.44254872 0.83094114
-0.012600062 0.18222569 -2.6914086 -0.27344763 0.96188694 5.300238e-07 0.8367052 0.82662046
-0.0064191753 0.1839828 -2.6914086 -0.27344763 0.9618869 5.3002327e-07 0.8367052 0.8309411
-0.012600045 0.18222591 -3.0962746 -0.44787207 0.89409775 4.8395935e-07 0.44254872 0.82662046
-0.018296402 0.17937228 -2.6914086 -0.44787124 0.89409804 4.8300205e-07 0.8367052 0.8222152
-0.012600062 0.18222569 -2.6914086 -0.44787124 0.8940981 4.8299523e-07 0.8367052 0.82662046
-0.018296383 0.1793725 -3.0962746 -0.6096478 0.79267246 4.2224215e-07 0.44254872 0.8222152
-0.023289287 0.17553222 -2.6914086 -0.6096475 0.79267263 4.1569206e-07 0.8367052 0.8178946
-0.018296402 0.17937228 -2.6914086 -0.60964745 0.7926727 4.1564482e-07 0.8367052 0.8222152
-0.023289269 0.17553246 -3.0962746 -0.7523111 0.65880805 3.391889e-07 0.44254872 0.8178946
-0.027386842 0.17085312 -2.6914086 -0.7523109 0.6588083 3.381273e-07 0.8367052 0.8138246
-0.023289287 0.17553222 -2.6914086 -0.75231093 0.65880835 3.381197e-07 0.8367052 0.8178946
-0.027386824 0.17085335 -3.0962746 -0.8686446 0.49543574 2.4989333e-07 0.44254872 0.8138246
-0.030431598 0.16551477 -2.6914086 -0.8686448 0.49543536 2.4386839e-07 0.8367052 0.81016177
-0.027386842 0.17085312 -2.6914086 -0.8686448 0.49543536 2.438249e-07 0.8367052 0.8138246
-0.03043158 0.16551499 -3.0962746 -0.9514001 0.30795765 1.2302591e-07 0.44254872 0.81016177
-0.03230655 0.1597223 -2.6914086 -0.9514001 0.3079576 1.3632642e-07 0.8367052 0.8070468
-0.030431598 0.16551477 -2.6914086 -0.9514001 0.3079576 1.3642236e-07 0.8367052 0.81016177
-0.032306533 0.15972254 -3.0962746 -0.99452275 0.10452032 1.4108098e-08 0.5311409 0.7382693
-0.032939643 0.15369835 -2.6914086 -0.99452275 0.10452033 2.1068631e-08 0.9252975 0.73460644
-0.03230655 0.1597223 -2.6914086 -0.99452275 0.10452032 2.1118836e-08 0.9252975 0.7382693
-0.032939628 0.15369858 -3.0962746 -0.99452275 -0.10452028 -1.0916456e-07 0.5311409 0.7346065
-0.03230655 0.1476744 -2.6914086 -0.99452275 -0.10452029 -9.579546e-08 0.9252975 0.7305365
-0.032939643 0.15369835 -2.6914086 -0.99452275 -0.10452028 -9.5699015e-08 0.9252975 0.73460644
-0.032306533 0.14767464 -3.0962746 -0.9514001 -0.30795756 -2.2559661e-07 0.5311409 0.7305365
-0.030431598 0.14188194 -2.6914086 -0.9514001 -0.30795756 -2.0742708e-07 0.9252975 0.7262159
-0.03230655 0.1476744 -2.6914086 -0.9514001 -0.30795756 -2.0729603e-07 0.9252975 0.7305365
-0.03043158 0.14188217 -3.0962746 -0.8686449 -0.4954353 -3.1868188e-07 0.5311409 0.72621596
-0.027386842 0.13654359 -2.6914086 -0.86864483 -0.4954354 -3.197566e-07 0.9252975 0.7218106
-0.030431598 0.14188194 -2.6914086 -0.86864483 -0.49543533 -3.1976433e-07 0.9252975 0.7262159
-0.027386824 0.13654381 -3.0962746 -0.7523112 -0.65880793 -4.031847e-07 0.5311409 0.7218106
-0.023289293 0.13186447 -2.6914086 -0.7523112 -0.65880793 -4.0388352e-07 0.9252975 0.71749
-0.027386842 0.13654359 -2.6914086 -0.7523112 -0.65880793 -4.0388852e-07 0.9252975 0.7218106
-0.023289274 0.1318647 -3.0962746 -0.60964775 -0.79267246 -4.7095998e-07 0.5311409 0.71749
-0.018296415 0.12802443 -2.6914086 -0.60964775 -0.79267246 -4.7485838e-07 0.9252975 0.71342003
-0.023289293 0.13186447 -2.6914086 -0.60964775 -0.79267246 -4.748865e-07 0.9252975 0.71749
-0.018296396 0.12802467 -3.0962746 -0.44787169 -0.8940979 -5.23536e-07 0.5311409 0.7134201
-0.012600072 0.12517102 -2.6914086 -0.4478725 -0.8940975 -5.221591e-07 0.9252975 0.7097572
-0.018296415 0.12802443 -2.6914086 -0.44787246 -0.89409745 -5.221491e-07 0.9252975 0.71342003
-0.012600054 0.12517124 -3.0962746 -0.27344757 -0.9618869 -5.538055e-07 0.1613072 0.15511577
-0.006419182 0.12341389 -2.6914086 -0.2734486 -0.9618866 -5.5392786e-07 0.1644222 0.54927236
-0.012600072 0.12517102 -2.6914086 -0.2734486 -0.96188664 -5.5392877e-07 0.1613072 0.54927236
-0.006419164 0.12341412 -3.0962746 -0.091911234 -0.99576724 -5.695843e-07 0.1644222 0.15511577
8.729912e-06 0.122820586 -2.6914086 -0.09191122 -0.99576724 -5.650277e-07 0.16808505 0.54927236
-0.006419182 0.12341389 -2.6914086 -0.09191122 -0.99576724 -5.6499476e-07 0.1644222 0.54927236
8.747609e-06 0.12282081 -3.0962746 0.091911085 -0.99576724 -5.571146e-07 0.16808505 0.15511577
0.0064366413 0.12341389 -2.6914086 0.091911085 -0.99576724 -5.6146007e-07 0.17215501 0.54927236
8.729912e-06 0.122820586 -2.6914086 0.09191108 -0.99576724 -5.614914e-07 0.16808505 0.54927236
0.006436659 0.12341412 -3.0962746 0.27344748 -0.9618869 -5.300949e-07 0.17215501 0.15511577
0.012617533 0.12517102 -2.6914086 0.2734485 -0.9618867 -5.3002367e-07 0.17647564 0.54927236
0.0064366413 0.12341389 -2.6914086 0.27344847 -0.96188664 -5.300231e-07 0.17215501 0.54927236
0.012617551 0.12517124 -3.0962746 0.4478715 -0.8940979 -4.8685627e-07 0.17647564 0.15511577
0.018313859 0.12802441 -2.6914086 0.4478719 -0.89409775 -4.801049e-07 0.18088092 0.54927236
0.012617533 0.12517102 -2.6914086 0.4478719 -0.8940978 -4.800563e-07 0.17647564 0.54927236
0.018313877 0.12802465 -3.0962746 0.60964733 -0.79267275 -4.2224235e-07 0.18088092 0.15511577
0.023306746 0.13186447 -2.6914086 0.60964733 -0.79267275 -4.156921e-07 0.18520157 0.54927236
0.018313859 0.12802441 -2.6914086 0.60964733 -0.7926728 -4.1564493e-07 0.18088092 0.54927236
0.023306765 0.1318647 -3.0962746 0.75231093 -0.65880835 -3.3918917e-07 0.18520157 0.15511577
0.0274043 0.13654357 -2.6914086 0.7523111 -0.65880805 -3.3812714e-07 0.1892715 0.54927236
0.023306746 0.13186447 -2.6914086 0.7523111 -0.65880805 -3.3811946e-07 0.18520157 0.54927236
0.02740432 0.13654381 -3.0962746 0.8686449 -0.49543533 -2.37794e-07 0.1892715 0.15511577
0.03044906 0.14188194 -2.6914086 0.8686447 -0.49543566 -2.4378193e-07 0.19293436 0.54927236
0.0274043 0.13654357 -2.6914086 0.86864465 -0.4954356 -2.4382507e-07 0.1892715 0.54927236
0.032324027 0.15972254 -3.0962746 0.95140016 0.30795726 2.1417563e-07 0.019417422 0.15511584
0.030449085 0.16551507 -3.2456698 0.95140016 0.30795723 1.9886902e-07 0.023738066 0.00967214
0.030449077 0.16551499 -3.0962746 0.95140016 0.30795723 2.1448241e-07 0.023738066 0.15511584
0.03044908 0.14188217 -3.0962746 0.95140016 -0.30795732 -1.3515118e-07 0.00856962 0.15511584
0.032324012 0.1476744 -2.6914086 0.95140016 -0.30795735 -1.242008e-07 0.011684622 0.54927236
0.03044906 0.14188194 -2.6914086 0.95140016 -0.30795732 -1.2412178e-07 0.00856962 0.54927236
0.032324012 0.1476744 -2.6914086 0.99452275 -0.10452041 -1.4108151e-08 0.011684622 0.54927236
0.03295712 0.15369858 -3.0962746 0.99452275 -0.10452041 -2.106869e-08 0.015347498 0.15511584
0.032957107 0.15369834 -2.6914086 0.99452275 -0.10452041 -1.4057944e-08 0.015347467 0.54927236
-0.03230655 0.1597223 -2.6914086 -4.3711353e-08 4.267714e-07 1 0.050610147 0.83477825
-0.006419182 0.12341389 -2.6914086 -4.3711402e-08 -2.2641555e-07 1 0.020198401 0.84400356
0.032324012 0.1476744 -2.6914086 -4.371144e-08 -7.22171e-07 1 0.010973097 0.81359184
-0.030431572 0.14188226 -3.2456698 4.3711406e-08 2.829369e-07 -1 0.9133945 0.24356481
-0.012600038 0.182226 -3.2456698 4.3711488e-08 1.3244149e-06 -1 0.9283755 0.27159244
0.030449085 0.16551507 -3.2456698 4.37114e-08 1.9080488e-07 -1 0.9003479 0.28657344
-0.012600045 0.18222591 -3.0962746 -0.44787177 0.89409786 4.8153527e-07 0.44254872 0.82662046
-0.018296376 0.1793726 -3.2456698 -0.44787183 0.89409775 4.772903e-07 0.297105 0.8222152
-0.018296383 0.1793725 -3.0962746 -0.44787174 0.8940978 4.8162036e-07 0.44254872 0.8222152
-0.027386824 0.13654381 -3.0962746 -0.75231135 -0.6588078 -3.9592766e-07 0.5311409 0.7218106
-0.023289267 0.13186479 -3.2456698 -0.75231135 -0.6588078 -4.0715491e-07 0.38569722 0.71749
-0.023289274 0.1318647 -3.0962746 -0.7523112 -0.65880775 -3.957026e-07 0.5311409 0.71749
0.023306765 0.1318647 -3.0962746 0.7523114 -0.65880775 -3.2146906e-07 0.18520157 0.15511577
0.027404327 0.13654388 -3.2456698 0.7523107 -0.65880847 -3.4121544e-07 0.1892715 0.009672036
0.02740432 0.13654381 -3.0962746 0.7523114 -0.65880775 -3.2107326e-07 0.1892715 0.15511577
0.012617549 0.18222591 -3.0962746 0.27344856 0.96188664 5.479843e-07 0.040196788 0.15511584
0.0064366683 0.18398312 -3.2456698 0.27344796 0.9618868 5.471703e-07 0.04331179 0.009672141
0.006436662 0.18398303 -3.0962746 0.2734486 0.96188664 5.480006e-07 0.04331179 0.15511584
-0.032939628 0.15369858 -3.0962746 -0.99452275 0.104520306 9.122121e-09 0.5311409 0.7346065
-0.032306526 0.15972261 -3.2456698 -0.99452275 0.10452029 2.0883082e-08 0.38569722 0.7382693
-0.03293962 0.15369867 -3.2456698 -0.99452275 0.1045203 2.1118822e-08 0.38569722 0.7346065
8.747609e-06 0.12282081 -3.0962746 0.09191032 -0.99576724 -5.5030847e-07 0.16808505 0.15511577
0.0064366655 0.1234142 -3.2456698 0.09191034 -0.99576724 -5.61982e-07 0.17215501 0.009672036
0.006436659 0.12341412 -3.0962746 0.091910325 -0.99576724 -5.5007445e-07 0.17215501 0.15511577
0.030449077 0.16551499 -3.0962746 0.8686447 0.49543563 2.9974564e-07 0.023738066 0.15511584
0.02740433 0.17085342 -3.2456698 0.8686447 0.49543563 3.4326376e-07 0.028143343 0.00967214
0.027404323 0.17085335 -3.0962746 0.8686447 0.49543563 2.9887335e-07 0.028143343 0.15511584
-0.023289269 0.17553246 -3.0962746 -0.6096475 0.7926727 4.183919e-07 0.44254872 0.8178946
-0.018296376 0.1793726 -3.2456698 -0.60964745 0.79267275 4.1494076e-07 0.297105 0.8222152
-0.023289261 0.17553253 -3.2456698 -0.6096474 0.79267275 4.1487158e-07 0.297105 0.8178946
-0.023289274 0.1318647 -3.0962746 -0.60964763 -0.7926726 -4.7168905e-07 0.5311409 0.71749
-0.018296389 0.12802474 -3.2456698 -0.6096476 -0.79267263 -4.6823777e-07 0.38569722 0.7134201
-0.018296396 0.12802467 -3.0962746 -0.6096476 -0.7926726 -4.7175817e-07 0.5311409 0.7134201
0.02740432 0.13654381 -3.0962746 0.8686448 -0.49543548 -2.5209224e-07 0.1892715 0.15511577
0.030449087 0.14188226 -3.2456698 0.8686446 -0.49543568 -2.3550537e-07 0.19293436 0.009672036
0.03044908 0.14188217 -3.0962746 0.8686448 -0.49543548 -2.5242468e-07 0.19293436 0.15511577
0.006436662 0.18398303 -3.0962746 0.0919105 0.99576724 5.582107e-07 0.44254872 0.8386739
8.756969e-06 0.18457642 -3.2456698 0.09191186 0.9957671 5.579746e-07 0.297105 0.83501107
8.750439e-06 0.18457635 -3.0962746 0.091910474 0.99576724 5.5821545e-07 0.44254872 0.83501107
-0.032939628 0.15369858 -3.0962746 -0.99452275 -0.10452029 -9.606611e-08 0.5311409 0.7346065
-0.032306526 0.14767471 -3.2456698 -0.99452275 -0.10452027 -1.07827084e-07 0.38569722 0.7305365
-0.032306533 0.14767464 -3.0962746 -0.99452275 -0.10452029 -9.5830366e-08 0.5311409 0.7305365
0.006436659 0.12341412 -3.0962746 0.2734483 -0.9618867 -5.223603e-07 0.17215501 0.15511577
0.012617557 0.12517133 -3.2456698 0.2734489 -0.9618865 -5.232309e-07 0.17647564 0.009672036
0.012617551 0.12517124 -3.0962746 0.27344832 -0.96188676 -5.223428e-07 0.17647564 0.15511577
0.027404323 0.17085335 -3.0962746 0.7523113 0.6588079 3.959277e-07 0.028143343 0.15511584
0.023306778 0.17553253 -3.2456698 0.7523113 0.65880775 4.0715494e-07 0.032463986 0.00967214
0.02330677 0.17553245 -3.0962746 0.7523113 0.6588079 3.9570264e-07 0.032463986 0.15511584
-0.027386824 0.17085335 -3.0962746 -0.7523114 0.65880775 3.4584497e-07 0.44254872 0.8138246
-0.023289261 0.17553253 -3.2456698 -0.7523107 0.65880847 3.2569966e-07 0.297105 0.8178946
-0.027386816 0.17085344 -3.2456698 -0.7523107 0.65880847 3.2529584e-07 0.297105 0.81382465
-0.018296396 0.12802467 -3.0962746 -0.4478724 -0.8940975 -5.1350344e-07 0.5311409 0.7134201
-0.0126000475 0.12517133 -3.2456698 -0.4478724 -0.8940975 -5.2411065e-07 0.38569722 0.7097572
-0.012600054 0.12517124 -3.0962746 -0.4478724 -0.89409757 -5.1329084e-07 0.5311409 0.7097572
0.03044908 0.14188217 -3.0962746 0.95140016 -0.30795735 -1.2732339e-07 0.00856962 0.15511584
0.032324035 0.14767471 -3.2456698 0.95140016 -0.30795723 -1.1562264e-07 0.011684622 0.009672139
0.032324027 0.14767462 -3.0962746 0.95140016 -0.30795732 -1.2755788e-07 0.011684622 0.15511584
-0.0064191576 0.18398303 -3.0962746 -0.0919104 0.99576724 5.499395e-07 0.44254872 0.83094114
8.756969e-06 0.18457642 -3.2456698 -0.09191176 0.9957671 5.5017557e-07 0.297105 0.83501107
-0.006419151 0.18398312 -3.2456698 -0.09191179 0.9957671 5.501803e-07 0.297105 0.83094114
-0.032306533 0.14767464 -3.0962746 -0.9514001 -0.3079575 -2.1417576e-07 0.5311409 0.7305365
-0.030431572 0.14188226 -3.2456698 -0.9514001 -0.30795744 -1.9886915e-07 0.38569722 0.72621596
-0.03043158 0.14188217 -3.0962746 -0.9514001 -0.3079575 -2.1448257e-07 0.5311409 0.72621596
0.012617551 0.12517124 -3.0962746 0.44787186 -0.89409775 -4.738783e-07 0.17647564 0.15511577
0.018313885 0.12802473 -3.2456698 0.44787148 -0.894098 -4.8494724e-07 0.18088092 0.009672036
0.018313877 0.12802465 -3.0962746 0.44787186 -0.89409775 -4.736564e-07 0.18088092 0.15511577
0.02330677 0.17553245 -3.0962746 0.60964817 0.79267204 4.7168865e-07 0.032463986 0.15511584
0.018313894 0.17937258 -3.2456698 0.6096473 0.79267275 4.6823783e-07 0.03653391 0.00967214
0.018313887 0.17937249 -3.0962746 0.60964817 0.79267204 4.7175783e-07 0.03653391 0.15511584
-0.027386824 0.17085335 -3.0962746 -0.8686447 0.49543554 2.2034128e-07 0.44254872 0.8138246
-0.030431572 0.16551508 -3.2456698 -0.8686447 0.49543554 2.672562e-07 0.297105 0.81016177
-0.03043158 0.16551499 -3.0962746 -0.8686447 0.4954355 2.1940087e-07 0.44254872 0.81016177
-0.012600054 0.12517124 -3.0962746 -0.2734484 -0.96188664 -5.4798437e-07 0.1613072 0.15511577
-0.0064191576 0.1234142 -3.2456698 -0.27344835 -0.96188664 -5.4717026e-07 0.1644222 0.009672035
-0.006419164 0.12341412 -3.0962746 -0.2734484 -0.96188664 -5.480007e-07 0.1644222 0.15511577
0.032324027 0.15972254 -3.0962746 0.9945227 0.104520515 9.503629e-08 0.019417422 0.15511584
0.03295713 0.15369865 -3.2456698 0.9945227 0.10452049 1.0780697e-07 0.015347467 0.00967214
0.032324035 0.15972261 -3.2456698 0.9945227 0.1045205 1.08062956e-07 0.019417422 0.00967214
0.032324027 0.14767462 -3.0962746 0.99452275 -0.104520395 -8.092196e-09 0.011684622 0.15511584
0.03295713 0.15369865 -3.2456698 0.99452275 -0.10452039 -2.08629e-08 0.015347467 0.00967214
0.03295712 0.15369858 -3.0962746 0.99452275 -0.1045204 -7.836224e-09 0.015347498 0.15511584
-0.0064191576 0.18398303 -3.0962746 -0.2734478 0.9618868 5.2615627e-07 0.44254872 0.83094114
-0.012600038 0.182226 -3.2456698 -0.2734478 0.9618868 5.1943516e-07 0.297105 0.82662046
-0.012600045 0.18222591 -3.0962746 -0.27344784 0.9618869 5.2629105e-07 0.44254872 0.82662046
-0.03043158 0.14188217 -3.0962746 -0.8686448 -0.4954355 -3.314965e-07 0.5311409 0.72621596
-0.027386816 0.1365439 -3.2456698 -0.8686448 -0.49543542 -3.1151268e-07 0.38569722 0.72181064
-0.027386824 0.13654381 -3.0962746 -0.8686448 -0.4954355 -3.3189707e-07 0.5311409 0.7218106
0.018313877 0.12802465 -3.0962746 0.6096477 -0.7926725 -4.1038e-07 0.18088092 0.15511577
0.023306772 0.13186479 -3.2456698 0.60964686 -0.79267305 -4.1478353e-07 0.18520157 0.009672036
0.023306765 0.1318647 -3.0962746 0.6096477 -0.79267246 -4.1029173e-07 0.18520157 0.15511577
0.018313887 0.17937249 -3.0962746 0.44787186 0.8940978 5.135035e-07 0.03653391 0.15511584
0.012617555 0.18222599 -3.2456698 0.44787127 0.8940981 5.2411093e-07 0.040196788 0.009672141
0.012617549 0.18222591 -3.0962746 0.44787183 0.89409775 5.132909e-07 0.040196788 0.15511584
-0.03043158 0.16551499 -3.0962746 -0.9514001 0.30795768 1.5937319e-07 0.44254872 0.81016177
-0.032306526 0.15972261 -3.2456698 -0.9514001 0.30795768 8.357331e-08 0.297105 0.8070468
-0.032306533 0.15972254 -3.0962746 -0.95140004 0.30795765 1.6089251e-07 0.44254872 0.8070468
-0.006419164 0.12341412 -3.0962746 -0.09191047 -0.99576724 -5.700191e-07 0.1644222 0.15511577
8.754139e-06 0.1228209 -3.2456698 -0.09191049 -0.99576724 -5.5844737e-07 0.16808505 0.009672036
8.747609e-06 0.12282081 -3.0962746 -0.091910474 -0.99576724 -5.70251e-07 0.16808505 0.15511577
0.032324027 0.15972254 -3.0962746 0.9945227 0.10452049 9.689731e-08 0.019417422 0.15511584
0.030449077 0.16551499 -3.0962746 0.95140016 0.30795732 2.2572753e-07 0.023738066 0.15511584
0.027404323 0.17085335 -3.0962746 0.8686448 0.49543548 3.1867427e-07 0.028143343 0.15511584
0.02330677 0.17553245 -3.0962746 0.7523109 0.65880823 4.031798e-07 0.032463986 0.15511584
0.018313887 0.17937249 -3.0962746 0.6096478 0.79267246 4.7093175e-07 0.03653391 0.15511584
0.012617549 0.18222591 -3.0962746 0.44787174 0.8940978 5.2354585e-07 0.040196788 0.15511584
0.006436662 0.18398303 -3.0962746 0.27344874 0.9618866 5.5380445e-07 0.04331179 0.15511584
8.750439e-06 0.18457635 -3.0962746 0.09191123 0.99576724 5.60463e-07 0.44254872 0.83501107
-0.0064191576 0.18398303 -3.0962746 -0.091911145 0.99576724 5.569927e-07 0.44254872 0.83094114
-0.012600045 0.18222591 -3.0962746 -0.27344862 0.9618866 5.300953e-07 0.44254872 0.82662046
-0.018296383 0.1793725 -3.0962746 -0.44787207 0.8940977 4.8396623e-07 0.44254872 0.8222152
-0.023289269 0.17553246 -3.0962746 -0.6096478 0.79267246 4.222894e-07 0.44254872 0.8178946
-0.027386824 0.17085335 -3.0962746 -0.7523111 0.65880805 3.3919656e-07 0.44254872 0.8138246
-0.03043158 0.16551499 -3.0962746 -0.8686446 0.49543577 2.4993685e-07 0.44254872 0.81016177
-0.032306533 0.15972254 -3.0962746 -0.9514001 0.30795762 1.2292998e-07 0.44254872 0.8070468
-0.032939628 0.15369858 -3.0962746 -0.99452275 0.104520306 1.4057886e-08 0.5311409 0.7346065
-0.032306533 0.14767464 -3.0962746 -0.99452275 -0.10452028 -1.0926099e-07 0.5311409 0.7305365
-0.03043158 0.14188217 -3.0962746 -0.9514001 -0.30795756 -2.2572767e-07 0.5311409 0.72621596
-0.027386824 0.13654381 -3.0962746 -0.8686449 -0.49543527 -3.186741e-07 0.5311409 0.7218106
-0.023289274 0.1318647 -3.0962746 -0.7523112 -0.65880793 -4.0317968e-07 0.5311409 0.71749
-0.018296396 0.12802467 -3.0962746 -0.60964775 -0.79267246 -4.7093184e-07 0.5311409 0.7134201
-0.012600054 0.12517124 -3.0962746 -0.44787166 -0.89409786 -5.2354596e-07 0.5311409 0.7097572
-0.006419164 0.12341412 -3.0962746 -0.2734476 -0.9618869 -5.538046e-07 0.1644222 0.15511577
8.747609e-06 0.12282081 -3.0962746 -0.09191123 -0.99576724 -5.6961716e-07 0.16808505 0.15511577
0.006436659 0.12341412 -3.0962746 0.091911085 -0.99576724 -5.570833e-07 0.17215501 0.15511577
0.012617551 0.12517124 -3.0962746 0.27344748 -0.9618869 -5.300954e-07 0.17647564 0.15511577
0.018313877 0.12802465 -3.0962746 0.4478715 -0.89409804 -4.869051e-07 0.18088092 0.15511577
0.023306765 0.1318647 -3.0962746 0.60964733 -0.7926728 -4.2228965e-07 0.18520157 0.15511577
0.02740432 0.13654381 -3.0962746 0.7523109 -0.6588083 -3.3919682e-07 0.1892715 0.15511577
0.03044908 0.14188217 -3.0962746 0.8686449 -0.49543527 -2.3775078e-07 0.19293436 0.15511577
0.032324035 0.15972261 -3.2456698 0.95140016 0.3079572 1.985622e-07 0.019417422 0.00967214
0.032324027 0.14767462 -3.0962746 0.95140016 -0.3079573 -1.3523015e-07 0.011684622 0.15511584
0.032324027 0.14767462 -3.0962746 0.99452275 -0.104520395 -2.111888e-08 0.011684622 0.15511584
0.032957107 0.15369834 -2.6914086 -4.37114e-08 -1.477014e-07 1 0.013420531 0.80992895
0.032324012 0.1597223 -2.6914086 -4.371134e-08 6.445175e-07 1 0.016535535 0.80681396
0.030449059 0.16551475 -2.6914086 -4.37096e-08 2.3624863e-05 1 0.020198394 0.8043665
0.027404305 0.17085311 -2.6914086 -4.3711292e-08 1.2292539e-06 1 0.024268338 0.80268073
0.023306752 0.17553222 -2.6914086 -4.3713193e-08 -2.3920456e-05 1 0.028588977 0.8018213
0.018313868 0.17937227 -2.6914086 -4.3711577e-08 -2.5243758e-06 1 0.032994248 0.8018213
0.012617531 0.18222567 -2.6914086 -4.3714987e-08 -4.7693142e-05 1 0.03731488 0.8026807
0.006436644 0.1839828 -2.6914086 -4.3711573e-08 -2.4691972e-06 1 0.041384827 0.8043665
8.732742e-06 0.18457612 -2.6914086 -4.37114e-08 -1.477014e-07 1 0.04504769 0.80681396
-0.0064191753 0.1839828 -2.6914086 -4.371214e-08 -9.984448e-06 1 0.048162684 0.80992895
-0.012600062 0.18222569 -2.6914086 -4.3707807e-08 4.7397712e-05 1 0.050610133 0.81359184
-0.018296402 0.17937228 -2.6914086 -4.3711264e-08 1.6136963e-06 1 0.052295964 0.81766176
-0.023289287 0.17553222 -2.6914086 -4.3713193e-08 -2.3920502e-05 1 0.053155392 0.8219824
-0.027386842 0.17085312 -2.6914086 -4.3710994e-08 5.1667885e-06 1 0.053155392 0.8263877
-0.030431598 0.16551477 -2.6914086 -4.37105e-08 1.1738675e-05 1 0.052295968 0.8307083
-0.032939643 0.15369835 -2.6914086 -4.37114e-08 -1.477014e-07 1 0.0481627 0.83844113
-0.03230655 0.1476744 -2.6914086 -4.3711456e-08 -9.3993157e-07 1 0.0450477 0.84155613
-0.030431598 0.14188194 -2.6914086 -4.3713193e-08 -2.3920456e-05 1 0.041384842 0.84400356
-0.027386842 0.13654359 -2.6914086 -4.3711605e-08 -2.9016287e-06 1 0.037314888 0.84568936
-0.023289293 0.13186447 -2.6914086 -4.37096e-08 2.3625003e-05 1 0.03299426 0.8465488
-0.018296415 0.12802443 -2.6914086 -4.371134e-08 6.445223e-07 1 0.028588986 0.8465488
-0.012600072 0.12517102 -2.6914086 -4.37114e-08 -1.477014e-07 1 0.024268355 0.8456894
8.729912e-06 0.122820586 -2.6914086 -4.37114e-08 -1.477014e-07 1 0.016535552 0.84155613
0.0064366413 0.12341389 -2.6914086 -4.3711278e-08 1.4367508e-06 1 0.013420544 0.83844113
0.012617533 0.12517102 -2.6914086 -4.3707807e-08 4.7397854e-05 1 0.010973097 0.8347783
0.018313859 0.12802441 -2.6914086 -4.3711246e-08 1.8212849e-06 1 0.009287263 0.8307083
0.023306746 0.13186447 -2.6914086 -4.37096e-08 2.3624958e-05 1 0.008427835 0.8263877
0.0274043 0.13654357 -2.6914086 -4.37118e-08 -5.4621805e-06 1 0.008427835 0.8219824
0.03044906 0.14188194 -2.6914086 -4.3712294e-08 -1.2033937e-05 1 0.009287261 0.81766176
0.032324035 0.15972261 -3.2456698 4.3711847e-08 6.0909133e-06 -1 0.89627796 0.2848876
0.03295713 0.15369865 -3.2456698 4.3711413e-08 3.457597e-07 -1 0.8926151 0.28244013
0.032324035 0.14767471 -3.2456698 4.37114e-08 1.477014e-07 -1 0.8895 0.27932516
0.030449087 0.14188226 -3.2456698 4.371153e-08 1.9090987e-06 -1 0.88705266 0.27566227
0.027404327 0.13654388 -3.2456698 4.3713193e-08 2.3920174e-05 -1 0.8853668 0.27159235
0.023306772 0.13186479 -3.2456698 4.3710905e-08 -6.3551574e-06 -1 0.8845074 0.2672717
0.018313885 0.12802473 -3.2456698 4.3707807e-08 -4.7397898e-05 -1 0.8845074 0.26286638
0.012617557 0.12517133 -3.2456698 4.371141e-08 3.2602864e-07 -1 0.88536686 0.2585458
0.0064366655 0.1234142 -3.2456698 4.3714987e-08 4.7692887e-05 -1 0.8870527 0.25447586
8.754139e-06 0.1228209 -3.2456698 4.3712262e-08 1.156889e-05 -1 0.8895002 0.25081298
-0.0064191576 0.1234142 -3.2456698 4.3707807e-08 -4.7397574e-05 -1 0.8926152 0.247698
-0.0126000475 0.12517133 -3.2456698 4.3711072e-08 -4.1673716e-06 -1 0.896278 0.24525054
-0.018296389 0.12802474 -3.2456698 4.37096e-08 -2.3625003e-05 -1 0.900348 0.24356471
-0.023289267 0.13186479 -3.2456698 4.37114e-08 1.4769505e-07 -1 0.9046686 0.24270536
-0.027386816 0.1365439 -3.2456698 4.3713193e-08 2.3920362e-05 -1 0.9090739 0.24270536
-0.032306526 0.14767471 -3.2456698 4.3710948e-08 -5.795464e-06 -1 0.9174645 0.24525066
-0.03293962 0.15369867 -3.2456698 4.371138e-08 -5.035651e-08 -1 0.9211273 0.2476981
-0.032306526 0.15972261 -3.2456698 4.37114e-08 1.477014e-07 -1 0.9242423 0.25081313
-0.030431572 0.16551508 -3.2456698 4.3711307e-08 -1.0524041e-06 -1 0.9266898 0.25447598
-0.027386816 0.17085344 -3.2456698 4.37096e-08 -2.3624958e-05 -1 0.9283756 0.25854594
-0.023289261 0.17553253 -3.2456698 4.3710905e-08 -6.355125e-06 -1 0.9292349 0.26286653
-0.018296376 0.1793726 -3.2456698 4.37114e-08 1.477014e-07 -1 0.9292349 0.26727182
-0.006419151 0.18398312 -3.2456698 4.3714987e-08 4.769321e-05 -1 0.9266896 0.2756624
8.756969e-06 0.18457642 -3.2456698 4.37114e-08 1.4769573e-07 -1 0.9242422 0.27932525
0.0064366683 0.18398312 -3.2456698 4.3707807e-08 -4.7397687e-05 -1 0.9211272 0.28244027
0.012617555 0.18222599 -3.2456698 4.3711246e-08 -1.8212775e-06 -1 0.9174643 0.2848877
0.018313894 0.17937258 -3.2456698 4.37096e-08 -2.362505e-05 -1 0.9133944 0.2865735
0.023306778 0.17553253 -3.2456698 4.3711708e-08 4.2738166e-06 -1 0.90907377 0.2874329
0.02740433 0.17085342 -3.2456698 4.37096e-08 -2.3624958e-05 -1 0.90466845 0.28743285
-0.012600038 0.182226 -3.2456698 -0.44787183 0.89409775 4.772053e-07 0.297105 0.82662046
-0.027386816 0.1365439 -3.2456698 -0.7523112 -0.65880775 -4.0737996e-07 0.38569722 0.72181064
0.023306772 0.13186479 -3.2456698 0.7523107 -0.65880847 -3.416112e-07 0.18520157 0.009672036
0.012617555 0.18222599 -3.2456698 0.27344793 0.96188676 5.47154e-07 0.040196788 0.009672141
-0.032306533 0.15972254 -3.0962746 -0.99452275 0.104520306 8.88638e-09 0.5311409 0.7382693
8.754139e-06 0.1228209 -3.2456698 0.09191033 -0.99576724 -5.6221603e-07 0.16808505 0.009672036
0.030449085 0.16551507 -3.2456698 0.8686447 0.49543563 3.4413605e-07 0.023738066 0.00967214
-0.018296383 0.1793725 -3.0962746 -0.60964745 0.7926727 4.18461e-07 0.44254872 0.8222152
-0.023289267 0.13186479 -3.2456698 -0.6096475 -0.79267263 -4.681686e-07 0.38569722 0.71749
0.027404327 0.13654388 -3.2456698 0.8686446 -0.49543574 -2.3517293e-07 0.1892715 0.009672036
0.0064366683 0.18398312 -3.2456698 0.09191189 0.9957671 5.579698e-07 0.297105 0.8386739
-0.03293962 0.15369867 -3.2456698 -0.99452275 -0.10452027 -1.0806282e-07 0.38569722 0.7346065
0.0064366655 0.1234142 -3.2456698 0.27344894 -0.9618865 -5.2324833e-07 0.17215501 0.009672036
0.02740433 0.17085342 -3.2456698 0.75231135 0.6588078 4.0738e-07 0.028143343 0.00967214
-0.023289269 0.17553246 -3.0962746 -0.7523114 0.65880775 3.4624875e-07 0.44254872 0.8178946
-0.018296389 0.12802474 -3.2456698 -0.4478724 -0.89409757 -5.2432324e-07 0.38569722 0.7134201
0.030449087 0.14188226 -3.2456698 0.95140016 -0.3079572 -1.15388076e-07 0.00856962 0.009672139
8.750439e-06 0.18457635 -3.0962746 -0.09191038 0.99576724 5.499348e-07 0.44254872 0.83501107
-0.032306526 0.14767471 -3.2456698 -0.9514001 -0.3079574 -1.9856232e-07 0.38569722 0.7305365
0.012617557 0.12517133 -3.2456698 0.44787148 -0.89409804 -4.8516915e-07 0.17647564 0.009672036
0.023306778 0.17553253 -3.2456698 0.6096473 0.7926728 4.6816865e-07 0.032463986 0.00967214
-0.027386816 0.17085344 -3.2456698 -0.8686447 0.4954355 2.6819657e-07 0.297105 0.81382465
-0.0126000475 0.12517133 -3.2456698 -0.27344835 -0.96188664 -5.4715395e-07 0.1613072 0.009672035
0.03295712 0.15369858 -3.0962746 0.9945227 0.104520515 9.4780304e-08 0.015347498 0.15511584
0.032324035 0.14767471 -3.2456698 0.99452275 -0.10452039 -2.111888e-08 0.011684622 0.009672139
-0.006419151 0.18398312 -3.2456698 -0.27344784 0.9618869 5.193005e-07 0.297105 0.83094114
-0.030431572 0.14188226 -3.2456698 -0.8686448 -0.49543542 -3.1111213e-07 0.38569722 0.72621596
0.018313885 0.12802473 -3.2456698 0.6096469 -0.7926732 -4.1487186e-07 0.18088092 0.009672036
0.018313894 0.17937258 -3.2456698 0.44787127 0.89409804 5.243235e-07 0.03653391 0.00967214
-0.030431572 0.16551508 -3.2456698 -0.95140004 0.30795765 8.2053944e-08 0.297105 0.81016177
-0.0064191576 0.1234142 -3.2456698 -0.09191048 -0.99576724 -5.5821545e-07 0.1644222 0.009672035
0.031870987 0.22675973 -3.2726936 0.99496657 0.10020705 9.265342e-08 0.9659247 0.21765597
0.031258762 0.23283856 -3.2456696 0.99496657 0.100207046 -5.413688e-08 0.992234 0.21358602
0.031870987 0.22675972 -3.2456696 0.99496657 0.100207046 -7.378692e-08 0.992234 0.21765597
0.031258762 0.23283857 -3.2726936 0.95510554 0.29626575 1.1354475e-07 0.9659247 0.21358602
0.029445617 0.23868379 -3.2456696 0.95510554 0.29626578 2.1169475e-07 0.992234 0.20926537
0.031258762 0.23283856 -3.2456696 0.9551056 0.2962658 2.248336e-07 0.992234 0.21358602
0.029445618 0.2386838 -3.2726936 0.87748283 0.4796081 3.3474137e-07 0.9659247 0.20926537
0.026501233 0.24407078 -3.2456696 0.87748283 0.47960788 3.3474123e-07 0.992234 0.20486009
0.029445617 0.23868379 -3.2456696 0.87748295 0.4796079 3.3474126e-07 0.992234 0.20926537
0.026501235 0.2440708 -3.2726936 0.76600754 0.6428317 4.3073658e-07 0.9659247 0.20486009
0.022538757 0.24879253 -3.2456696 0.7660073 0.64283186 4.3073666e-07 0.992234 0.20053945
0.026501233 0.24407078 -3.2456696 0.7660073 0.64283186 4.3073666e-07 0.992234 0.20486009
0.022538759 0.24879254 -3.2726936 0.6259158 0.77989054 5.0931175e-07 0.9659247 0.20053945
0.017710466 0.25266758 -3.2456696 0.62591606 0.7798905 5.093117e-07 0.992234 0.19646956
0.022538757 0.24879253 -3.2456696 0.62591606 0.77989036 5.0931163e-07 0.992234 0.20053945
0.017710468 0.25266758 -3.2726936 0.4632459 0.88622975 5.679161e-07 0.9659247 0.19646956
0.012201909 0.255547 -3.2456696 0.4632463 0.8862296 5.6791606e-07 0.992234 0.19280665
0.017710466 0.25266758 -3.2456696 0.46324638 0.8862296 5.6791606e-07 0.992234 0.19646956
0.01220191 0.255547 -3.2726936 0.2844023 0.958705 6.048864e-07 0.9659247 0.19280665
0.006224777 0.2573201 -3.2456696 0.2844031 0.9587048 6.048863e-07 0.992234 0.18969165
0.012201909 0.255547 -3.2456696 0.28440318 0.9587048 6.048863e-07 0.992234 0.19280665
0.0062247785 0.25732014 -3.2726936 0.095874794 0.9953935 6.1931814e-07 0.9659247 0.18969165
8.762758e-06 0.25791883 -3.2456696 0.095874 0.9953936 6.193182e-07 0.992234 0.18724419
0.006224777 0.2573201 -3.2456696 0.09587388 0.9953935 6.1931814e-07 0.992234 0.18969165
8.763938e-06 0.25791883 -3.2726936 -0.0958739 0.9953936 6.109366e-07 0.96592456 0.3504318
-0.0062072477 0.2573201 -3.2456696 -0.0958747 0.9953935 6.109365e-07 0.9922338 0.34798434
8.762758e-06 0.25791883 -3.2456696 -0.09587479 0.99539346 6.109365e-07 0.9922338 0.3504318
-0.0062072463 0.25732014 -3.2726936 -0.28440207 0.9587051 5.800233e-07 0.96592456 0.34798434
-0.012184381 0.255547 -3.2456696 -0.28440207 0.9587051 5.800233e-07 0.9922338 0.34486935
-0.0062072477 0.2573201 -3.2456696 -0.28440204 0.95870507 5.8002325e-07 0.9922338 0.34798434
-0.01218438 0.255547 -3.2726936 -0.4632459 0.8862298 5.2741785e-07 0.96592456 0.34486935
-0.01769294 0.25266758 -3.2456696 -0.4632465 0.8862295 5.274177e-07 0.9922338 0.3412065
-0.012184381 0.255547 -3.2456696 -0.46324658 0.88622946 5.274176e-07 0.9922338 0.34486935
-0.017692938 0.25266758 -3.2726936 -0.62591577 0.7798906 4.545925e-07 0.96592456 0.3412065
-0.022521233 0.24879253 -3.2456696 -0.62591577 0.7798906 4.545925e-07 0.9922339 0.33713654
-0.01769294 0.25266758 -3.2456696 -0.62591577 0.7798906 4.545925e-07 0.9922338 0.3412065
-0.022521231 0.24879254 -3.2726936 -0.7660073 0.64283186 3.6377014e-07 0.96592456 0.33713654
-0.02648371 0.24407078 -3.2456696 -0.7660073 0.64283186 3.6377014e-07 0.9922339 0.3328159
-0.022521233 0.24879253 -3.2456696 -0.76600724 0.6428319 3.637702e-07 0.9922339 0.33713654
-0.026483709 0.2440708 -3.2726936 -0.8774828 0.47960815 3.6897094e-07 0.96592456 0.3328159
-0.029428096 0.23868379 -3.2456696 -0.8774828 0.47960806 2.7112716e-07 0.9922339 0.32841063
-0.02648371 0.24407078 -3.2456696 -0.8774828 0.47960803 2.580293e-07 0.9922339 0.3328159
-0.029428095 0.2386838 -3.2726936 -0.9551055 0.29626608 1.3518671e-07 0.96592456 0.32841063
-0.031241242 0.23283856 -3.2456696 -0.95510536 0.2962662 1.4060986e-07 0.9922339 0.32408997
-0.029428096 0.23868379 -3.2456696 -0.95510536 0.2962662 1.4133582e-07 0.9922339 0.32841063
-0.031241242 0.23283857 -3.2726936 -0.9949667 0.10020687 9.618955e-08 0.96592456 0.32408997
-0.031853464 0.22675972 -3.2456696 -0.9949667 0.10020688 2.7613746e-08 0.9922339 0.32002002
-0.031241242 0.23283856 -3.2456696 -0.9949667 0.100206874 1.843384e-08 0.9922339 0.32408997
-0.031853464 0.22675973 -3.2726936 -0.9949667 -0.10020683 -1.1157612e-07 0.96592456 0.32002002
-0.031241242 0.22068088 -3.2456696 -0.9949667 -0.100206845 -1.0614383e-07 0.9922339 0.31635717
-0.031853464 0.22675972 -3.2456696 -0.9949667 -0.10020684 -1.05416625e-07 0.9922339 0.32002002
-0.031241242 0.22068089 -3.2726936 -0.9551054 -0.29626605 -1.13544964e-07 0.8871759 0.9882965
-0.029428096 0.21483564 -3.2456696 -0.9551054 -0.2962661 -2.1169491e-07 0.9134852 0.9846336
-0.031241242 0.22068088 -3.2456696 -0.9551054 -0.29626614 -2.2483378e-07 0.9134852 0.9882965
-0.029428095 0.21483566 -3.2726936 -0.8774829 -0.4796079 -3.3474126e-07 0.8871759 0.9846336
-0.02648371 0.20944864 -3.2456696 -0.8774829 -0.47960785 -3.3474123e-07 0.9134852 0.9805637
-0.029428096 0.21483564 -3.2456696 -0.8774829 -0.47960788 -3.3474123e-07 0.9134852 0.9846336
-0.026483709 0.20944865 -3.2726936 -0.7660076 -0.6428315 -4.3073643e-07 0.8871759 0.9805637
-0.022521239 0.2047269 -3.2456696 -0.76600754 -0.6428317 -4.3073655e-07 0.9134852 0.97624314
-0.02648371 0.20944864 -3.2456696 -0.7660075 -0.64283174 -4.3073658e-07 0.9134852 0.9805637
-0.022521237 0.20472692 -3.2726936 -0.62591624 -0.7798902 -5.093116e-07 0.8871759 0.97624314
-0.017692951 0.20085187 -3.2456696 -0.6259158 -0.7798906 -5.093118e-07 0.9134852 0.9718378
-0.022521239 0.2047269 -3.2456696 -0.62591577 -0.7798906 -5.093118e-07 0.9134852 0.97624314
-0.01769295 0.20085189 -3.2726936 -0.46324658 -0.8862294 -5.6791595e-07 0.8871759 0.9718378
-0.01218439 0.19797245 -3.2456696 -0.46324623 -0.88622963 -5.679161e-07 0.9134852 0.9675172
-0.017692951 0.20085187 -3.2456696 -0.46324626 -0.88622963 -5.679161e-07 0.9134852 0.9718378
-0.012184389 0.19797248 -3.2726936 -0.2844021 -0.9587051 -6.0488645e-07 0.8871759 0.9675172
-0.0062072542 0.19619931 -3.2456696 -0.2844029 -0.9587049 -6.0488634e-07 0.9134852 0.9634472
-0.01218439 0.19797245 -3.2456696 -0.28440297 -0.9587048 -6.048863e-07 0.9134852 0.9675172
-0.006207253 0.19619933 -3.2726936 -0.095874794 -0.9953935 -6.1931814e-07 0.8871759 0.9634472
8.7598255e-06 0.1956006 -3.2456696 -0.095874 -0.9953936 -6.193182e-07 0.9134852 0.9597844
-0.0062072542 0.19619931 -3.2456696 -0.09587388 -0.9953935 -6.1931814e-07 0.9134852 0.9634472
8.761006e-06 0.19560063 -3.2726936 0.09587385 -0.9953936 -6.109366e-07 0.96344715 0.879301
0.0062247743 0.19619931 -3.2456696 0.09587464 -0.9953935 -6.109365e-07 0.9675171 0.9056103
8.7598255e-06 0.1956006 -3.2456696 0.095874734 -0.99539346 -6.109365e-07 0.96344715 0.9056103
0.0062247757 0.19619933 -3.2726936 0.28440282 -0.9587049 -5.800231e-07 0.9675171 0.879301
0.012201911 0.19797245 -3.2456696 0.284402 -0.9587051 -5.800233e-07 0.97183776 0.9056103
0.0062247743 0.19619931 -3.2456696 0.28440192 -0.9587051 -5.800233e-07 0.9675171 0.9056103
0.012201912 0.19797248 -3.2726936 0.46324614 -0.8862296 -5.274177e-07 0.97183776 0.879301
0.017710457 0.20085186 -3.2456696 0.4632464 -0.88622946 -5.274176e-07 0.976243 0.9056103
0.012201911 0.19797245 -3.2456696 0.46324646 -0.88622946 -5.274176e-07 0.97183776 0.9056103
0.017710458 0.20085187 -3.2726936 0.6259153 -0.77989095 -4.545927e-07 0.976243 0.879301
0.022538751 0.20472689 -3.2456696 0.6259153 -0.77989095 -4.545927e-07 0.98056364 0.9056103
0.017710457 0.20085186 -3.2456696 0.6259153 -0.77989095 -4.545927e-07 0.976243 0.9056103
0.022538753 0.2047269 -3.2726936 0.76600736 -0.64283186 -3.6377014e-07 0.98056364 0.879301
0.026501229 0.20944864 -3.2456696 0.76600754 -0.64283174 -3.6377003e-07 0.98463356 0.9056103
0.022538751 0.20472689 -3.2456696 0.7660075 -0.6428316 -3.6376997e-07 0.98056364 0.9056103
0.02650123 0.20944865 -3.2726936 0.8774829 -0.47960788 -3.689706e-07 0.98463356 0.879301
0.029445618 0.21483564 -3.2456696 0.8774827 -0.47960824 -2.7112725e-07 0.98829645 0.9056103
0.026501229 0.20944864 -3.2456696 0.87748265 -0.47960827 -2.5802944e-07 0.98463356 0.9056103
0.02944562 0.21483566 -3.2726936 0.9551055 -0.2962659 -1.3518661e-07 0.9659247 0.22443382
0.031258766 0.22068088 -3.2456696 0.95510554 -0.2962658 -1.406096e-07 0.992234 0.22131881
0.029445618 0.21483564 -3.2456696 0.95510554 -0.29626578 -1.4133556e-07 0.992234 0.22443382
0.031258766 0.22068089 -3.2726936 0.9949667 -0.10020694 6.409113e-08 0.9659247 0.22131881
0.031870987 0.22675972 -3.2456696 0.9949667 -0.10020695 -8.690933e-09 0.992234 0.21765597
0.031258766 0.22068088 -3.2456696 0.9949667 -0.10020695 -1.8433884e-08 0.992234 0.22131881
-0.031241242 0.23283856 -3.2456696 -4.371139e-08 -1.9360382e-07 1 0.7085057 0.19778535
-0.0062072542 0.19619931 -3.2456696 -4.3711395e-08 -2.7478816e-07 1 0.6768785 0.1946703
0.031258766 0.22068088 -3.2456696 -4.3711385e-08 -1.6385945e-07 1 0.67999357 0.16304316
0.018695945 0.24503453 -3.2726936 0.62591606 0.7798905 5.093117e-07 0.9733315 0.16930977
0.014691192 0.24824865 -3.3116646 0.62591594 0.7798906 5.093118e-07 0.9767073 0.13136965
0.01469119 0.24824862 -3.2726936 0.6259161 0.7798904 5.093117e-07 0.9767073 0.16930977
0.02643643 0.22675973 -3.2726936 4.3711385e-08 1.5335992e-07 -1 0.74081045 0.5179764
0.031258762 0.23283857 -3.2726936 4.3711385e-08 1.5303733e-07 -1 0.7398776 0.5234461
0.031870987 0.22675973 -3.2726936 4.3711385e-08 1.580682e-07 -1 0.73743016 0.51978326
0.024424743 0.23664999 -3.2726936 4.3711385e-08 1.4770139e-07 -1 0.74542415 0.5235982
0.031258762 0.23283857 -3.2726936 4.3711385e-08 1.4770139e-07 -1 0.7398776 0.5234461
0.02592863 0.23180173 -3.2726936 4.3711385e-08 1.4770139e-07 -1 0.74284047 0.5210145
0.024424743 0.23664999 -3.2726936 4.3711385e-08 1.4770139e-07 -1 0.74542415 0.5235982
0.026501235 0.2440708 -3.2726936 4.3711385e-08 1.4770139e-07 -1 0.74665546 0.5290085
0.029445618 0.2386838 -3.2726936 4.3711385e-08 1.4770139e-07 -1 0.7429926 0.5265611
0.021982566 0.24111815 -3.2726936 4.3711385e-08 1.4770139e-07 -1 0.74846226 0.5256282
0.022538759 0.24879254 -3.2726936 4.3711385e-08 1.4770139e-07 -1 0.7507254 0.53069437
0.026501235 0.2440708 -3.2726936 4.3711385e-08 1.4770139e-07 -1 0.74665546 0.5290085
0.01469119 0.24824862 -3.2726936 4.3711385e-08 1.4784491e-07 -1 0.7554217 0.5277393
0.022538759 0.24879254 -3.2726936 4.3711385e-08 1.5353704e-07 -1 0.7507254 0.53069437
0.018695945 0.24503453 -3.2726936 4.3711395e-08 2.4769048e-07 -1 0.751838 0.5270265
0.01469119 0.24824862 -3.2726936 4.371139e-08 1.7040728e-07 -1 0.7554217 0.5277393
0.01220191 0.255547 -3.2726936 4.371139e-08 1.71963e-07 -1 0.7594513 0.53155375
0.017710468 0.25266758 -3.2726936 4.3711385e-08 1.4770139e-07 -1 0.755046 0.53155375
0.005164548 0.25210762 -3.2726936 4.3711385e-08 1.4770139e-07 -1 0.7626593 0.5270264
0.01220191 0.255547 -3.2726936 4.3711385e-08 1.4770139e-07 -1 0.7594513 0.53155375
0.010122195 0.2506369 -3.2726936 4.3711385e-08 1.4770139e-07 -1 0.7590756 0.5277393
8.7637e-06 0.25260422 -3.2726936 4.371139e-08 1.817602e-07 -1 0.7660351 0.5256282
0.0062247785 0.25732014 -3.2726936 4.371139e-08 1.840938e-07 -1 0.76377195 0.5306943
0.005164548 0.25210762 -3.2726936 4.3711392e-08 2.2269312e-07 -1 0.7626593 0.5270264
-0.0051470175 0.25210762 -3.2726936 4.3711385e-08 1.6488785e-07 -1 0.7690731 0.5235982
8.763938e-06 0.25791883 -3.2726936 4.371139e-08 1.6606539e-07 -1 0.7678419 0.5290085
8.7637e-06 0.25260422 -3.2726936 4.371139e-08 1.8554306e-07 -1 0.7660351 0.5256282
-0.0101046655 0.2506369 -3.2726936 4.3711385e-08 1.0243307e-07 -1 0.7716569 0.5210145
-0.0062072463 0.25732014 -3.2726936 4.3711385e-08 1.050138e-07 -1 0.77150476 0.5265611
-0.0051470175 0.25210762 -3.2726936 4.3711385e-08 1.4770139e-07 -1 0.7690731 0.5235982
-0.014673659 0.24824864 -3.2726936 4.3711385e-08 1.4770139e-07 -1 0.7736868 0.5179764
-0.01218438 0.255547 -3.2726936 4.3711385e-08 1.4770139e-07 -1 0.77461976 0.5234461
-0.0101046655 0.2506369 -3.2726936 4.3711385e-08 1.4770139e-07 -1 0.7716569 0.5210145
-0.01867842 0.24503455 -3.2726936 4.3711385e-08 1.4770139e-07 -1 0.77508515 0.51460063
-0.017692938 0.25266758 -3.2726936 4.3711385e-08 1.4770139e-07 -1 0.7770672 0.5197832
-0.014673659 0.24824864 -3.2726936 4.3711385e-08 1.4770139e-07 -1 0.7736868 0.5179764
-0.021965042 0.24111815 -3.2726936 4.371139e-08 1.9296968e-07 -1 0.77579796 0.51101696
-0.022521231 0.24879254 -3.2726936 4.371139e-08 1.9038892e-07 -1 0.778753 0.5157133
-0.01867842 0.24503455 -3.2726936 4.3711385e-08 1.4770139e-07 -1 0.77508515 0.51460063
-0.02440722 0.23664999 -3.2726936 4.371139e-08 1.7033554e-07 -1 0.77579796 0.5073631
-0.026483709 0.2440708 -3.2726936 4.371139e-08 1.690452e-07 -1 0.7796124 0.51139265
-0.021965042 0.24111815 -3.2726936 4.3711385e-08 1.4770139e-07 -1 0.77579796 0.51101696
-0.025911108 0.23180173 -3.2726936 4.371139e-08 1.7033553e-07 -1 0.77508515 0.50377935
-0.029428095 0.2386838 -3.2726936 4.371139e-08 1.6904515e-07 -1 0.7796124 0.50698733
-0.02440722 0.23664999 -3.2726936 4.3711385e-08 1.4770139e-07 -1 0.77579796 0.5073631
-0.025911108 0.23180173 -3.2726936 4.3711385e-08 1.3638432e-07 -1 0.77508515 0.50377935
-0.031853464 0.22675973 -3.2726936 4.3711385e-08 1.3702949e-07 -1 0.7770672 0.49859676
-0.031241242 0.23283857 -3.2726936 4.3711385e-08 1.2696776e-07 -1 0.778753 0.5026667
-0.025911108 0.22171773 -3.2726936 4.3711385e-08 1.5901847e-07 -1 0.7716569 0.4973655
-0.031853464 0.22675973 -3.2726936 4.3711385e-08 1.5837328e-07 -1 0.7770672 0.49859676
-0.026418906 0.22675973 -3.2726936 4.3711385e-08 1.4770139e-07 -1 0.7736868 0.5004036
-0.02440722 0.21686947 -3.2726936 4.3711385e-08 1.2492374e-07 -1 0.7690731 0.4947818
-0.031241242 0.22068089 -3.2726936 4.3711385e-08 1.2052192e-07 -1 0.7746197 0.4949339
-0.025911108 0.22171773 -3.2726936 4.3711378e-08 4.7712376e-08 -1 0.7716569 0.4973655
-0.02196504 0.2124013 -3.2726936 4.371139e-08 1.7033553e-07 -1 0.766035 0.4927518
-0.029428095 0.21483566 -3.2726936 4.371139e-08 1.6904512e-07 -1 0.7715047 0.4918189
-0.02440722 0.21686947 -3.2726936 4.3711385e-08 1.4770139e-07 -1 0.7690731 0.4947818
-0.018678425 0.20848493 -3.2726936 4.3711385e-08 1.4755784e-07 -1 0.76265925 0.4913535
-0.026483709 0.20944865 -3.2726936 4.3711385e-08 1.4186578e-07 -1 0.7678419 0.48937148
-0.02196504 0.2124013 -3.2726936 4.3711378e-08 4.7712252e-08 -1 0.766035 0.4927518
-0.01467367 0.20527084 -3.2726936 4.3711385e-08 1.4784491e-07 -1 0.7590756 0.49064067
-0.022521237 0.20472692 -3.2726936 4.3711385e-08 1.5353702e-07 -1 0.7637719 0.48768562
-0.018678425 0.20848493 -3.2726936 4.3711395e-08 2.476905e-07 -1 0.76265925 0.4913535
-0.010104673 0.20288254 -3.2726936 4.371139e-08 1.7040726e-07 -1 0.7554217 0.49064064
-0.01769295 0.20085189 -3.2726936 4.371139e-08 1.71963e-07 -1 0.75945127 0.4868262
-0.01467367 0.20527084 -3.2726936 4.371139e-08 1.9769587e-07 -1 0.7590756 0.49064067
-0.010104673 0.20288254 -3.2726936 4.3711385e-08 1.3634843e-07 -1 0.7554217 0.49064064
-0.006207253 0.19619933 -3.2726936 4.3711385e-08 1.3557057e-07 -1 0.7507254 0.48768565
-0.012184389 0.19797248 -3.2726936 4.3711385e-08 1.4770139e-07 -1 0.755046 0.48682624
8.761408e-06 0.20091525 -3.2726936 4.3711385e-08 1.13642564e-07 -1 0.74846226 0.4927518
-0.006207253 0.19619933 -3.2726936 4.3711385e-08 1.1130896e-07 -1 0.7507254 0.48768565
-0.0051470227 0.20141184 -3.2726936 4.371138e-08 7.270964e-08 -1 0.751838 0.49135348
0.005164546 0.20141184 -3.2726936 4.3711385e-08 1.02433084e-07 -1 0.74542415 0.49478182
8.761006e-06 0.19560063 -3.2726936 4.3711385e-08 1.0501383e-07 -1 0.7466554 0.48937148
8.761408e-06 0.20091525 -3.2726936 4.3711385e-08 1.4770139e-07 -1 0.74846226 0.4927518
0.010122196 0.20288254 -3.2726936 4.3711385e-08 1.3634843e-07 -1 0.74284047 0.4973655
0.0062247757 0.19619933 -3.2726936 4.3711385e-08 1.3557057e-07 -1 0.7429926 0.4918189
0.005164546 0.20141184 -3.2726936 4.3711385e-08 1.2270414e-07 -1 0.74542415 0.49478182
0.0146911815 0.20527083 -3.2726936 4.371139e-08 1.7026373e-07 -1 0.74081045 0.5004036
0.012201912 0.19797248 -3.2726936 4.371139e-08 1.6612745e-07 -1 0.7398776 0.49493393
0.010122196 0.20288254 -3.2726936 4.3711385e-08 9.7706774e-08 -1 0.74284047 0.4973655
0.018695941 0.20848492 -3.2726936 4.3711385e-08 1.4770139e-07 -1 0.7394122 0.50377935
0.017710458 0.20085187 -3.2726936 4.3711385e-08 1.4770139e-07 -1 0.73743016 0.4985968
0.0146911815 0.20527083 -3.2726936 4.3711385e-08 1.4770139e-07 -1 0.74081045 0.5004036
0.021982562 0.2124013 -3.2726936 4.3711385e-08 1.0243306e-07 -1 0.7386993 0.5073631
0.022538753 0.2047269 -3.2726936 4.3711385e-08 1.0501382e-07 -1 0.7357443 0.5026667
0.018695941 0.20848492 -3.2726936 4.3711385e-08 1.4770139e-07 -1 0.7394122 0.50377935
0.024424745 0.21686947 -3.2726936 4.3711385e-08 1.4770139e-07 -1 0.7386993 0.5110169
0.02650123 0.20944865 -3.2726936 4.3711385e-08 1.4770139e-07 -1 0.73488486 0.50698733
0.021982562 0.2124013 -3.2726936 4.3711385e-08 1.4770139e-07 -1 0.7386993 0.5073631
0.025928631 0.22171773 -3.2726936 4.3711385e-08 1.2506723e-07 -1 0.7394122 0.51460063
0.02944562 0.21483566 -3.2726936 4.3711385e-08 1.2635762e-07 -1 0.73488486 0.51139265
0.024424745 0.21686947 -3.2726936 4.3711385e-08 1.4770139e-07 -1 0.7386993 0.5110169
0.02643643 0.22675973 -3.2726936 4.3711385e-08 1.5916203e-07 -1 0.74081045 0.5179764
0.031258766 0.22068089 -3.2726936 4.3711385e-08 1.6420896e-07 -1 0.7357443 0.5157133
0.025928631 0.22171773 -3.2726936 4.3711395e-08 2.476905e-07 -1 0.7394122 0.51460063
-0.024407217 0.2168695 -3.3116646 4.371139e-08 1.8834277e-07 -1 0.017944839 0.9572464
-0.010104664 0.25063694 -3.3116646 4.3711367e-08 -1.00497424e-07 -1 0.043169405 0.9648982
0.024424745 0.23665 -3.3116646 4.3711392e-08 2.2610949e-07 -1 0.035517603 0.9901228
0.025928631 0.22171773 -3.2726936 0.9949666 -0.100206815 3.2189273e-08 0.95609635 0.16930977
0.026436431 0.22675975 -3.3116646 0.9949666 -0.100206815 -1.552103e-07 0.95913446 0.13136965
0.02643643 0.22675973 -3.2726936 0.9949666 -0.10020681 4.5234838e-08 0.95913446 0.16930977
-0.02440722 0.21686947 -3.2726936 -0.87748295 -0.4796077 -3.3474115e-07 0.95587337 0.7933935
-0.021965038 0.21240133 -3.3116646 -0.87748295 -0.4796077 -3.3474115e-07 0.9592491 0.75545335
-0.02196504 0.2124013 -3.2726936 -0.87748295 -0.47960767 -3.3474112e-07 0.9592491 0.7933935
0.01469119 0.24824862 -3.2726936 0.46324626 0.8862296 5.6791606e-07 0.9767073 0.16930977
0.010122197 0.25063694 -3.3116646 0.46324626 0.88622963 5.679161e-07 0.9797453 0.13136965
0.010122195 0.2506369 -3.2726936 0.4632463 0.8862296 5.6791606e-07 0.9797453 0.16930977
-0.02196504 0.2124013 -3.2726936 -0.7660078 -0.64283144 -4.3073646e-07 0.9592491 0.7933935
-0.018678423 0.20848495 -3.3116646 -0.76600736 -0.64283174 -4.3073658e-07 0.96283275 0.75545335
-0.018678425 0.20848493 -3.2726936 -0.7660077 -0.6428314 -4.307364e-07 0.96283275 0.7933935
0.010122195 0.2506369 -3.2726936 0.28440174 0.9587052 6.0488645e-07 0.9797453 0.16930977
0.005164549 0.25210765 -3.3116646 0.28440312 0.95870477 6.048863e-07 0.9823291 0.13136965
0.005164548 0.25210762 -3.2726936 0.28440166 0.95870525 6.048865e-07 0.9823291 0.16930977
-0.018678425 0.20848493 -3.2726936 -0.6259162 -0.7798903 -5.093117e-07 0.96283275 0.7933935
-0.014673668 0.20527086 -3.3116646 -0.62591547 -0.77989084 -5.093119e-07 0.9664867 0.75545335
-0.01467367 0.20527084 -3.2726936 -0.62591624 -0.7798903 -5.0931163e-07 0.9664867 0.7933935
0.005164548 0.25210762 -3.2726936 0.09587405 0.9953935 6.193182e-07 0.9823291 0.16930977
8.765403e-06 0.25260425 -3.3116646 0.095874794 0.99539346 6.1931814e-07 0.984359 0.13136965
8.7637e-06 0.25260422 -3.2726936 0.095874 0.9953935 6.193182e-07 0.984359 0.16930977
-0.01467367 0.20527084 -3.2726936 -0.46324676 -0.8862293 -5.679159e-07 0.9664867 0.7933935
-0.010104671 0.20288257 -3.3116646 -0.46324626 -0.88622963 -5.679161e-07 0.97007036 0.75545335
-0.010104673 0.20288254 -3.2726936 -0.46324685 -0.8862293 -5.679159e-07 0.97007036 0.7933935
8.7637e-06 0.25260422 -3.2726936 -0.09587469 0.99539346 6.109365e-07 0.9560964 0.4764298
-0.005147016 0.25210765 -3.3116646 -0.09587395 0.9953936 6.109366e-07 0.95812637 0.43848968
-0.0051470175 0.25210762 -3.2726936 -0.09587475 0.9953935 6.109365e-07 0.95812637 0.4764298
-0.010104673 0.20288254 -3.2726936 -0.2844016 -0.9587053 -6.048865e-07 0.97007036 0.7933935
-0.0051470213 0.20141187 -3.3116646 -0.28440294 -0.9587048 -6.048863e-07 0.97344613 0.75545335
-0.0051470227 0.20141184 -3.2726936 -0.2844015 -0.9587053 -6.048865e-07 0.97344613 0.7933935
-0.0051470175 0.25210762 -3.2726936 -0.28440225 0.95870507 5.800232e-07 0.95812637 0.4764298
-0.010104664 0.25063694 -3.3116646 -0.28440157 0.9587053 5.8002337e-07 0.9607101 0.43848968
-0.0101046655 0.2506369 -3.2726936 -0.2844023 0.95870507 5.800232e-07 0.9607101 0.4764298
-0.0051470227 0.20141184 -3.2726936 -0.09587404 -0.9953936 -6.193182e-07 0.97344613 0.7933935
8.7631115e-06 0.20091528 -3.3116646 -0.09587478 -0.99539346 -6.1931814e-07 0.97648424 0.75545335
8.761408e-06 0.20091525 -3.2726936 -0.09587399 -0.9953935 -6.193182e-07 0.97648424 0.7933935
-0.0101046655 0.2506369 -3.2726936 -0.46324626 0.8862295 5.274176e-07 0.9607101 0.4764298
-0.014673657 0.24824865 -3.3116646 -0.46324626 0.8862295 5.274176e-07 0.9637482 0.43848968
-0.014673659 0.24824864 -3.2726936 -0.46324626 0.8862295 5.274176e-07 0.9637482 0.4764298
8.761408e-06 0.20091525 -3.2726936 0.095874645 -0.99539346 -6.109365e-07 0.9637482 0.85245496
0.0051645474 0.20141187 -3.3116646 0.095873915 -0.9953936 -6.109366e-07 0.9671239 0.8145148
0.005164546 0.20141184 -3.2726936 0.0958747 -0.9953935 -6.109365e-07 0.9671239 0.85245496
-0.014673659 0.24824864 -3.2726936 -0.6259154 0.7798909 4.545927e-07 0.9637482 0.4764298
-0.018678417 0.24503456 -3.3116646 -0.6259157 0.7798908 4.545926e-07 0.9671239 0.43848968
-0.01867842 0.24503455 -3.2726936 -0.6259154 0.779891 4.5459277e-07 0.9671239 0.4764298
0.005164546 0.20141184 -3.2726936 0.28440294 -0.9587048 -5.80023e-07 0.9671239 0.85245496
0.010122198 0.20288257 -3.3116646 0.28440228 -0.95870507 -5.800232e-07 0.97070765 0.8145148
0.010122196 0.20288254 -3.2726936 0.28440297 -0.9587048 -5.80023e-07 0.97070765 0.85245496
-0.01867842 0.24503455 -3.2726936 -0.76600736 0.6428319 3.6377017e-07 0.9671239 0.4764298
-0.02196504 0.24111818 -3.3116646 -0.76600736 0.64283174 3.6377008e-07 0.97070765 0.43848968
-0.021965042 0.24111815 -3.2726936 -0.76600724 0.642832 3.6377023e-07 0.97070765 0.4764298
0.010122196 0.20288254 -3.2726936 0.46324676 -0.8862293 -5.274175e-07 0.97070765 0.85245496
0.014691183 0.20527086 -3.3116646 0.46324563 -0.8862299 -5.274179e-07 0.97436154 0.8145148
0.0146911815 0.20527083 -3.2726936 0.46324685 -0.8862292 -5.2741746e-07 0.97436154 0.85245496
-0.021965042 0.24111815 -3.2726936 -0.8774828 0.479608 2.5802927e-07 0.97070765 0.4764298
-0.024407217 0.23665002 -3.3116646 -0.87748283 0.47960803 2.580293e-07 0.97436154 0.43848968
-0.02440722 0.23664999 -3.2726936 -0.8774828 0.47960803 2.580293e-07 0.97436154 0.4764298
0.02643643 0.22675973 -3.2726936 0.99496657 0.100206986 2.1984901e-07 0.95913446 0.16930977
0.025928631 0.23180176 -3.3116646 0.99496657 0.100206986 1.128643e-07 0.9625102 0.13136965
0.02592863 0.23180173 -3.2726936 0.99496657 0.10020698 2.2729661e-07 0.9625102 0.16930977
0.0146911815 0.20527083 -3.2726936 0.6259155 -0.7798909 -4.545927e-07 0.97436154 0.85245496
0.018695943 0.20848495 -3.3116646 0.6259151 -0.77989125 -4.5459288e-07 0.9779452 0.8145148
0.018695941 0.20848492 -3.2726936 0.6259155 -0.77989084 -4.5459265e-07 0.9779452 0.85245496
-0.02440722 0.23664999 -3.2726936 -0.9551054 0.29626623 1.6752585e-07 0.97436154 0.4764298
-0.025911106 0.23180176 -3.3116646 -0.9551054 0.29626614 1.4304031e-07 0.9779452 0.43848968
-0.025911108 0.23180173 -3.2726936 -0.95510536 0.2962662 1.6923038e-07 0.9779452 0.4764298
0.02592863 0.23180173 -3.2726936 0.9551056 0.2962658 2.248336e-07 0.9625102 0.16930977
0.024424745 0.23665 -3.3116646 0.9551056 0.2962658 2.248336e-07 0.96609396 0.13136965
0.024424743 0.23664999 -3.2726936 0.9551056 0.29626578 2.2483357e-07 0.96609396 0.16930977
0.018695941 0.20848492 -3.2726936 0.7660074 -0.6428318 -3.637701e-07 0.9779452 0.85245496
0.021982564 0.21240133 -3.3116646 0.76600695 -0.6428323 -3.637704e-07 0.98132104 0.8145148
0.021982562 0.2124013 -3.2726936 0.7660074 -0.64283174 -3.6377006e-07 0.98132104 0.85245496
-0.025911108 0.23180173 -3.2726936 -0.9949666 0.100206725 9.932258e-08 0.9779452 0.4764298
-0.026418904 0.22675976 -3.3116646 -0.9949667 0.10020674 2.3698234e-08 0.981321 0.43848968
-0.026418906 0.22675973 -3.2726936 -0.9949666 0.10020671 1.04587045e-07 0.981321 0.4764298
0.024424743 0.23664999 -3.2726936 0.8774829 0.47960797 3.347413e-07 0.96609396 0.16930977
0.021982567 0.24111818 -3.3116646 0.87748283 0.479608 3.3474132e-07 0.96974784 0.13136965
0.021982566 0.24111815 -3.2726936 0.87748283 0.47960794 3.347413e-07 0.96974784 0.16930977
0.021982562 0.2124013 -3.2726936 0.87748283 -0.479608 -2.5802927e-07 0.98132104 0.85245496
0.024424747 0.2168695 -3.3116646 0.8774829 -0.47960788 -2.5802922e-07 0.9843591 0.8145148
0.024424745 0.21686947 -3.2726936 0.87748283 -0.47960803 -2.580293e-07 0.9843591 0.85245496
-0.026418906 0.22675973 -3.2726936 -0.9949666 -0.1002067 -8.833693e-08 0.981321 0.4764298
-0.025911106 0.22171775 -3.3116646 -0.9949666 -0.10020671 -2.4437622e-07 0.9843591 0.43848968
-0.025911108 0.22171773 -3.2726936 -0.9949666 -0.100206695 -7.747448e-08 0.9843591 0.4764298
0.021982566 0.24111815 -3.2726936 0.7660072 0.64283204 4.3073678e-07 0.96974784 0.16930977
0.018695947 0.24503456 -3.3116646 0.7660072 0.64283204 4.3073678e-07 0.9733315 0.13136965
0.018695945 0.24503453 -3.2726936 0.7660072 0.64283204 4.3073678e-07 0.9733315 0.16930977
0.024424745 0.21686947 -3.2726936 0.9551055 -0.29626587 -1.6752564e-07 0.9535127 0.16930977
0.025928633 0.22171775 -3.3116646 0.9551056 -0.29626587 -1.4304013e-07 0.95609635 0.13136965
0.025928631 0.22171773 -3.2726936 0.9551055 -0.29626584 -1.6923015e-07 0.95609635 0.16930977
-0.025911108 0.22171773 -3.2726936 -0.9551054 -0.29626614 -2.2026406e-07 0.9528352 0.7933935
-0.024407217 0.2168695 -3.3116646 -0.9551054 -0.2962662 -1.5461983e-07 0.95587337 0.75545335
-0.02440722 0.21686947 -3.2726936 -0.9551055 -0.2962661 -2.2483377e-07 0.95587337 0.7933935
0.031258762 0.23283857 -3.2726936 0.99496657 0.10020705 1.1230346e-07 0.9659247 0.21358602
0.029445618 0.2386838 -3.2726936 0.9551056 0.29626578 1.0040592e-07 0.9659247 0.20926537
0.026501235 0.2440708 -3.2726936 0.87748283 0.4796081 3.3474137e-07 0.9659247 0.20486009
0.022538759 0.24879254 -3.2726936 0.76600754 0.6428317 4.3073655e-07 0.9659247 0.20053945
0.017710468 0.25266758 -3.2726936 0.62591577 0.7798906 5.093118e-07 0.9659247 0.19646956
0.01220191 0.255547 -3.2726936 0.46324587 0.8862298 5.679162e-07 0.9659247 0.19280665
0.0062247785 0.25732014 -3.2726936 0.28440222 0.95870507 6.048864e-07 0.9659247 0.18969165
8.763938e-06 0.25791883 -3.2726936 0.09587489 0.99539346 6.1931814e-07 0.9659247 0.18724419
-0.0062072463 0.25732014 -3.2726936 -0.09587378 0.9953935 6.1093664e-07 0.96592456 0.34798434
-0.01218438 0.255547 -3.2726936 -0.28440204 0.95870507 5.8002325e-07 0.96592456 0.34486935
-0.017692938 0.25266758 -3.2726936 -0.46324584 0.8862299 5.2741797e-07 0.96592456 0.3412065
-0.022521231 0.24879254 -3.2726936 -0.6259158 0.77989054 4.5459245e-07 0.96592456 0.33713654
-0.026483709 0.2440708 -3.2726936 -0.7660073 0.64283186 3.6377014e-07 0.96592456 0.3328159
-0.029428095 0.2386838 -3.2726936 -0.8774828 0.47960812 3.8206878e-07 0.96592456 0.32841063
-0.031241242 0.23283857 -3.2726936 -0.9551054 0.29626608 1.3446076e-07 0.96592456 0.32408997
-0.031853464 0.22675973 -3.2726936 -0.9949666 0.10020685 1.05369445e-07 0.96592456 0.32002002
-0.031241242 0.22068089 -3.2726936 -0.9949667 -0.10020682 -1.1230332e-07 0.96592456 0.31635717
-0.029428095 0.21483566 -3.2726936 -0.9551054 -0.29626605 -1.004061e-07 0.8871759 0.9846336
-0.026483709 0.20944865 -3.2726936 -0.8774829 -0.47960794 -3.347413e-07 0.8871759 0.9805637
-0.022521237 0.20472692 -3.2726936 -0.76600766 -0.6428315 -4.3073646e-07 0.8871759 0.97624314
-0.01769295 0.20085189 -3.2726936 -0.6259163 -0.77989024 -5.0931163e-07 0.8871759 0.9718378
-0.012184389 0.19797248 -3.2726936 -0.46324664 -0.8862294 -5.6791595e-07 0.8871759 0.9675172
-0.006207253 0.19619933 -3.2726936 -0.28440195 -0.9587051 -6.0488645e-07 0.8871759 0.9634472
8.761006e-06 0.19560063 -3.2726936 -0.09587489 -0.99539346 -6.1931814e-07 0.8871759 0.9597844
0.0062247757 0.19619933 -3.2726936 0.09587374 -0.9953935 -6.1093664e-07 0.9675171 0.879301
0.012201912 0.19797248 -3.2726936 0.28440285 -0.9587048 -5.80023e-07 0.97183776 0.879301
0.017710458 0.20085187 -3.2726936 0.46324617 -0.8862297 -5.274178e-07 0.976243 0.879301
0.022538753 0.2047269 -3.2726936 0.6259153 -0.77989095 -4.545927e-07 0.98056364 0.879301
0.02650123 0.20944865 -3.2726936 0.7660073 -0.64283186 -3.6377014e-07 0.98463356 0.879301
0.02944562 0.21483566 -3.2726936 0.8774829 -0.47960788 -3.8206846e-07 0.98829645 0.879301
0.031258766 0.22068089 -3.2726936 0.9551055 -0.2962659 -1.3446065e-07 0.9659247 0.22131881
0.031870987 0.22675973 -3.2726936 0.9949667 -0.10020693 7.383408e-08 0.9659247 0.21765597
0.031870987 0.22675972 -3.2456696 -4.3711356e-08 2.203925e-07 1 0.68365645 0.16059573
0.031258762 0.23283856 -3.2456696 -4.3711385e-08 -1.354346e-07 1 0.6877264 0.15890992
0.029445617 0.23868379 -3.2456696 -4.3711385e-08 -1.4770139e-07 1 0.69204706 0.15805046
0.026501233 0.24407078 -3.2456696 -4.3711385e-08 -1.00080484e-07 1 0.6964523 0.15805049
0.022538757 0.24879253 -3.2456696 -4.3711164e-08 2.7970614e-06 1 0.70077294 0.15890992
0.017710466 0.25266758 -3.2456696 -4.3711417e-08 -5.606788e-07 1 0.7048429 0.16059576
0.012201909 0.255547 -3.2456696 -4.371094e-08 5.7418156e-06 1 0.70850575 0.1630432
0.006224777 0.2573201 -3.2456696 -4.371137e-08 7.462761e-08 1 0.71162075 0.1661582
8.762758e-06 0.25791883 -3.2456696 -4.371094e-08 5.7417988e-06 1 0.7140682 0.16982107
-0.0062072477 0.2573201 -3.2456696 -4.371147e-08 -1.2680583e-06 1 0.715754 0.17389104
-0.012184381 0.255547 -3.2456696 -4.3711164e-08 2.7970525e-06 1 0.7166134 0.17821166
-0.01769294 0.25266758 -3.2456696 -4.3711374e-08 -5.2924087e-09 1 0.7166134 0.18261692
-0.022521233 0.24879253 -3.2456696 -4.3711385e-08 -1.4770139e-07 1 0.715754 0.18693756
-0.02648371 0.24407078 -3.2456696 -4.3711417e-08 -5.5045825e-07 1 0.7140682 0.19100752
-0.029428096 0.23868379 -3.2456696 -4.3711495e-08 -1.6200886e-06 1 0.7116207 0.19467038
-0.031853464 0.22675972 -3.2456696 -4.3711385e-08 -1.4770139e-07 1 0.7048428 0.2002328
-0.031241242 0.22068088 -3.2456696 -4.371139e-08 -1.9676918e-07 1 0.7007729 0.20191862
-0.029428096 0.21483564 -3.2456696 -4.3711495e-08 -1.6200886e-06 1 0.69645226 0.20277804
-0.02648371 0.20944864 -3.2456696 -4.371139e-08 -1.9677152e-07 1 0.69204694 0.20277804
-0.022521239 0.2047269 -3.2456696 -4.3711385e-08 -1.4770139e-07 1 0.6877263 0.20191859
-0.017692951 0.20085187 -3.2456696 -4.3711402e-08 -3.4396953e-07 1 0.6836564 0.20023277
-0.01218439 0.19797245 -3.2456696 -4.371183e-08 -6.0371945e-06 1 0.6799935 0.19778533
8.7598255e-06 0.1956006 -3.2456696 -4.3711385e-08 -1.4770139e-07 1 0.6744311 0.19100747
0.0062247743 0.19619931 -3.2456696 -4.3711335e-08 5.59678e-07 1 0.6727453 0.1869375
0.012201911 0.19797245 -3.2456696 -4.3711385e-08 -1.4770139e-07 1 0.67188585 0.18261686
0.017710457 0.20085186 -3.2456696 -4.3711402e-08 -3.658884e-07 1 0.67188585 0.17821158
0.022538751 0.20472689 -3.2456696 -4.371161e-08 -3.092452e-06 1 0.6727453 0.17389096
0.026501229 0.20944864 -3.2456696 -4.3711395e-08 -2.4583503e-07 1 0.67443115 0.16982101
0.029445618 0.21483564 -3.2456696 -4.3711385e-08 -1.4770139e-07 1 0.6768786 0.16615815
0.018695947 0.24503456 -3.3116646 0.62591594 0.7798906 5.093118e-07 0.9733315 0.13136965
0.02592863 0.23180173 -3.2726936 4.3711385e-08 1.4770139e-07 -1 0.74284047 0.5210145
0.029445618 0.2386838 -3.2726936 4.3711385e-08 1.4770139e-07 -1 0.7429926 0.5265611
0.021982566 0.24111815 -3.2726936 4.3711385e-08 1.4770139e-07 -1 0.74846226 0.5256282
0.018695945 0.24503453 -3.2726936 4.3711385e-08 1.4770139e-07 -1 0.751838 0.5270265
0.017710468 0.25266758 -3.2726936 4.371138e-08 6.476691e-08 -1 0.755046 0.53155375
0.010122195 0.2506369 -3.2726936 4.371139e-08 1.976959e-07 -1 0.7590756 0.5277393
0.0062247785 0.25732014 -3.2726936 4.3711385e-08 1.4770139e-07 -1 0.76377195 0.5306943
8.763938e-06 0.25791883 -3.2726936 4.3711385e-08 1.4770139e-07 -1 0.7678419 0.5290085
-0.0062072463 0.25732014 -3.2726936 4.3711385e-08 1.4770139e-07 -1 0.77150476 0.5265611
-0.01218438 0.255547 -3.2726936 4.371138e-08 6.4766894e-08 -1 0.77461976 0.5234461
-0.017692938 0.25266758 -3.2726936 4.3711385e-08 1.4770139e-07 -1 0.7770672 0.5197832
-0.022521231 0.24879254 -3.2726936 4.3711385e-08 1.4770139e-07 -1 0.778753 0.5157133
-0.026483709 0.2440708 -3.2726936 4.3711392e-08 2.3063582e-07 -1 0.7796124 0.51139265
-0.029428095 0.2386838 -3.2726936 4.371139e-08 1.8916865e-07 -1 0.7796124 0.50698733
-0.031241242 0.23283857 -3.2726936 4.371139e-08 1.891686e-07 -1 0.778753 0.5026667
-0.026418906 0.22675973 -3.2726936 4.3711385e-08 1.4770139e-07 -1 0.7736868 0.5004036
-0.031241242 0.22068089 -3.2726936 4.371139e-08 1.6843502e-07 -1 0.7746197 0.4949339
-0.029428095 0.21483566 -3.2726936 4.371139e-08 1.891686e-07 -1 0.7715047 0.4918189
-0.026483709 0.20944865 -3.2726936 4.371139e-08 1.8916856e-07 -1 0.7678419 0.48937148
-0.022521237 0.20472692 -3.2726936 4.3711392e-08 2.3063598e-07 -1 0.7637719 0.48768562
-0.01769295 0.20085189 -3.2726936 4.371138e-08 6.476684e-08 -1 0.75945127 0.4868262
-0.012184389 0.19797248 -3.2726936 4.3711385e-08 1.4770139e-07 -1 0.755046 0.48682624
-0.0051470227 0.20141184 -3.2726936 4.3711385e-08 1.2270414e-07 -1 0.751838 0.49135348
8.761006e-06 0.19560063 -3.2726936 4.3711385e-08 1.4770139e-07 -1 0.7466554 0.48937148
0.0062247757 0.19619933 -3.2726936 4.371138e-08 6.4766944e-08 -1 0.7429926 0.4918189
0.012201912 0.19797248 -3.2726936 4.3711385e-08 1.4770139e-07 -1 0.7398776 0.49493393
0.017710458 0.20085187 -3.2726936 4.3711392e-08 2.3063602e-07 -1 0.73743016 0.4985968
0.022538753 0.2047269 -3.2726936 4.3711385e-08 1.4770139e-07 -1 0.7357443 0.5026667
0.02650123 0.20944865 -3.2726936 4.371138e-08 6.476691e-08 -1 0.73488486 0.50698733
0.02944562 0.21483566 -3.2726936 4.3711385e-08 1.4770139e-07 -1 0.73488486 0.51139265
0.031258766 0.22068089 -3.2726936 4.3711385e-08 1.0623416e-07 -1 0.7357443 0.5157133
0.031870987 0.22675973 -3.2726936 4.371138e-08 8.550055e-08 -1 0.73743016 0.51978326
0.025928631 0.23180176 -3.3116646 4.3711385e-08 1.4770139e-07 -1 0.032141857 0.9915211
0.026436431 0.22675975 -3.3116646 4.371138e-08 7.637955e-08 -1 0.028558161 0.99223393
0.025928633 0.22171775 -3.3116646 4.3711225e-08 -1.9924807e-06 -1 0.024904251 0.99223393
0.024424747 0.2168695 -3.3116646 4.371138e-08 7.637569e-08 -1 0.021320587 0.9915211
0.021982564 0.21240133 -3.3116646 4.3711385e-08 1.4770139e-07 -1 0.017944809 0.9901228
0.018695943 0.20848495 -3.3116646 4.3711385e-08 1.4770139e-07 -1 0.014906716 0.98809284
0.014691183 0.20527086 -3.3116646 4.3711385e-08 1.4770139e-07 -1 0.012323017 0.9855091
0.010122198 0.20288257 -3.3116646 4.3711367e-08 -9.132175e-08 -1 0.010293037 0.98247105
0.0051645474 0.20141187 -3.3116646 4.371074e-08 -8.413068e-06 -1 0.008894744 0.9790952
8.7631115e-06 0.20091528 -3.3116646 4.3711452e-08 1.0332764e-06 -1 0.008181907 0.9755116
-0.0051470213 0.20141187 -3.3116646 4.3711708e-08 4.4280937e-06 -1 0.008181907 0.9718577
-0.010104671 0.20288257 -3.3116646 4.3711424e-08 6.809375e-07 -1 0.008894744 0.968274
-0.014673668 0.20527086 -3.3116646 4.3711708e-08 4.4281096e-06 -1 0.010293036 0.9648982
-0.018678423 0.20848495 -3.3116646 4.3711324e-08 -6.6655184e-07 -1 0.012323015 0.9618601
-0.021965038 0.21240133 -3.3116646 4.3711548e-08 2.2879024e-06 -1 0.014906715 0.95927644
-0.025911106 0.22171775 -3.3116646 4.3711466e-08 1.2178081e-06 -1 0.021320585 0.95584816
-0.026418904 0.22675976 -3.3116646 4.371139e-08 1.8336303e-07 -1 0.02490428 0.95513535
-0.025911106 0.23180176 -3.3116646 4.3711385e-08 1.4770139e-07 -1 0.02855816 0.95513535
-0.024407217 0.23665002 -3.3116646 4.3711392e-08 2.1692014e-07 -1 0.032141853 0.95584816
-0.02196504 0.24111818 -3.3116646 4.3711708e-08 4.4280782e-06 -1 0.035517633 0.9572464
-0.018678417 0.24503456 -3.3116646 4.371133e-08 -5.952324e-07 -1 0.038555726 0.9592765
-0.014673657 0.24824865 -3.3116646 4.3711708e-08 4.4281e-06 -1 0.041139424 0.9618602
-0.005147016 0.25210765 -3.3116646 4.371074e-08 -8.413108e-06 -1 0.044567697 0.968274
8.765403e-06 0.25260425 -3.3116646 4.3711285e-08 -1.1658087e-06 -1 0.045280535 0.9718577
0.005164549 0.25210765 -3.3116646 4.3711385e-08 1.4770139e-07 -1 0.045280535 0.9755116
0.010122197 0.25063694 -3.3116646 4.371139e-08 1.7954596e-07 -1 0.044567697 0.9790952
0.014691192 0.24824865 -3.3116646 4.371106e-08 -4.1326884e-06 -1 0.043169405 0.98247105
0.018695947 0.24503456 -3.3116646 4.371138e-08 7.637933e-08 -1 0.041139394 0.9855091
0.021982567 0.24111818 -3.3116646 4.3711548e-08 2.2878899e-06 -1 0.038555697 0.98809284
0.025928633 0.22171775 -3.3116646 0.9949666 -0.100206815 -1.6825585e-07 0.95609635 0.13136965
-0.024407217 0.2168695 -3.3116646 -0.87748295 -0.47960767 -3.3474112e-07 0.95587337 0.75545335
0.014691192 0.24824865 -3.3116646 0.4632463 0.88622963 5.679161e-07 0.9767073 0.13136965
-0.021965038 0.21240133 -3.3116646 -0.76600736 -0.6428318 -4.3073663e-07 0.9592491 0.75545335
0.010122197 0.25063694 -3.3116646 0.2844032 0.9587047 6.048862e-07 0.9797453 0.13136965
-0.018678423 0.20848495 -3.3116646 -0.62591547 -0.77989095 -5.09312e-07 0.96283275 0.75545335
0.005164549 0.25210765 -3.3116646 0.095874846 0.99539346 6.1931814e-07 0.9823291 0.13136965
-0.014673668 0.20527086 -3.3116646 -0.46324623 -0.8862297 -5.679161e-07 0.9664867 0.75545335
8.765403e-06 0.25260425 -3.3116646 -0.0958739 0.9953935 6.109366e-07 0.9560964 0.43848968
-0.010104671 0.20288257 -3.3116646 -0.28440303 -0.9587048 -6.048863e-07 0.97007036 0.75545335
-0.005147016 0.25210765 -3.3116646 -0.2844015 0.9587053 5.8002337e-07 0.95812637 0.43848968
-0.0051470213 0.20141187 -3.3116646 -0.09587483 -0.9953935 -6.1931814e-07 0.97344613 0.75545335
-0.010104664 0.25063694 -3.3116646 -0.4632464 0.8862296 5.2741774e-07 0.9607101 0.43848968
8.7631115e-06 0.20091528 -3.3116646 0.09587386 -0.9953935 -6.109366e-07 0.9637482 0.8145148
-0.014673657 0.24824865 -3.3116646 -0.62591565 0.7798907 4.545926e-07 0.9637482 0.43848968
0.0051645474 0.20141187 -3.3116646 0.28440222 -0.95870507 -5.8002325e-07 0.9671239 0.8145148
-0.018678417 0.24503456 -3.3116646 -0.7660074 0.64283174 3.6377006e-07 0.9671239 0.43848968
0.010122198 0.20288257 -3.3116646 0.4632455 -0.88623 -5.27418e-07 0.97070765 0.8145148
-0.02196504 0.24111818 -3.3116646 -0.87748283 0.479608 2.5802927e-07 0.97070765 0.43848968
0.026436431 0.22675975 -3.3116646 0.99496657 0.10020698 1.0541671e-07 0.95913446 0.13136965
0.014691183 0.20527086 -3.3116646 0.62591505 -0.7798912 -4.5459288e-07 0.97436154 0.8145148
-0.024407217 0.23665002 -3.3116646 -0.9551054 0.2962661 1.4133575e-07 0.97436154 0.43848968
0.025928631 0.23180176 -3.3116646 0.9551056 0.29626578 2.2483357e-07 0.9625102 0.13136965
0.018695943 0.20848495 -3.3116646 0.7660069 -0.64283234 -3.6377045e-07 0.9779452 0.8145148
-0.025911106 0.23180176 -3.3116646 -0.9949666 0.10020672 1.843374e-08 0.9779452 0.43848968
0.024424745 0.23665 -3.3116646 0.87748283 0.479608 3.3474132e-07 0.96609396 0.13136965
0.021982564 0.21240133 -3.3116646 0.8774829 -0.47960785 -2.580292e-07 0.98132104 0.8145148
-0.026418904 0.22675976 -3.3116646 -0.9949666 -0.1002067 -2.5523863e-07 0.981321 0.43848968
0.021982567 0.24111818 -3.3116646 0.7660072 0.64283204 4.3073678e-07 0.96974784 0.13136965
0.024424747 0.2168695 -3.3116646 0.95510554 -0.2962658 -1.4133558e-07 0.9535127 0.13136965
-0.025911106 0.22171775 -3.3116646 -0.9551054 -0.2962662 -1.5005011e-07 0.9528352 0.75545335
0.06425019 0.20787483 -2.6914086 0.9974072 0.071964815 8.807048e-08 0.8291668 0.5374458
0.06301581 0.2249829 -2.6452436 0.9974072 0.071964815 8.807048e-08 0.8741108 0.53312516
0.06425019 0.2078748 -2.6452436 0.9974072 0.07196482 8.807048e-08 0.8741108 0.5374458
0.06301581 0.22498293 -2.6914086 0.97618693 0.21693087 1.7672816e-07 0.8291668 0.53312516
0.05936011 0.24143356 -2.6452436 0.976187 0.2169308 1.7672812e-07 0.8741108 0.5290552
0.06301581 0.2249829 -2.6452436 0.97618705 0.2169308 1.7672812e-07 0.8741108 0.53312516
0.05936011 0.24143359 -2.6914086 0.93115985 0.3646113 2.6602265e-07 0.8291668 0.5290552
0.05342356 0.25659457 -2.6452436 0.93115985 0.3646113 2.6602265e-07 0.8741108 0.52539235
0.05936011 0.24143356 -2.6452436 0.93115985 0.36461127 2.6602262e-07 0.8741108 0.5290552
0.05342356 0.2565946 -2.6914086 0.8570371 0.5152546 3.5587635e-07 0.9015452 0.3054878
0.04543431 0.2698833 -2.6452436 0.85703695 0.5152549 3.5587644e-07 0.9046602 0.3504318
0.05342356 0.25659457 -2.6452436 0.85703695 0.5152549 3.5587647e-07 0.9015452 0.3504318
0.04543431 0.26988333 -2.6914086 0.74601865 0.6659252 4.44134e-07 0.9046602 0.3054878
0.035699382 0.28078908 -2.6452436 0.74601865 0.6659252 4.44134e-07 0.9083231 0.3504318
0.04543431 0.2698833 -2.6452436 0.7460185 0.6659252 4.44134e-07 0.9046602 0.3504318
0.035699382 0.2807891 -2.6914086 0.5894207 0.80782634 5.249801e-07 0.9083231 0.3054878
0.02459288 0.2888928 -2.6452436 0.58942103 0.80782604 5.249799e-07 0.91239303 0.3504318
0.035699382 0.28078908 -2.6452436 0.5894211 0.8078259 5.249799e-07 0.9083231 0.3504318
0.024592884 0.28889284 -2.6914086 0.3825826 0.9239212 5.8768256e-07 0.91239303 0.3054878
0.01254163 0.29388306 -2.6452436 0.3825826 0.9239212 5.8768256e-07 0.91671365 0.3504318
0.02459288 0.2888928 -2.6452436 0.38258258 0.9239212 5.8768256e-07 0.91239303 0.3504318
0.012541632 0.2938831 -2.6914086 0.13324772 0.9910827 6.1828786e-07 0.91671365 0.3054878
8.737298e-06 0.29556805 -2.6452436 0.13324772 0.9910827 6.1828786e-07 0.9211189 0.3504318
0.01254163 0.29388306 -2.6452436 0.13324772 0.9910827 6.1828786e-07 0.91671365 0.3504318
8.739316e-06 0.2955681 -2.6914086 -0.13324766 0.9910827 6.0663893e-07 0.9211189 0.3054878
-0.012524147 0.29388306 -2.6452436 -0.13324766 0.9910827 6.0663893e-07 0.9254396 0.3504318
8.737298e-06 0.29556805 -2.6452436 -0.13324764 0.9910827 6.0663893e-07 0.9211189 0.3504318
-0.012524145 0.2938831 -2.6914086 -0.3825818 0.9239216 5.542364e-07 0.9254396 0.3054878
-0.024575403 0.2888928 -2.6452436 -0.3825824 0.92392135 5.5423624e-07 0.9295095 0.3504318
-0.012524147 0.29388306 -2.6452436 -0.38258246 0.92392135 5.542362e-07 0.9254396 0.3504318
-0.0245754 0.28889284 -2.6914086 -0.58942056 0.8078264 4.734513e-07 0.9295095 0.3054878
-0.0356819 0.28078908 -2.6452436 -0.589421 0.8078261 4.7345114e-07 0.9331724 0.3504318
-0.024575403 0.2888928 -2.6452436 -0.589421 0.8078261 4.734511e-07 0.9295095 0.3504318
-0.0356819 0.28078914 -2.6914086 -0.7460183 0.6659255 3.789151e-07 0.81098425 0.9000407
-0.045416832 0.2698833 -2.6452436 -0.7460185 0.66592515 3.789149e-07 0.8146471 0.9449847
-0.0356819 0.28078908 -2.6452436 -0.74601865 0.6659252 3.7891493e-07 0.81098425 0.9449847
-0.045416832 0.26988333 -2.6914086 -0.85703695 0.51525486 2.8095184e-07 0.8146471 0.9000407
-0.053406086 0.25659457 -2.6452436 -0.85703695 0.51525486 2.8095184e-07 0.818717 0.9449847
-0.045416832 0.2698833 -2.6452436 -0.85703695 0.5152549 2.8095187e-07 0.8146471 0.9449847
-0.053406086 0.2565946 -2.6914086 -0.93115973 0.3646114 1.8461806e-07 0.818717 0.9000407
-0.05934263 0.24143358 -2.6452436 -0.9311598 0.3646113 1.84618e-07 0.8230377 0.9449847
-0.053406086 0.25659457 -2.6452436 -0.9311599 0.36461127 1.8461799e-07 0.818717 0.9449847
-0.05934263 0.2414336 -2.6914086 -0.97618693 0.21693113 9.138729e-08 0.8230377 0.9000407
-0.06299835 0.22498292 -2.6452436 -0.97618693 0.21693118 9.138732e-08 0.82744294 0.9449847
-0.05934263 0.24143358 -2.6452436 -0.97618693 0.21693118 9.138732e-08 0.8230377 0.9449847
-0.06299835 0.22498295 -2.6914086 -0.99740714 0.07196472 8.7423785e-10 0.82744294 0.9000407
-0.06423273 0.2078748 -2.6452436 -0.99740714 0.07196472 8.7423785e-10 0.83176357 0.9449847
-0.06299835 0.22498292 -2.6452436 -0.99740714 0.071964726 8.742415e-10 0.82744294 0.9449847
-0.06423273 0.20787483 -2.6914086 -0.99740714 -0.07196465 -8.807037e-08 0.83176357 0.9000407
-0.06299835 0.1907667 -2.6452436 -0.99740714 -0.07196465 -8.807037e-08 0.8358335 0.9449847
-0.06423273 0.2078748 -2.6452436 -0.9974072 -0.07196465 -8.807038e-08 0.83176357 0.9449847
-0.06299835 0.19076674 -2.6914086 -0.97618693 -0.21693103 -1.7672828e-07 0.8358335 0.9000407
-0.059342638 0.17431605 -2.6452436 -0.97618693 -0.21693097 -1.7672825e-07 0.8394964 0.9449847
-0.06299835 0.1907667 -2.6452436 -0.97618693 -0.21693097 -1.7672825e-07 0.8358335 0.9449847
-0.059342638 0.17431608 -2.6914086 -0.93115973 -0.36461136 -2.6602268e-07 0.8394964 0.9000407
-0.053406086 0.15915504 -2.6452436 -0.93115985 -0.3646113 -2.6602265e-07 0.8426114 0.9449847
-0.059342638 0.17431605 -2.6452436 -0.93115985 -0.36461127 -2.6602262e-07 0.8394964 0.9449847
-0.053406086 0.15915507 -2.6914086 -0.85703725 -0.51525456 -3.5587627e-07 0.8291668 0.5886467
-0.045416843 0.14586632 -2.6452436 -0.857037 -0.5152548 -3.5587638e-07 0.8741108 0.5855317
-0.053406086 0.15915504 -2.6452436 -0.857037 -0.5152548 -3.5587638e-07 0.8741108 0.5886467
-0.045416843 0.14586635 -2.6914086 -0.74601877 -0.6659249 -4.441339e-07 0.8291668 0.5855317
-0.035681926 0.13496053 -2.6452436 -0.7460185 -0.66592526 -4.4413406e-07 0.8741108 0.5818688
-0.045416843 0.14586632 -2.6452436 -0.74601847 -0.6659253 -4.441341e-07 0.8741108 0.5855317
-0.035681926 0.13496056 -2.6914086 -0.58942145 -0.8078256 -5.249797e-07 0.8291668 0.5818688
-0.024575425 0.1268568 -2.6452436 -0.58942103 -0.80782604 -5.249799e-07 0.8741108 0.5777989
-0.035681926 0.13496053 -2.6452436 -0.589421 -0.80782604 -5.249799e-07 0.8741108 0.5818688
-0.024575422 0.12685683 -2.6914086 -0.38258237 -0.92392135 -5.876826e-07 0.8291668 0.5777989
-0.012524164 0.12186655 -2.6452436 -0.38258237 -0.92392135 -5.876826e-07 0.8741108 0.5734782
-0.024575425 0.1268568 -2.6452436 -0.38258234 -0.92392135 -5.876826e-07 0.8741108 0.5777989
-0.012524162 0.12186658 -2.6914086 -0.13324772 -0.9910827 -6.1828786e-07 0.8291668 0.5734782
8.727631e-06 0.120181546 -2.6452436 -0.13324772 -0.9910827 -6.1828786e-07 0.8741108 0.56907296
-0.012524164 0.12186655 -2.6452436 -0.13324772 -0.9910827 -6.1828786e-07 0.8741108 0.5734782
8.7296485e-06 0.120181575 -2.6914086 0.13324757 -0.9910827 -6.0663893e-07 0.8291668 0.56907296
0.012541621 0.12186655 -2.6452436 0.13324757 -0.9910827 -6.0663893e-07 0.8741108 0.56475234
8.727631e-06 0.120181546 -2.6452436 0.13324757 -0.9910827 -6.0663893e-07 0.8741108 0.56907296
0.012541623 0.12186658 -2.6914086 0.3825829 -0.92392117 -5.5423607e-07 0.8291668 0.56475234
0.02459288 0.1268568 -2.6452436 0.38258228 -0.9239214 -5.5423624e-07 0.8741108 0.56068236
0.012541621 0.12186655 -2.6452436 0.3825822 -0.9239214 -5.5423624e-07 0.8741108 0.56475234
0.024592884 0.12685683 -2.6914086 0.5894207 -0.8078262 -4.7345117e-07 0.8291668 0.56068236
0.035699364 0.13496052 -2.6452436 0.5894207 -0.8078262 -4.7345117e-07 0.8741108 0.55701953
0.02459288 0.1268568 -2.6452436 0.5894206 -0.8078262 -4.7345117e-07 0.8741108 0.56068236
0.035699364 0.13496055 -2.6914086 0.74601805 -0.6659256 -3.7891522e-07 0.8291668 0.55701953
0.0454343 0.14586629 -2.6452436 0.74601805 -0.6659256 -3.7891522e-07 0.8741108 0.55390453
0.035699364 0.13496052 -2.6452436 0.74601805 -0.6659256 -3.7891522e-07 0.8741108 0.55701953
0.0454343 0.14586632 -2.6914086 0.85703695 -0.51525486 -2.8095184e-07 0.8291668 0.55390453
0.053423554 0.15915503 -2.6452436 0.85703695 -0.51525486 -2.8095184e-07 0.8741108 0.55024165
0.0454343 0.14586629 -2.6452436 0.85703695 -0.5152549 -2.8095187e-07 0.8741108 0.55390453
0.053423554 0.15915506 -2.6914086 0.93115973 -0.3646114 -1.8461806e-07 0.8291668 0.55024165
0.059360106 0.17431605 -2.6452436 0.93115973 -0.3646115 -1.8461813e-07 0.8741108 0.5461717
0.053423554 0.15915503 -2.6452436 0.93115973 -0.36461154 -1.8461814e-07 0.8741108 0.55024165
-0.059342638 0.17431608 -2.6914086 4.3711385e-08 1.3760135e-07 -1 0.8453658 0.6099421
-0.0245754 0.28889284 -2.6914086 4.371138e-08 9.4879766e-08 -1 0.876993 0.6130571
0.05936011 0.24143359 -2.6914086 4.371139e-08 1.7575124e-07 -1 0.873878 0.6446842
0.059360106 0.17431608 -2.6914086 0.976187 -0.21693091 -9.138716e-08 0.8291668 0.5461717
0.06301581 0.1907667 -2.6452436 0.976187 -0.21693094 -9.138716e-08 0.8741108 0.54185104
0.059360106 0.17431605 -2.6452436 0.976187 -0.21693094 -9.138716e-08 0.8741108 0.5461717
0.06301581 0.19076674 -2.6914086 0.99740714 -0.071964785 -8.7428176e-10 0.8291668 0.54185104
0.06425019 0.2078748 -2.6452436 0.99740714 -0.071964785 -8.7428176e-10 0.8741108 0.5374458
0.06301581 0.1907667 -2.6452436 0.9974072 -0.071964785 -8.7428187e-10 0.8741108 0.54185104
-0.06299835 0.22498292 -2.6452436 -4.3711385e-08 -1.5780141e-07 1 0.9041528 0.48543414
-0.012524164 0.12186655 -2.6452436 -4.3711385e-08 -1.2190104e-07 1 0.93456453 0.49465942
0.06301581 0.1907667 -2.6452436 -4.3711385e-08 -1.4770139e-07 1 0.9253393 0.5250712
0.06301581 0.22498293 -2.6914086 0.9974072 0.07196482 8.807048e-08 0.8291668 0.53312516
0.05936011 0.24143359 -2.6914086 0.976187 0.21693087 1.7672816e-07 0.8291668 0.5290552
0.05342356 0.2565946 -2.6914086 0.93115985 0.36461127 2.6602262e-07 0.8291668 0.52539235
0.04543431 0.26988333 -2.6914086 0.85703725 0.5152546 3.558763e-07 0.9046602 0.3054878
0.035699382 0.2807891 -2.6914086 0.7460185 0.6659252 4.44134e-07 0.9083231 0.3054878
0.024592884 0.28889284 -2.6914086 0.58942056 0.80782634 5.249801e-07 0.91239303 0.3054878
0.012541632 0.2938831 -2.6914086 0.38258258 0.9239212 5.8768256e-07 0.91671365 0.3054878
8.739316e-06 0.2955681 -2.6914086 0.13324772 0.9910827 6.1828786e-07 0.9211189 0.3054878
-0.012524145 0.2938831 -2.6914086 -0.13324764 0.9910827 6.0663893e-07 0.9254396 0.3054878
-0.0245754 0.28889284 -2.6914086 -0.3825818 0.92392164 5.5423646e-07 0.9295095 0.3054878
-0.0356819 0.28078914 -2.6914086 -0.5894205 0.80782646 4.7345134e-07 0.9331724 0.3054878
-0.045416832 0.26988333 -2.6914086 -0.7460182 0.6659255 3.7891516e-07 0.8146471 0.9000407
-0.053406086 0.2565946 -2.6914086 -0.85703695 0.5152549 2.8095187e-07 0.818717 0.9000407
-0.05934263 0.2414336 -2.6914086 -0.93115973 0.3646114 1.8461807e-07 0.8230377 0.9000407
-0.06299835 0.22498295 -2.6914086 -0.97618693 0.21693113 9.138729e-08 0.82744294 0.9000407
-0.06423273 0.20787483 -2.6914086 -0.99740714 0.071964726 8.742415e-10 0.83176357 0.9000407
-0.06299835 0.19076674 -2.6914086 -0.9974072 -0.07196465 -8.807038e-08 0.8358335 0.9000407
-0.059342638 0.17431608 -2.6914086 -0.97618693 -0.21693103 -1.7672828e-07 0.8394964 0.9000407
-0.053406086 0.15915507 -2.6914086 -0.93115973 -0.3646114 -2.6602268e-07 0.8426114 0.9000407
-0.045416843 0.14586635 -2.6914086 -0.8570373 -0.51525456 -3.5587627e-07 0.8291668 0.5855317
-0.035681926 0.13496056 -2.6914086 -0.74601877 -0.66592485 -4.4413386e-07 0.8291668 0.5818688
-0.024575422 0.12685683 -2.6914086 -0.5894215 -0.8078256 -5.249797e-07 0.8291668 0.5777989
-0.012524162 0.12186658 -2.6914086 -0.38258234 -0.92392135 -5.876826e-07 0.8291668 0.5734782
8.7296485e-06 0.120181575 -2.6914086 -0.13324772 -0.9910827 -6.1828786e-07 0.8291668 0.56907296
0.012541623 0.12186658 -2.6914086 0.13324757 -0.9910827 -6.0663893e-07 0.8291668 0.56475234
0.024592884 0.12685683 -2.6914086 0.3825829 -0.92392117 -5.5423607e-07 0.8291668 0.56068236
0.035699364 0.13496055 -2.6914086 0.5894206 -0.8078262 -4.7345117e-07 0.8291668 0.55701953
0.0454343 0.14586632 -2.6914086 0.74601805 -0.6659256 -3.7891522e-07 0.8291668 0.55390453
0.053423554 0.15915506 -2.6914086 0.85703695 -0.5152549 -2.8095187e-07 0.8291668 0.55024165
0.059360106 0.17431608 -2.6914086 0.93115973 -0.36461136 -1.8461805e-07 0.8291668 0.5461717
0.06301581 0.22498293 -2.6914086 4.3711385e-08 1.4770139e-07 -1 0.8702152 0.6471316
0.06425019 0.20787483 -2.6914086 4.3711385e-08 1.4770139e-07 -1 0.8661452 0.64881754
0.06301581 0.19076674 -2.6914086 4.3711385e-08 1.4770139e-07 -1 0.8618246 0.6496769
0.059360106 0.17431608 -2.6914086 4.371139e-08 1.9035657e-07 -1 0.8574193 0.6496769
0.053423554 0.15915506 -2.6914086 4.3711385e-08 1.4770139e-07 -1 0.85309863 0.64881754
0.0454343 0.14586632 -2.6914086 4.3711367e-08 -1.036438e-07 -1 0.8490287 0.6471316
0.035699364 0.13496055 -2.6914086 4.3711385e-08 1.4770139e-07 -1 0.8453658 0.6446842
0.024592884 0.12685683 -2.6914086 4.3711385e-08 1.1283028e-07 -1 0.8422508 0.64156926
0.012541623 0.12186658 -2.6914086 4.3711307e-08 -8.986254e-07 -1 0.8398034 0.6379064
8.7296485e-06 0.120181575 -2.6914086 4.3711402e-08 3.9904657e-07 -1 0.8381176 0.6338364
-0.012524162 0.12186658 -2.6914086 4.3711463e-08 1.1940306e-06 -1 0.83725816 0.6295158
-0.024575422 0.12685683 -2.6914086 4.3711385e-08 1.3991742e-07 -1 0.83725816 0.62511057
-0.035681926 0.13496056 -2.6914086 4.3711385e-08 1.4770139e-07 -1 0.8381176 0.6207899
-0.045416843 0.14586635 -2.6914086 4.3711385e-08 1.4770139e-07 -1 0.8398034 0.61671996
-0.053406086 0.15915507 -2.6914086 4.3711385e-08 1.4770139e-07 -1 0.8422508 0.6130571
-0.06299835 0.19076674 -2.6914086 4.3711385e-08 1.4770139e-07 -1 0.8490287 0.60749465
-0.06423273 0.20787483 -2.6914086 4.3711385e-08 1.4770139e-07 -1 0.85309863 0.60580885
-0.06299835 0.22498295 -2.6914086 4.3711385e-08 1.4770139e-07 -1 0.8574193 0.60494936
-0.05934263 0.2414336 -2.6914086 4.3711385e-08 1.4770139e-07 -1 0.8618246 0.60494936
-0.053406086 0.2565946 -2.6914086 4.3711385e-08 1.4770139e-07 -1 0.8661452 0.60580885
-0.045416832 0.26988333 -2.6914086 4.3711385e-08 1.4770139e-07 -1 0.8702151 0.60749465
-0.0356819 0.28078914 -2.6914086 4.3711385e-08 1.4770139e-07 -1 0.873878 0.6099421
-0.012524145 0.2938831 -2.6914086 4.3711307e-08 -8.9863016e-07 -1 0.8794405 0.61671996
8.739316e-06 0.2955681 -2.6914086 4.3711367e-08 -1.036442e-07 -1 0.8811263 0.6207899
0.012541632 0.2938831 -2.6914086 4.3711463e-08 1.1940296e-06 -1 0.88198566 0.62511045
0.024592884 0.28889284 -2.6914086 4.371139e-08 1.825723e-07 -1 0.88198566 0.62951577
0.035699382 0.2807891 -2.6914086 4.3711385e-08 1.4770139e-07 -1 0.8811263 0.6338364
0.04543431 0.26988333 -2.6914086 4.3711402e-08 3.9904674e-07 -1 0.8794405 0.6379064
0.05342356 0.2565946 -2.6914086 4.3711385e-08 1.4770139e-07 -1 0.876993 0.6415692
0.06301581 0.19076674 -2.6914086 0.976187 -0.2169309 -9.138714e-08 0.8291668 0.54185104
0.06425019 0.20787483 -2.6914086 0.9974072 -0.071964785 -8.7428187e-10 0.8291668 0.5374458
0.06425019 0.2078748 -2.6452436 -4.3711385e-08 -1.4770139e-07 1 0.92126936 0.526757
0.06301581 0.2249829 -2.6452436 -4.3711385e-08 -1.4770139e-07 1 0.9169487 0.52761644
0.05936011 0.24143356 -2.6452436 -4.3711385e-08 -1.4770139e-07 1 0.9125434 0.52761644
0.05342356 0.25659457 -2.6452436 -4.3711385e-08 -1.4770139e-07 1 0.9082228 0.526757
0.04543431 0.2698833 -2.6452436 -4.3711385e-08 -1.4770139e-07 1 0.9041528 0.5250712
0.035699382 0.28078908 -2.6452436 -4.3711385e-08 -1.4770139e-07 1 0.90049 0.5226238
0.02459288 0.2888928 -2.6452436 -4.3711385e-08 -1.4770139e-07 1 0.897375 0.5195088
0.01254163 0.29388306 -2.6452436 -4.3711385e-08 -1.4770139e-07 1 0.8949275 0.5158459
8.737298e-06 0.29556805 -2.6452436 -4.3711385e-08 -1.4770139e-07 1 0.8932417 0.511776
-0.012524147 0.29388306 -2.6452436 -4.3711385e-08 -1.4770139e-07 1 0.89238226 0.5074553
-0.024575403 0.2888928 -2.6452436 -4.3711385e-08 -1.4770139e-07 1 0.89238226 0.50305
-0.0356819 0.28078908 -2.6452436 -4.3711385e-08 -1.4770139e-07 1 0.8932417 0.49872938
-0.045416832 0.2698833 -2.6452436 -4.3711385e-08 -1.4770139e-07 1 0.8949275 0.49465942
-0.053406086 0.25659457 -2.6452436 -4.3711385e-08 -1.4770139e-07 1 0.897375 0.4909966
-0.05934263 0.24143358 -2.6452436 -4.3711385e-08 -1.4770139e-07 1 0.90049 0.48788157
-0.06423273 0.2078748 -2.6452436 -4.3711385e-08 -1.4770139e-07 1 0.9082228 0.48374832
-0.06299835 0.1907667 -2.6452436 -4.3711385e-08 -1.4770139e-07 1 0.9125434 0.4828889
-0.059342638 0.17431605 -2.6452436 -4.3711385e-08 -1.4770139e-07 1 0.9169487 0.4828889
-0.053406086 0.15915504 -2.6452436 -4.371139e-08 -1.9035652e-07 1 0.92126936 0.48374832
-0.045416843 0.14586632 -2.6452436 -4.3711385e-08 -1.4770139e-07 1 0.9253392 0.48543414
-0.035681926 0.13496053 -2.6452436 -4.3711367e-08 1.03644304e-07 1 0.9290021 0.48788157
-0.024575425 0.1268568 -2.6452436 -4.3711385e-08 -1.4770139e-07 1 0.93211716 0.49099657
8.727631e-06 0.120181546 -2.6452436 -4.3711385e-08 -1.4770139e-07 1 0.9362504 0.49872938
0.012541621 0.12186655 -2.6452436 -4.3711367e-08 1.0364424e-07 1 0.9371098 0.50305
0.02459288 0.1268568 -2.6452436 -4.3711385e-08 -1.4770139e-07 1 0.9371098 0.5074553
0.035699364 0.13496052 -2.6452436 -4.3711385e-08 -1.297512e-07 1 0.9362504 0.5117759
0.0454343 0.14586629 -2.6452436 -4.3711385e-08 -1.4770139e-07 1 0.9345646 0.5158459
0.053423554 0.15915503 -2.6452436 -4.3711385e-08 -1.4770139e-07 1 0.93211716 0.5195088
0.059360106 0.17431605 -2.6452436 -4.3711385e-08 -1.4770139e-07 1 0.92900217 0.5226238
0.061203353 0.19821098 -0.9845381 0.9982112 0.05978442 6.2105826e-08 0.9517674 0.52582145
0.060027514 0.21784367 -0.7913567 0.9982112 0.05978442 6.2105826e-08 0.95608807 0.5689596
0.061203346 0.19821092 -0.7913567 0.9982112 0.059784416 6.2105826e-08 0.9517674 0.5689596
0.06002752 0.21784373 -0.9845381 0.9834091 0.18140183 1.0608337e-07 0.95608807 0.52582145
0.056545183 0.23672193 -0.7913567 0.9834091 0.18140185 9.9524996e-08 0.9604933 0.5689596
0.060027514 0.21784367 -0.7913567 0.9834091 0.18140185 9.9036995e-08 0.95608807 0.5689596
0.05654519 0.23672199 -0.9845381 0.9510253 0.3091129 1.4044609e-07 0.9604933 0.52582145
0.050890185 0.25412026 -0.7913567 0.95102537 0.30911288 1.8565018e-07 0.96481395 0.5689596
0.056545183 0.23672193 -0.7913567 0.95102537 0.30911288 1.8901375e-07 0.9604933 0.5689596
0.050890192 0.25412032 -0.9845381 0.894768 0.4465314 1.7708393e-07 0.96481395 0.52582145
0.043279845 0.26937 -0.7913567 0.894768 0.4465314 1.7708393e-07 0.96888393 0.5689596
0.050890185 0.25412026 -0.7913567 0.8947679 0.4465314 1.7708392e-07 0.96481395 0.5689596
0.043279853 0.26937005 -0.9845381 0.80347264 0.5953415 2.1907368e-07 0.96888393 0.52582145
0.034006614 0.28188515 -0.7913567 0.80347264 0.5953415 2.1907368e-07 0.97254676 0.5689596
0.043279845 0.26937 -0.7913567 0.80347276 0.5953415 2.1907368e-07 0.96888393 0.5689596
0.03400662 0.2818852 -0.9845381 0.6602039 0.75108653 2.6093437e-07 0.06571178 0.9175963
0.023426857 0.29118472 -0.7913567 0.6602039 0.75108653 2.6093437e-07 0.06937463 0.9607344
0.034006614 0.28188515 -0.7913567 0.6602039 0.75108653 2.6093437e-07 0.06571178 0.9607344
0.023426864 0.29118478 -0.9845381 0.4463911 0.894838 2.9600562e-07 0.06937463 0.9175963
0.011947157 0.2969114 -0.7913567 0.4463911 0.894838 2.9600562e-07 0.07344458 0.9607344
0.023426857 0.29118472 -0.7913567 0.44639108 0.894838 2.9600562e-07 0.06937463 0.9607344
0.011947166 0.29691145 -0.9845381 0.15988427 0.98713577 3.1200082e-07 0.07344458 0.9175963
8.659449e-06 0.29884505 -0.7913567 0.15988514 0.9871356 3.1200082e-07 0.07776523 0.9607344
0.011947157 0.2969114 -0.7913567 0.15988521 0.9871356 3.120008e-07 0.07344458 0.9607344
8.667893e-06 0.2988451 -0.9845381 -0.1598851 0.9871356 2.9802322e-07 0.07776523 0.9175963
-0.011929831 0.2969114 -0.7913567 -0.15988421 0.98713577 2.9802328e-07 0.0821705 0.9607344
8.659449e-06 0.29884505 -0.7913567 -0.15988418 0.98713577 2.9802328e-07 0.07776523 0.9607344
-0.011929821 0.29691145 -0.9845381 -0.44639084 0.89483815 2.5698094e-07 0.0821705 0.9175963
-0.023409532 0.29118475 -0.7913567 -0.4463901 0.8948384 2.5698105e-07 0.086491145 0.9607344
-0.011929831 0.2969114 -0.7913567 -0.4463901 0.89483845 2.5698105e-07 0.0821705 0.9607344
-0.023409525 0.2911848 -0.9845381 -0.6602039 0.7510865 2.0321745e-07 0.086491145 0.9175963
-0.033989288 0.28188515 -0.7913567 -0.6602039 0.7510865 2.0321745e-07 0.09056105 0.9607344
-0.023409532 0.29118475 -0.7913567 -0.66020393 0.7510865 2.0321745e-07 0.086491145 0.9607344
-0.03398928 0.2818852 -0.9845381 -0.8034726 0.59534174 1.488319e-07 0.95176744 0.5927578
-0.043262523 0.26937 -0.7913567 -0.8034726 0.59534174 1.488319e-07 0.9554303 0.63589597
-0.033989288 0.28188515 -0.7913567 -0.8034727 0.59534174 1.488319e-07 0.95176744 0.63589597
-0.043262515 0.26937005 -0.9845381 -0.89476794 0.44653153 9.886085e-08 0.9554303 0.5927578
-0.050872874 0.25412026 -0.7913567 -0.89476794 0.44653153 9.886085e-08 0.95950025 0.63589597
-0.043262523 0.26937 -0.7913567 -0.89476794 0.44653156 9.886085e-08 0.9554303 0.63589597
-0.050872866 0.25412032 -0.9845381 -0.95102525 0.30911297 9.5114906e-08 0.95950025 0.5927578
-0.056527868 0.23672195 -0.7913567 -0.95102525 0.30911297 5.679273e-08 0.9638209 0.63589597
-0.050872874 0.25412026 -0.7913567 -0.95102525 0.30911297 5.394122e-08 0.95950025 0.63589597
-0.05652786 0.236722 -0.9845381 -0.983409 0.18140213 9.859241e-09 0.9638209 0.5927578
-0.060010202 0.21784367 -0.7913567 -0.983409 0.18140215 -3.3219656e-08 0.96822613 0.63589597
-0.056527868 0.23672195 -0.7913567 -0.9834089 0.18140215 -3.64251e-08 0.9638209 0.63589597
-0.060010195 0.21784373 -0.9845381 -0.9982112 0.059784535 -2.516058e-08 0.96822613 0.5927578
-0.06118604 0.19821091 -0.7913567 -0.9982112 0.059784554 -2.5160574e-08 0.97254676 0.63589597
-0.060010202 0.21784367 -0.7913567 -0.9982112 0.05978456 -2.516057e-08 0.96822613 0.63589597
-0.06118604 0.19821091 -0.7913567 4.2773632e-10 -1 -3.0898693e-07 0.572897 0.68905145
0.061203353 0.19821098 -0.9845381 1.760295e-09 -1 -3.0898693e-07 0.5297589 0.64410746
0.061203346 0.19821092 -0.7913567 2.6624644e-08 -1 -3.0898693e-07 0.572897 0.64410746
0.061203353 0.19821098 -0.9845381 4.3711395e-08 1.069411e-07 -1 0.44411427 0.9489222
-0.060010195 0.21784373 -0.9845381 4.3711427e-08 5.411284e-07 -1 0.44849834 0.90441
0.06002752 0.21784373 -0.9845381 4.3711392e-08 7.385068e-08 -1 0.44849834 0.9484904
0.06002752 0.21784373 -0.9845381 4.371139e-08 5.360729e-08 -1 0.44849834 0.9484904
-0.05652786 0.236722 -0.9845381 4.371137e-08 -1.7551524e-07 -1 0.45271394 0.9056888
0.05654519 0.23672199 -0.9845381 4.3711392e-08 7.385068e-08 -1 0.45271394 0.9472116
0.05654519 0.23672199 -0.9845381 4.3711392e-08 5.689249e-08 -1 0.45271394 0.9472116
-0.050872866 0.25412032 -0.9845381 4.3711378e-08 -1.038502e-07 -1 0.456599 0.90776545
0.050890192 0.25412032 -0.9845381 4.3711392e-08 7.385068e-08 -1 0.456599 0.945135
0.050890192 0.25412032 -0.9845381 4.3711392e-08 7.385068e-08 -1 0.456599 0.945135
-0.043262515 0.26937005 -0.9845381 4.3711392e-08 7.385068e-08 -1 0.46000436 0.91056013
0.043279853 0.26937005 -0.9845381 4.3711392e-08 7.385068e-08 -1 0.46000436 0.9423403
0.03400662 0.2818852 -0.9845381 4.371139e-08 3.0726277e-08 -1 0.462799 0.938935
-0.043262515 0.26937005 -0.9845381 4.3711324e-08 -8.504882e-07 -1 0.46000436 0.91056013
-0.03398928 0.2818852 -0.9845381 4.371131e-08 -1.0045009e-06 -1 0.462799 0.91396546
0.03400662 0.2818852 -0.9845381 4.3711417e-08 4.2209697e-07 -1 0.462799 0.938935
-0.023409525 0.2911848 -0.9845381 4.3711516e-08 1.7508281e-06 -1 0.46487564 0.91785055
0.023426864 0.29118478 -0.9845381 4.3711392e-08 7.385068e-08 -1 0.46487564 0.9350499
0.023426864 0.29118478 -0.9845381 4.371144e-08 7.23104e-07 -1 0.46487564 0.9350499
-0.011929821 0.29691145 -0.9845381 4.371115e-08 -3.1369852e-06 -1 0.46615446 0.92206615
0.011947166 0.29691145 -0.9845381 4.3711594e-08 2.7583183e-06 -1 0.46615446 0.9308343
8.667893e-06 0.2988451 -0.9845381 4.371079e-08 -7.876379e-06 -1 0.46658623 0.9264502
0.011947166 0.29691145 -0.9845381 4.371079e-08 -7.876379e-06 -1 0.46615446 0.9308343
-0.011929821 0.29691145 -0.9845381 4.371079e-08 -7.876379e-06 -1 0.46615446 0.92206615
0.061203346 0.19821092 -0.7913567 -4.371139e-08 -4.076025e-08 1 0.9371098 0.05315539
-0.060010202 0.21784367 -0.7913567 -4.3711356e-08 3.9342703e-07 1 0.9327258 0.008643227
-0.06118604 0.19821091 -0.7913567 -4.3711356e-08 4.2262454e-07 1 0.9371098 0.008211428
0.056545183 0.23672193 -0.7913567 -4.3711392e-08 -8.855398e-08 1 0.9285102 0.051444825
-0.060010202 0.21784367 -0.7913567 -4.3711413e-08 -3.3178915e-07 1 0.9327258 0.008643227
0.060027514 0.21784367 -0.7913567 -4.3711392e-08 -7.385068e-08 1 0.9327258 0.05272362
0.050890185 0.25412026 -0.7913567 -4.3711445e-08 -7.550443e-07 1 0.92462504 0.0493682
-0.056527868 0.23672195 -0.7913567 -4.3711356e-08 4.2374907e-07 1 0.9285102 0.00992202
0.056545183 0.23672193 -0.7913567 -4.371145e-08 -8.2018414e-07 1 0.9285102 0.051444825
0.043279845 0.26937 -0.7913567 -4.3711392e-08 -7.385068e-08 1 0.92121977 0.046573494
-0.050872874 0.25412026 -0.7913567 -4.3711392e-08 -7.385068e-08 1 0.92462504 0.011998649
0.050890185 0.25412026 -0.7913567 -4.3711392e-08 -7.385068e-08 1 0.92462504 0.0493682
0.034006614 0.28188515 -0.7913567 -4.3711395e-08 -1.1697507e-07 1 0.918425 0.04316818
-0.043262523 0.26937 -0.7913567 -4.371146e-08 -9.981895e-07 1 0.92121977 0.014793323
0.043279845 0.26937 -0.7913567 -4.3711392e-08 -7.385068e-08 1 0.92121977 0.046573494
0.023426857 0.29118472 -0.7913567 -4.371139e-08 -4.264557e-08 1 0.9163484 0.03928306
-0.033989288 0.28188515 -0.7913567 -4.3711342e-08 6.0036183e-07 1 0.918425 0.018198635
0.034006614 0.28188515 -0.7913567 -4.3711392e-08 -7.385068e-08 1 0.918425 0.04316818
0.023426857 0.29118472 -0.7913567 -4.3711342e-08 5.754026e-07 1 0.9163484 0.03928306
-0.011929831 0.2969114 -0.7913567 -4.3711633e-08 -3.2846865e-06 1 0.91506964 0.02629935
-0.023409532 0.29118475 -0.7913567 -4.3711648e-08 -3.4951788e-06 1 0.9163484 0.022083756
8.659449e-06 0.29884505 -0.7913567 -4.3711992e-08 -8.02408e-06 1 0.9146378 0.030683422
-0.011929831 0.2969114 -0.7913567 -4.3711992e-08 -8.02408e-06 1 0.91506964 0.02629935
0.011947157 0.2969114 -0.7913567 -4.3711992e-08 -8.02408e-06 1 0.91506964 0.035067495
0.06002752 0.21784373 -0.9845381 0.9982112 0.059784416 6.2105826e-08 0.95608807 0.52582145
0.05654519 0.23672199 -0.9845381 0.9834091 0.18140183 1.0657137e-07 0.9604933 0.52582145
0.050890192 0.25412032 -0.9845381 0.9510253 0.30911294 1.3708251e-07 0.96481395 0.52582145
0.043279853 0.26937005 -0.9845381 0.8947679 0.4465314 1.7708392e-07 0.96888393 0.52582145
0.03400662 0.2818852 -0.9845381 0.80347276 0.5953415 2.1907368e-07 0.97254676 0.52582145
0.023426864 0.29118478 -0.9845381 0.6602039 0.75108653 2.6093437e-07 0.06937463 0.9175963
0.011947166 0.29691145 -0.9845381 0.44639108 0.894838 2.9600562e-07 0.07344458 0.9175963
8.667893e-06 0.2988451 -0.9845381 0.15988421 0.98713577 3.120008e-07 0.07776523 0.9175963
-0.011929821 0.29691145 -0.9845381 -0.15988517 0.9871356 2.980232e-07 0.0821705 0.9175963
-0.023409525 0.2911848 -0.9845381 -0.4463909 0.8948381 2.569809e-07 0.086491145 0.9175963
-0.03398928 0.2818852 -0.9845381 -0.66020393 0.7510865 2.0321745e-07 0.09056105 0.9175963
-0.043262515 0.26937005 -0.9845381 -0.8034727 0.59534174 1.488319e-07 0.9554303 0.5927578
-0.050872866 0.25412032 -0.9845381 -0.89476794 0.44653156 9.886085e-08 0.95950025 0.5927578
-0.05652786 0.236722 -0.9845381 -0.95102525 0.30911297 9.796642e-08 0.9638209 0.5927578
-0.060010195 0.21784373 -0.9845381 -0.983409 0.1814021 1.306469e-08 0.96822613 0.5927578
-0.061186034 0.19821097 -0.9845381 -0.9982112 0.05978453 -2.5160581e-08 0.97254676 0.5927578
-0.061186034 0.19821097 -0.9845381 -2.4436623e-08 -1 -3.0898693e-07 0.5297589 0.68905145
-0.061186034 0.19821097 -0.9845381 4.3711427e-08 5.703259e-07 -1 0.44411427 0.9039782
-0.060010195 0.21784373 -0.9845381 4.371137e-08 -1.8936545e-07 -1 0.44849834 0.90441
-0.05652786 0.236722 -0.9845381 4.3711378e-08 -1.1273279e-07 -1 0.45271394 0.9056888
-0.050872866 0.25412032 -0.9845381 4.3711392e-08 7.385068e-08 -1 0.456599 0.90776545
0.043279853 0.26937005 -0.9845381 4.3711392e-08 7.385068e-08 -1 0.46000436 0.9423403
-0.03398928 0.2818852 -0.9845381 4.3711523e-08 1.8153121e-06 -1 0.462799 0.91396546
-0.023409525 0.2911848 -0.9845381 4.3711136e-08 -3.3474776e-06 -1 0.46487564 0.91785055
0.060027514 0.21784367 -0.7913567 -4.3711392e-08 -7.385068e-08 1 0.9327258 0.05272362
-0.056527868 0.23672195 -0.7913567 -4.3711413e-08 -3.5327943e-07 1 0.9285102 0.00992202
-0.050872874 0.25412026 -0.7913567 -4.3711346e-08 5.4811056e-07 1 0.92462504 0.011998649
-0.043262523 0.26937 -0.7913567 -4.3711392e-08 -7.385068e-08 1 0.92121977 0.014793323
-0.033989288 0.28188515 -0.7913567 -4.3711474e-08 -1.1522021e-06 1 0.918425 0.018198635
-0.023409532 0.29118475 -0.7913567 -4.3711328e-08 7.688859e-07 1 0.9163484 0.022083756
0.011947157 0.2969114 -0.7913567 -4.371119e-08 2.610617e-06 1 0.91506964 0.035067495
0.064781584 0.07432185 1.3711995 4.371139e-08 1.500995e-07 -1 0.77767664 0.69298875
-0.06385988 -0.37974828 1.3711994 4.371139e-08 1.5397578e-07 -1 0.8186983 0.6222004
-0.06476449 0.07432185 1.3711995 4.371139e-08 1.4620748e-07 -1 0.8189867 0.69298875
0.0638769 -0.37974828 1.3711994 4.371139e-08 1.4413678e-07 -1 0.7779651 0.6222004
-0.06022278 -0.40427324 1.3711994 4.3711385e-08 1.0289643e-07 -1 0.81753844 0.61837703
-0.06385988 -0.37974828 1.3711994 4.3711385e-08 1.0045758e-07 -1 0.8186983 0.6222004
0.060239807 -0.40427324 1.3711994 4.3711374e-08 -7.00491e-08 -1 0.7791249 0.61837703
-0.054198217 -0.42732805 1.3711994 4.3711385e-08 1.1104839e-07 -1 0.8156173 0.6147828
-0.06022278 -0.40427324 1.3711994 4.3711385e-08 1.2105579e-07 -1 0.81753844 0.61837703
0.054215237 -0.42732805 1.3711994 4.371139e-08 1.6270988e-07 -1 0.7810461 0.6147828
-0.04609053 -0.4475357 1.3711994 4.3711395e-08 2.7694188e-07 -1 0.8130319 0.61163247
-0.054198217 -0.42732805 1.3711994 4.37114e-08 2.8281505e-07 -1 0.8156173 0.6147828
-0.04609053 -0.4475357 1.3711994 4.3711406e-08 3.5544963e-07 -1 0.8130319 0.61163247
0.036228273 -0.46411985 1.3711994 4.371139e-08 1.3432374e-07 -1 0.78678185 0.6090471
-0.036211286 -0.46411985 1.3711994 4.371141e-08 3.940961e-07 -1 0.8098816 0.6090471
0.036228273 -0.46411985 1.3711994 4.3711413e-08 4.6652275e-07 -1 0.78678185 0.6090471
-0.02494012 -0.47644287 1.3711994 4.3711363e-08 -1.5378717e-07 -1 0.8062874 0.60712594
-0.036211286 -0.46411985 1.3711994 4.3711363e-08 -1.8389102e-07 -1 0.8098816 0.6090471
0.024957132 -0.47644287 1.3711994 4.371136e-08 -2.331714e-07 -1 0.790376 0.60712594
-0.012710195 -0.48403132 1.3711994 4.3711417e-08 4.9867054e-07 -1 0.8023875 0.6059429
-0.02494012 -0.47644287 1.3711994 4.3711417e-08 5.385776e-07 -1 0.8062874 0.60712594
8.506329e-06 -0.48659366 1.3711994 4.371139e-08 1.4770139e-07 -1 0.79833174 0.60554343
-0.012710195 -0.48403132 1.3711994 4.371139e-08 1.4770139e-07 -1 0.8023875 0.6059429
0.012727208 -0.48403132 1.3711994 4.371139e-08 1.4770139e-07 -1 0.79427594 0.6059429
-0.06385988 -0.3797483 1.4273257 -4.371139e-08 -1.4774855e-07 1 0.653326 0.24321386
0.064781584 0.07432179 1.4273258 -4.371139e-08 -1.5274696e-07 1 0.61230433 0.1724255
-0.06476449 0.07432179 1.4273258 -4.371139e-08 -1.5776565e-07 1 0.65361446 0.1724255
-0.06022278 -0.40427327 1.4273257 -4.37114e-08 -3.1689999e-07 1 0.6521662 0.24703725
0.0638769 -0.3797483 1.4273257 -4.3711378e-08 1.7517655e-08 1 0.6125928 0.24321386
-0.06385988 -0.3797483 1.4273257 -4.3711406e-08 -3.3667666e-07 1 0.653326 0.24321386
-0.054198217 -0.42732805 1.4273257 -4.371139e-08 -1.6109153e-07 1 0.650245 0.25063145
0.060239807 -0.40427327 1.4273257 -4.371141e-08 -4.0340427e-07 1 0.61375266 0.24703725
-0.06022278 -0.40427327 1.4273257 -4.371139e-08 -1.4770139e-07 1 0.6521662 0.24703725
-0.04609053 -0.44753575 1.4273257 -4.371139e-08 -1.4683815e-07 1 0.6476596 0.25378177
0.054215237 -0.42732805 1.4273257 -4.371139e-08 -1.3004787e-07 1 0.6156738 0.25063145
-0.054198217 -0.42732805 1.4273257 -4.371139e-08 -1.4770139e-07 1 0.650245 0.25063145
-0.04609053 -0.44753575 1.4273257 -4.3711374e-08 8.423971e-08 1 0.6476596 0.25378177
0.036228273 -0.4641199 1.4273257 -4.3711378e-08 1.5396069e-09 1 0.6214095 0.25636718
0.046107538 -0.44753587 1.4273257 -4.3711378e-08 -2.5075373e-09 1 0.6182592 0.25378177
-0.024940124 -0.47644293 1.4273257 -4.3711413e-08 -4.62559e-07 1 0.6409151 0.25828835
0.036228273 -0.4641199 1.4273257 -4.3711385e-08 -1.1772817e-07 1 0.6214095 0.25636718
-0.036211286 -0.4641199 1.4273257 -4.3711413e-08 -4.7929376e-07 1 0.64450926 0.25636718
-0.012710197 -0.48403138 1.4273257 -4.371133e-08 5.8066894e-07 1 0.63701516 0.25947133
0.024957128 -0.47644293 1.4273257 -4.371141e-08 -3.9828575e-07 1 0.6250037 0.25828835
-0.024940124 -0.47644293 1.4273257 -4.3711328e-08 6.34051e-07 1 0.6409151 0.25828835
8.503876e-06 -0.48659372 1.4273257 -4.371139e-08 -1.4770139e-07 1 0.63295937 0.2598708
0.012727207 -0.48403138 1.4273257 -4.371139e-08 -1.4770139e-07 1 0.6289036 0.25947133
-0.012710197 -0.48403138 1.4273257 -4.371139e-08 -1.4770139e-07 1 0.63701516 0.25947133
0.0638769 -0.37974828 1.3711994 0.98918146 -0.14669725 -4.7416574e-08 0.27347255 0.07554369
0.060239807 -0.40427327 1.4273257 0.9891814 -0.1466974 -4.7416677e-08 0.29137033 0.0795278
0.060239807 -0.40427324 1.3711994 0.9891815 -0.14669724 -4.7416552e-08 0.27347255 0.0795278
8.506329e-06 -0.48659366 1.3711994 -0.1974954 -0.98030376 -6.1443507e-07 0.59455293 0.30712003
-0.012710197 -0.48403138 1.4273257 -0.19749312 -0.9803043 -6.1443535e-07 0.57665515 0.30528164
-0.012710195 -0.48403132 1.3711994 -0.19749591 -0.98030376 -6.1443507e-07 0.59455293 0.30528164
-0.06385988 -0.37974828 1.3711994 -0.9999981 -0.0019922357 -4.494249e-08 0.59455293 0.28422782
-0.06476449 0.07432179 1.4273258 -0.9999981 -0.0019922357 -4.494249e-08 0.5766552 0.21812095
-0.06476449 0.07432185 1.3711995 -0.9999981 -0.0019922352 -4.494249e-08 0.59455293 0.21812095
0.064781584 0.07432185 1.3711995 0.99999803 -0.0019923863 4.2480092e-08 0.27347255 0.009436789
0.0638769 -0.3797483 1.4273257 0.9999981 -0.0019923863 4.2480096e-08 0.29137033 0.07554369
0.0638769 -0.37974828 1.3711994 0.9999981 -0.0019923863 4.2480096e-08 0.27347255 0.07554369
0.012727208 -0.48403132 1.3711994 0.19749302 -0.9803043 -5.9716996e-07 0.27347255 0.09659749
8.503876e-06 -0.48659372 1.4273257 0.19749524 -0.98030376 -5.971695e-07 0.29137033 0.09843588
8.506329e-06 -0.48659366 1.3711994 0.19749257 -0.98030436 -5.9717e-07 0.27347255 0.09843588
-0.06022278 -0.40427324 1.3711994 -0.9891814 -0.14669746 -1.3389374e-07 0.59455293 0.2882119
-0.06385988 -0.3797483 1.4273257 -0.9891814 -0.14669727 -1.3389364e-07 0.5766552 0.28422782
-0.06385988 -0.37974828 1.3711994 -0.98918146 -0.1466975 -1.3389378e-07 0.59455293 0.28422782
-0.06476449 0.07432185 1.3711995 -1.1195362e-08 0.99999994 6.17974e-07 0.95464903 0.007907882
0.064781584 0.07432179 1.4273258 -1.7089836e-07 0.99999994 6.17974e-07 0.97254676 0.049217984
0.064781584 0.07432185 1.3711995 -2.575916e-07 0.99999994 6.17974e-07 0.95464903 0.049217984
0.024957132 -0.47644287 1.3711994 0.52723515 -0.84971946 -5.0205836e-07 0.27347255 0.09408485
0.012727207 -0.48403138 1.4273257 0.5272367 -0.84971845 -5.0205773e-07 0.29137033 0.09659749
0.012727208 -0.48403132 1.3711994 0.52723485 -0.8497195 -5.020584e-07 0.27347255 0.09659749
-0.054198217 -0.42732805 1.3711994 -0.9675119 -0.2528253 -1.9853078e-07 0.59455293 0.2922575
-0.06022278 -0.40427327 1.4273257 -0.9675119 -0.25282526 -1.9853078e-07 0.57665515 0.2882119
-0.06022278 -0.40427324 1.3711994 -0.9675119 -0.2528253 -1.985308e-07 0.59455293 0.2882119
0.036228273 -0.46411985 1.3711994 0.7378995 -0.6749107 -3.848227e-07 0.27347255 0.09099451
0.024957128 -0.47644293 1.4273257 0.7378986 -0.6749116 -3.848233e-07 0.29137033 0.09408485
0.024957132 -0.47644287 1.3711994 0.7378996 -0.67491055 -3.8482256e-07 0.27347255 0.09408485
-0.04609053 -0.4475357 1.3711994 -0.92808646 -0.37236482 -2.706798e-07 0.59455293 0.29612932
-0.054198217 -0.42732805 1.4273257 -0.92808646 -0.37236482 -2.706798e-07 0.57665515 0.2922575
-0.054198217 -0.42732805 1.3711994 -0.92808646 -0.37236482 -2.706798e-07 0.59455293 0.2922575
0.046107538 -0.4475358 1.3711994 0.8591151 -0.5117824 -2.787151e-07 0.27347255 0.08744519
0.036228273 -0.4641199 1.4273257 0.8591151 -0.5117824 -2.787151e-07 0.29137033 0.09099451
0.036228273 -0.46411985 1.3711994 0.85911506 -0.5117825 -2.787152e-07 0.27347255 0.09099451
-0.036211286 -0.46411985 1.3711994 -0.8591162 -0.51178056 -3.5382027e-07 0.59455293 0.29967862
-0.04609053 -0.44753575 1.4273257 -0.8591166 -0.51177984 -3.5381987e-07 0.57665515 0.29612932
-0.04609053 -0.4475357 1.3711994 -0.85911614 -0.5117808 -3.5382044e-07 0.59455293 0.29612932
0.054215237 -0.42732805 1.3711994 0.9280866 -0.37236455 -1.8954364e-07 0.27347255 0.08357337
0.046107538 -0.44753587 1.4273257 0.92808676 -0.37236407 -1.8954334e-07 0.29137033 0.08744519
0.046107538 -0.4475358 1.3711994 0.9280865 -0.37236464 -1.8954371e-07 0.27347255 0.08744519
-0.02494012 -0.47644287 1.3711994 -0.73789805 -0.6749121 -4.4933276e-07 0.59455293 0.30276898
-0.036211286 -0.4641199 1.4273257 -0.73789895 -0.67491126 -4.4933222e-07 0.57665515 0.29967862
-0.036211286 -0.46411985 1.3711994 -0.737898 -0.67491233 -4.4933293e-07 0.59455293 0.29967862
0.060239807 -0.40427324 1.3711994 0.9675119 -0.25282544 -1.13948225e-07 0.27347255 0.0795278
0.054215237 -0.42732805 1.4273257 0.9675119 -0.2528254 -1.13948225e-07 0.29137033 0.08357337
0.054215237 -0.42732805 1.3711994 0.9675119 -0.25282544 -1.1394824e-07 0.27347255 0.08357337
-0.012710195 -0.48403132 1.3711994 -0.5272367 -0.8497185 -5.4815024e-07 0.59455293 0.30528164
-0.024940124 -0.47644293 1.4273257 -0.52723527 -0.8497194 -5.4815075e-07 0.57665515 0.30276898
-0.02494012 -0.47644287 1.3711994 -0.527237 -0.84971833 -5.4815024e-07 0.59455293 0.30276898
0.0638769 -0.37974828 1.3711994 4.371139e-08 1.5790822e-07 -1 0.7779651 0.6222004
0.060239807 -0.40427324 1.3711994 4.371139e-08 1.4770139e-07 -1 0.7791249 0.61837703
0.054215237 -0.42732805 1.3711994 4.3711374e-08 -8.915472e-08 -1 0.7810461 0.6147828
0.046107538 -0.4475358 1.3711994 4.371139e-08 1.4770139e-07 -1 0.7836315 0.61163247
0.046107538 -0.4475358 1.3711994 4.371139e-08 1.2350242e-07 -1 0.7836315 0.61163247
0.024957132 -0.47644287 1.3711994 4.3711424e-08 6.2909874e-07 -1 0.790376 0.60712594
0.012727208 -0.48403132 1.3711994 4.371133e-08 -6.1902983e-07 -1 0.79427594 0.6059429
0.0638769 -0.3797483 1.4273257 -4.371139e-08 -1.4267773e-07 1 0.6125928 0.24321386
0.060239807 -0.40427327 1.4273257 -4.3711374e-08 4.6423153e-08 1 0.61375266 0.24703725
0.054215237 -0.42732805 1.4273257 -4.371141e-08 -4.28968e-07 1 0.6156738 0.25063145
0.046107538 -0.44753587 1.4273257 -4.371139e-08 -1.2784186e-07 1 0.6182592 0.25378177
-0.036211286 -0.4641199 1.4273257 -4.3711367e-08 9.869333e-08 1 0.64450926 0.25636718
0.024957128 -0.47644293 1.4273257 -4.371138e-08 -2.7352057e-08 1 0.6250037 0.25828835
0.012727207 -0.48403138 1.4273257 -4.3711445e-08 -9.144326e-07 1 0.6289036 0.25947133
0.0638769 -0.3797483 1.4273257 0.98918146 -0.14669746 -4.7416698e-08 0.29137033 0.07554369
8.503876e-06 -0.48659372 1.4273257 -0.19749269 -0.98030436 -6.1443535e-07 0.57665515 0.30712003
-0.06385988 -0.3797483 1.4273257 -0.9999981 -0.0019922352 -4.494249e-08 0.5766552 0.28422782
0.064781584 0.07432179 1.4273258 0.99999803 -0.0019923863 4.2480092e-08 0.29137033 0.009436789
0.012727207 -0.48403138 1.4273257 0.19749574 -0.98030376 -5.971695e-07 0.29137033 0.09659749
-0.06022278 -0.40427327 1.4273257 -0.9891815 -0.14669727 -1.3389362e-07 0.57665515 0.2882119
-0.06476449 0.07432179 1.4273258 7.549788e-08 0.99999994 6.17974e-07 0.97254676 0.007907882
0.024957128 -0.47644293 1.4273257 0.52723694 -0.8497183 -5.0205756e-07 0.29137033 0.09408485
-0.054198217 -0.42732805 1.4273257 -0.9675119 -0.2528253 -1.9853078e-07 0.57665515 0.2922575
0.036228273 -0.4641199 1.4273257 0.73789835 -0.6749118 -3.848234e-07 0.29137033 0.09099451
-0.04609053 -0.44753575 1.4273257 -0.92808646 -0.37236482 -2.706798e-07 0.57665515 0.29612932
0.046107538 -0.44753587 1.4273257 0.8591151 -0.5117824 -2.787151e-07 0.29137033 0.08744519
-0.036211286 -0.4641199 1.4273257 -0.85911673 -0.5117798 -3.5381984e-07 0.57665515 0.29967862
0.054215237 -0.42732805 1.4273257 0.9280868 -0.37236395 -1.8954327e-07 0.29137033 0.08357337
-0.024940124 -0.47644293 1.4273257 -0.737899 -0.6749111 -4.4933213e-07 0.57665515 0.30276898
0.060239807 -0.40427327 1.4273257 0.9675119 -0.25282544 -1.13948225e-07 0.29137033 0.0795278
-0.012710197 -0.48403138 1.4273257 -0.5272349 -0.8497196 -5.481509e-07 0.57665515 0.30528164
0.07016333 0.19725795 -1.8781021 0.9973545 0.07269086 8.851685e-08 0.5431251 0.28186327
0.06881533 0.21575317 -1.831937 0.9973545 0.07269086 8.851685e-08 0.5474457 0.32680723
0.07016333 0.19725792 -1.831937 0.9973545 0.07269086 8.8516856e-08 0.5431251 0.32680723
0.06881533 0.2157532 -1.8781021 0.975719 0.21902597 1.7800244e-07 0.5474457 0.28186327
0.06482313 0.23353767 -1.831937 0.97571903 0.21902591 1.7800241e-07 0.5515157 0.32680723
0.06881533 0.21575317 -1.831937 0.97571903 0.21902588 1.780024e-07 0.5474457 0.32680723
0.06482313 0.2335377 -1.8781021 0.9299005 0.36781117 2.6794504e-07 0.5515157 0.28186327
0.05834015 0.24992795 -1.831937 0.9299005 0.36781117 2.6794504e-07 0.5551785 0.32680723
0.06482313 0.23353767 -1.831937 0.9299005 0.36781114 2.6794504e-07 0.5515157 0.32680723
0.05834015 0.24992798 -1.8781021 0.85472715 0.51907754 3.581378e-07 0.91335756 0.82129204
0.04961552 0.26429415 -1.831937 0.85472697 0.51907784 3.5813795e-07 0.91647255 0.86623603
0.05834015 0.24992795 -1.831937 0.85472697 0.5190779 3.58138e-07 0.91335756 0.86623603
0.04961552 0.26429418 -1.8781021 0.7426689 0.6696588 4.462949e-07 0.91647255 0.82129204
0.038984533 0.27608418 -1.831937 0.7426689 0.6696588 4.462949e-07 0.92013544 0.86623603
0.04961552 0.26429415 -1.831937 0.7426689 0.6696588 4.4629493e-07 0.91647255 0.86623603
0.038984533 0.27608424 -1.8781021 0.58553845 0.8106447 5.265522e-07 0.92013544 0.82129204
0.02685572 0.284845 -1.831937 0.5855388 0.81064445 5.26552e-07 0.9242054 0.86623603
0.038984533 0.27608418 -1.831937 0.5855388 0.8106444 5.2655196e-07 0.92013544 0.86623603
0.026855724 0.28484502 -1.8781021 0.37929636 0.92527527 5.8837566e-07 0.9242054 0.82129204
0.013695198 0.29023984 -1.831937 0.37929636 0.92527527 5.8837566e-07 0.928526 0.86623603
0.02685572 0.284845 -1.831937 0.37929636 0.92527527 5.883757e-07 0.9242054 0.86623603
0.0136952 0.29023987 -1.8781021 0.13193327 0.9912586 6.18339e-07 0.928526 0.82129204
8.701202e-06 0.29206148 -1.831937 0.13193327 0.9912586 6.18339e-07 0.93293124 0.86623603
0.013695198 0.29023984 -1.831937 0.13193327 0.9912586 6.18339e-07 0.928526 0.86623603
8.70322e-06 0.2920615 -1.8781021 -0.1319332 0.9912586 6.068051e-07 0.93293124 0.82129204
-0.013677786 0.29023984 -1.831937 -0.1319332 0.9912586 6.068051e-07 0.9372519 0.86623603
8.701202e-06 0.29206148 -1.831937 -0.13193318 0.9912586 6.068051e-07 0.93293124 0.86623603
-0.013677784 0.29023987 -1.8781021 -0.37929556 0.92527556 5.552168e-07 0.9372519 0.82129204
-0.02683831 0.284845 -1.831937 -0.37929615 0.9252753 5.552166e-07 0.94132185 0.86623603
-0.013677786 0.29023984 -1.831937 -0.3792962 0.92527527 5.552166e-07 0.9372519 0.86623603
-0.026838306 0.28484502 -1.8781021 -0.5855383 0.8106448 4.7536267e-07 0.94132185 0.82129204
-0.038967118 0.27608418 -1.831937 -0.58553874 0.81064445 4.7536253e-07 0.94498473 0.86623603
-0.02683831 0.284845 -1.831937 -0.58553874 0.8106445 4.7536253e-07 0.94132185 0.86623603
-0.038967118 0.27608424 -1.8781021 -0.7426686 0.6696591 3.8136884e-07 0.20855644 0.90397817
-0.049598116 0.26429415 -1.831937 -0.742669 0.6696588 3.8136864e-07 0.21221934 0.94892216
-0.038967118 0.27608418 -1.831937 -0.7426689 0.6696588 3.813686e-07 0.20855644 0.94892216
-0.049598116 0.2642942 -1.8781021 -0.85472697 0.51907784 2.8341535e-07 0.21221934 0.90397817
-0.05832275 0.24992795 -1.831937 -0.85472697 0.51907784 2.8341535e-07 0.21628924 0.94892216
-0.049598116 0.26429415 -1.831937 -0.85472697 0.5190779 2.8341535e-07 0.21221934 0.94892216
-0.05832275 0.24992798 -1.8781021 -0.92990047 0.36781126 1.8665057e-07 0.21628924 0.90397817
-0.06480574 0.23353767 -1.8319371 -0.9299005 0.36781117 1.8665048e-07 0.22060989 0.94892216
-0.05832275 0.24992795 -1.831937 -0.9299005 0.36781114 1.8665047e-07 0.21628924 0.94892216
-0.06480574 0.2335377 -1.8781021 -0.975719 0.21902624 9.270247e-08 0.22060989 0.90397817
-0.068797946 0.21575318 -1.8319371 -0.975719 0.21902628 9.270251e-08 0.22501516 0.94892216
-0.06480574 0.23353767 -1.8319371 -0.975719 0.21902628 9.270251e-08 0.22060989 0.94892216
-0.068797946 0.21575321 -1.8781021 -0.9973545 0.07269075 1.3252193e-09 0.22501516 0.90397817
-0.07014594 0.19725792 -1.8319371 -0.9973545 0.07269075 1.3252193e-09 0.2293358 0.94892216
-0.068797946 0.21575318 -1.8319371 -0.9973545 0.07269076 1.3252233e-09 0.22501516 0.94892216
-0.07014594 0.19725795 -1.8781022 -0.9973545 -0.072690696 -8.851674e-08 0.2293358 0.90397817
-0.068797946 0.17876267 -1.8319371 -0.9973545 -0.072690696 -8.851674e-08 0.23340577 0.94892216
-0.07014594 0.19725792 -1.8319371 -0.9973545 -0.0726907 -8.851674e-08 0.2293358 0.94892216
-0.068797946 0.1787627 -1.8781022 -0.975719 -0.21902615 -1.7800254e-07 0.23340577 0.90397817
-0.06480574 0.16097817 -1.8319371 -0.975719 -0.2190261 -1.7800251e-07 0.23706861 0.94892216
-0.068797946 0.17876267 -1.8319371 -0.975719 -0.2190261 -1.7800251e-07 0.23340577 0.94892216
-0.06480574 0.1609782 -1.8781022 -0.92990047 -0.36781123 -2.6794507e-07 0.23706861 0.90397817
-0.05832275 0.14458789 -1.8319371 -0.9299005 -0.36781117 -2.6794504e-07 0.2401836 0.94892216
-0.06480574 0.16097817 -1.8319371 -0.9299005 -0.36781114 -2.6794504e-07 0.23706861 0.94892216
-0.05832275 0.14458792 -1.8781022 -0.85472727 -0.5190774 -3.5813775e-07 0.9023677 0.1263345
-0.049598128 0.1302217 -1.8319371 -0.854727 -0.5190777 -3.5813792e-07 0.9054827 0.17127849
-0.05832275 0.14458789 -1.8319371 -0.854727 -0.5190777 -3.5813792e-07 0.9023677 0.17127849
-0.049598128 0.13022172 -1.8781022 -0.7426691 -0.6696585 -4.462947e-07 0.9054827 0.1263345
-0.03896715 0.11843166 -1.8319371 -0.7426689 -0.6696588 -4.4629493e-07 0.90914553 0.17127849
-0.049598128 0.1302217 -1.8319371 -0.7426688 -0.66965884 -4.4629493e-07 0.9054827 0.17127849
-0.03896715 0.11843169 -1.8781022 -0.5855393 -0.81064415 -5.2655184e-07 0.90914553 0.1263345
-0.026838338 0.109670855 -1.8319371 -0.5855388 -0.81064445 -5.26552e-07 0.9132155 0.17127849
-0.03896715 0.11843166 -1.8319371 -0.5855388 -0.81064445 -5.26552e-07 0.90914553 0.17127849
-0.026838334 0.109670885 -1.8781022 -0.37929615 -0.92527527 -5.883757e-07 0.9132155 0.1263345
-0.013677805 0.104275994 -1.8319371 -0.37929615 -0.92527527 -5.883757e-07 0.91753614 0.17127849
-0.026838338 0.109670855 -1.8319371 -0.37929615 -0.9252753 -5.8837577e-07 0.9132155 0.17127849
-0.013677803 0.104276024 -1.8781022 -0.13193327 -0.9912586 -6.18339e-07 0.91753614 0.1263345
8.69079e-06 0.102454364 -1.8319371 -0.13193327 -0.9912586 -6.18339e-07 0.9219414 0.17127849
-0.013677805 0.104275994 -1.8319371 -0.13193327 -0.9912586 -6.18339e-07 0.91753614 0.17127849
8.6928085e-06 0.102454394 -1.8781022 0.13193311 -0.9912586 -6.068051e-07 0.9219414 0.1263345
0.013695187 0.104275994 -1.8319371 0.13193311 -0.9912586 -6.068051e-07 0.926262 0.17127849
8.69079e-06 0.102454364 -1.8319371 0.13193311 -0.9912586 -6.068051e-07 0.9219414 0.17127849
0.013695189 0.104276024 -1.8781022 0.37929663 -0.9252751 -5.5521645e-07 0.926262 0.1263345
0.026855718 0.10967086 -1.8319371 0.37929606 -0.9252753 -5.552167e-07 0.930332 0.17127849
0.013695187 0.104275994 -1.8319371 0.37929597 -0.9252753 -5.552167e-07 0.926262 0.17127849
0.026855722 0.10967089 -1.8781022 0.5855385 -0.8106446 -4.7536264e-07 0.930332 0.1263345
0.038984507 0.118431635 -1.8319371 0.5855385 -0.8106446 -4.7536264e-07 0.9339948 0.17127849
0.026855718 0.10967086 -1.8319371 0.5855385 -0.8106446 -4.7536264e-07 0.930332 0.17127849
0.038984507 0.118431665 -1.8781022 0.7426685 -0.6696593 -3.8136898e-07 0.9339948 0.1263345
0.04961551 0.13022166 -1.8319371 0.7426685 -0.6696593 -3.8136898e-07 0.9371098 0.17127849
0.038984507 0.118431635 -1.8319371 0.7426685 -0.6696593 -3.8136898e-07 0.9339948 0.17127849
0.04961551 0.1302217 -1.8781022 0.85472697 -0.51907784 -2.8341535e-07 0.52666634 0.28186327
0.058340143 0.14458787 -1.8319371 0.85472697 -0.51907784 -2.8341535e-07 0.5303292 0.32680723
0.04961551 0.13022166 -1.8319371 0.85472697 -0.5190779 -2.8341535e-07 0.52666634 0.32680723
0.058340143 0.1445879 -1.8781022 0.92990047 -0.36781126 -1.8665057e-07 0.5303292 0.28186327
0.06482313 0.16097817 -1.8319371 0.9299004 -0.36781135 -1.866506e-07 0.53439915 0.32680723
0.058340143 0.14458787 -1.8319371 0.9299004 -0.36781135 -1.866506e-07 0.5303292 0.32680723
-0.06480574 0.1609782 -1.8781022 4.3711392e-08 1.3835886e-07 -1 0.9250646 0.6493165
-0.026838306 0.28484502 -1.8781021 4.3711392e-08 9.884141e-08 -1 0.9281798 0.6809436
0.06482313 0.2335377 -1.8781021 4.3711395e-08 1.7364749e-07 -1 0.8965526 0.6840587
0.06482313 0.1609782 -1.8781021 0.97571903 -0.21902601 -9.270233e-08 0.53439915 0.28186327
0.068815336 0.17876267 -1.8319371 0.97571903 -0.21902603 -9.2702344e-08 0.53871983 0.32680723
0.06482313 0.16097817 -1.8319371 0.97571903 -0.21902603 -9.270235e-08 0.53439915 0.32680723
0.068815336 0.1787627 -1.8781021 0.9973545 -0.07269083 -1.3252672e-09 0.53871983 0.28186327
0.07016333 0.19725792 -1.831937 0.9973545 -0.07269083 -1.3252672e-09 0.5431251 0.32680723
0.068815336 0.17876267 -1.8319371 0.9973545 -0.07269082 -1.3252635e-09 0.53871983 0.32680723
-0.068797946 0.21575318 -1.8319371 -4.3711392e-08 -1.5704391e-07 1 0.88986063 0.03299395
-0.013677805 0.104275994 -1.8319371 -4.3711392e-08 -1.2383607e-07 1 0.86529434 0.0531553
0.068815336 0.17876267 -1.8319371 -4.3711392e-08 -1.477014e-07 1 0.84513307 0.02858907
0.06881533 0.2157532 -1.8781021 0.9973545 0.07269086 8.8516856e-08 0.5474457 0.28186327
0.06482313 0.2335377 -1.8781021 0.97571903 0.21902597 1.7800244e-07 0.5515157 0.28186327
0.05834015 0.24992798 -1.8781021 0.9299005 0.36781114 2.6794504e-07 0.5551785 0.28186327
0.04961552 0.26429418 -1.8781021 0.8547272 0.5190775 3.5813778e-07 0.91647255 0.82129204
0.038984533 0.27608424 -1.8781021 0.7426689 0.6696588 4.4629493e-07 0.92013544 0.82129204
0.026855724 0.28484502 -1.8781021 0.5855383 0.81064475 5.265522e-07 0.9242054 0.82129204
0.0136952 0.29023987 -1.8781021 0.37929636 0.92527527 5.883757e-07 0.928526 0.82129204
8.70322e-06 0.2920615 -1.8781021 0.13193327 0.9912586 6.18339e-07 0.93293124 0.82129204
-0.013677784 0.29023987 -1.8781021 -0.13193318 0.9912586 6.068051e-07 0.9372519 0.82129204
-0.026838306 0.28484502 -1.8781021 -0.3792955 0.9252755 5.5521673e-07 0.94132185 0.82129204
-0.038967118 0.27608424 -1.8781021 -0.58553827 0.8106448 4.7536273e-07 0.94498473 0.82129204
-0.049598116 0.2642942 -1.8781021 -0.7426686 0.66965914 3.813689e-07 0.21221934 0.90397817
-0.05832275 0.24992798 -1.8781021 -0.85472697 0.5190779 2.8341535e-07 0.21628924 0.90397817
-0.06480574 0.2335377 -1.8781021 -0.92990047 0.36781126 1.8665057e-07 0.22060989 0.90397817
-0.068797946 0.21575321 -1.8781021 -0.975719 0.21902624 9.270247e-08 0.22501516 0.90397817
-0.07014594 0.19725795 -1.8781022 -0.9973545 0.07269076 1.3252233e-09 0.2293358 0.90397817
-0.068797946 0.1787627 -1.8781022 -0.9973545 -0.0726907 -8.851674e-08 0.23340577 0.90397817
-0.06480574 0.1609782 -1.8781022 -0.975719 -0.21902615 -1.7800254e-07 0.23706861 0.90397817
-0.05832275 0.14458792 -1.8781022 -0.92990047 -0.36781123 -2.679451e-07 0.2401836 0.90397817
-0.049598128 0.13022172 -1.8781022 -0.8547272 -0.5190774 -3.5813773e-07 0.9054827 0.1263345
-0.03896715 0.11843169 -1.8781022 -0.7426691 -0.6696584 -4.4629465e-07 0.90914553 0.1263345
-0.026838334 0.109670885 -1.8781022 -0.5855393 -0.8106441 -5.265518e-07 0.9132155 0.1263345
-0.013677803 0.104276024 -1.8781022 -0.37929615 -0.9252753 -5.8837577e-07 0.91753614 0.1263345
8.6928085e-06 0.102454394 -1.8781022 -0.13193327 -0.9912586 -6.18339e-07 0.9219414 0.1263345
0.013695189 0.104276024 -1.8781022 0.13193311 -0.9912586 -6.068051e-07 0.926262 0.1263345
0.026855722 0.10967089 -1.8781022 0.37929666 -0.9252751 -5.5521645e-07 0.930332 0.1263345
0.038984507 0.118431665 -1.8781022 0.5855385 -0.8106446 -4.7536264e-07 0.9339948 0.1263345
0.04961551 0.1302217 -1.8781022 0.7426685 -0.6696593 -3.8136898e-07 0.9371098 0.1263345
0.058340143 0.1445879 -1.8781022 0.85472697 -0.5190779 -2.8341535e-07 0.5303292 0.28186327
0.06482313 0.1609782 -1.8781021 0.92990047 -0.36781123 -1.8665054e-07 0.53439915 0.28186327
0.06881533 0.2157532 -1.8781021 4.3711392e-08 1.477014e-07 -1 0.89343756 0.6809437
0.07016333 0.19725795 -1.8781021 4.3711392e-08 1.477014e-07 -1 0.89099014 0.6772809
0.068815336 0.1787627 -1.8781021 4.3711392e-08 1.477014e-07 -1 0.8893043 0.673211
0.06482313 0.1609782 -1.8781021 4.3711395e-08 1.8715744e-07 -1 0.88844484 0.66889036
0.058340143 0.1445879 -1.8781022 4.3711392e-08 1.477014e-07 -1 0.88844484 0.66448504
0.04961551 0.1302217 -1.8781022 4.3711374e-08 -8.479283e-08 -1 0.8893043 0.6601644
0.038984507 0.118431665 -1.8781022 4.3711392e-08 1.477014e-07 -1 0.8909901 0.65609443
0.026855722 0.10967089 -1.8781022 4.3711392e-08 1.1544564e-07 -1 0.8934375 0.6524316
0.013695189 0.104276024 -1.8781022 4.371132e-08 -8.2015055e-07 -1 0.8965525 0.64931655
8.6928085e-06 0.102454394 -1.8781022 4.371141e-08 3.8019564e-07 -1 0.9002153 0.6468691
-0.013677803 0.104276024 -1.8781022 4.3711466e-08 1.1155556e-06 -1 0.9042853 0.64518327
-0.026838334 0.109670885 -1.8781022 4.3711392e-08 1.4050123e-07 -1 0.90860593 0.6443238
-0.03896715 0.11843169 -1.8781022 4.3711392e-08 1.477014e-07 -1 0.9130112 0.6443238
-0.049598128 0.13022172 -1.8781022 4.3711392e-08 1.477014e-07 -1 0.9173318 0.6451832
-0.05832275 0.14458792 -1.8781022 4.3711392e-08 1.477014e-07 -1 0.9214018 0.64686906
-0.068797946 0.1787627 -1.8781022 4.3711392e-08 1.477014e-07 -1 0.9281797 0.6524314
-0.07014594 0.19725795 -1.8781022 4.3711392e-08 1.477014e-07 -1 0.9306271 0.6560943
-0.068797946 0.21575321 -1.8781021 4.3711392e-08 1.477014e-07 -1 0.93231297 0.66016424
-0.06480574 0.2335377 -1.8781021 4.3711392e-08 1.477014e-07 -1 0.9331724 0.6644849
-0.05832275 0.24992798 -1.8781021 4.3711392e-08 1.477014e-07 -1 0.9331724 0.6688901
-0.049598116 0.2642942 -1.8781021 4.3711392e-08 1.477014e-07 -1 0.93231297 0.67321074
-0.038967118 0.27608424 -1.8781021 4.3711392e-08 1.477014e-07 -1 0.9306272 0.6772808
-0.013677784 0.29023987 -1.8781021 4.371132e-08 -8.2015487e-07 -1 0.92506474 0.6840586
8.70322e-06 0.2920615 -1.8781021 4.3711374e-08 -8.4793186e-08 -1 0.9214019 0.6865061
0.0136952 0.29023987 -1.8781021 4.3711466e-08 1.1155546e-06 -1 0.917332 0.68819195
0.026855724 0.28484502 -1.8781021 4.3711395e-08 1.7995697e-07 -1 0.9130114 0.6890514
0.038984533 0.27608424 -1.8781021 4.3711392e-08 1.477014e-07 -1 0.90860605 0.6890514
0.04961552 0.26429418 -1.8781021 4.371141e-08 3.801958e-07 -1 0.90428543 0.688192
0.05834015 0.24992798 -1.8781021 4.3711392e-08 1.477014e-07 -1 0.9002155 0.68650615
0.068815336 0.1787627 -1.8781021 0.97571903 -0.21902598 -9.2702315e-08 0.53871983 0.28186327
0.07016333 0.19725795 -1.8781021 0.9973545 -0.07269082 -1.3252635e-09 0.5431251 0.28186327
0.07016333 0.19725792 -1.831937 -4.3711392e-08 -1.477014e-07 1 0.8459924 0.024268396
0.06881533 0.21575317 -1.831937 -4.3711392e-08 -1.477014e-07 1 0.8476782 0.020198457
0.06482313 0.23353767 -1.831937 -4.3711392e-08 -1.477014e-07 1 0.8501256 0.016535584
0.05834015 0.24992795 -1.831937 -4.3711392e-08 -1.477014e-07 1 0.85324055 0.013420539
0.04961552 0.26429415 -1.831937 -4.3711392e-08 -1.477014e-07 1 0.85690343 0.010973085
0.038984533 0.27608418 -1.831937 -4.3711392e-08 -1.477014e-07 1 0.86097336 0.009287203
0.02685572 0.284845 -1.831937 -4.3711392e-08 -1.477014e-07 1 0.865294 0.008427739
0.013695198 0.29023984 -1.831937 -4.3711392e-08 -1.477014e-07 1 0.8696993 0.008427723
8.701202e-06 0.29206148 -1.831937 -4.3711392e-08 -1.477014e-07 1 0.87401986 0.0092870835
-0.013677786 0.29023984 -1.831937 -4.3711392e-08 -1.477014e-07 1 0.87808985 0.01097288
-0.02683831 0.284845 -1.831937 -4.3711392e-08 -1.477014e-07 1 0.8817527 0.01342029
-0.038967118 0.27608418 -1.831937 -4.3711392e-08 -1.477014e-07 1 0.8848678 0.016535275
-0.049598116 0.26429415 -1.831937 -4.3711392e-08 -1.477014e-07 1 0.8873153 0.020198116
-0.05832275 0.24992795 -1.831937 -4.3711392e-08 -1.477014e-07 1 0.88900113 0.024268039
-0.06480574 0.23353767 -1.8319371 -4.3711392e-08 -1.477014e-07 1 0.8898606 0.028588675
-0.07014594 0.19725792 -1.8319371 -4.3711392e-08 -1.477014e-07 1 0.8890012 0.03731459
-0.068797946 0.17876267 -1.8319371 -4.3711392e-08 -1.477014e-07 1 0.8873154 0.04138453
-0.06480574 0.16097817 -1.8319371 -4.3711392e-08 -1.477014e-07 1 0.884868 0.045047402
-0.05832275 0.14458789 -1.8319371 -4.3711395e-08 -1.8715737e-07 1 0.881753 0.04816245
-0.049598128 0.1302217 -1.8319371 -4.3711392e-08 -1.477014e-07 1 0.8780902 0.050609935
-0.03896715 0.11843166 -1.8319371 -4.3711374e-08 8.479329e-08 1 0.8740203 0.052295785
-0.026838338 0.109670855 -1.8319371 -4.3711392e-08 -1.477014e-07 1 0.86969966 0.053155247
8.69079e-06 0.102454364 -1.8319371 -4.3711392e-08 -1.477014e-07 1 0.8609737 0.05229589
0.013695187 0.104275994 -1.8319371 -4.3711374e-08 8.479323e-08 1 0.85690373 0.050610106
0.026855718 0.10967086 -1.8319371 -4.3711392e-08 -1.477014e-07 1 0.85324085 0.0481627
0.038984507 0.118431635 -1.8319371 -4.3711392e-08 -1.3109748e-07 1 0.85012585 0.04504776
0.04961551 0.13022166 -1.8319371 -4.3711392e-08 -1.477014e-07 1 0.8476784 0.041384906
0.058340143 0.14458787 -1.8319371 -4.3711392e-08 -1.477014e-07 1 0.8459925 0.037314937
0.06482313 0.16097817 -1.8319371 -4.3711392e-08 -1.477014e-07 1 0.84513307 0.03299431
0.07016372 0.20643112 -2.6452425 0.9973537 0.07269102 0.0012418522 0.28753835 0.124980845
0.068815686 0.21182106 -1.8781009 0.9973537 0.07269104 0.0012418389 0.29185832 0.30677372
0.07016369 0.1933258 -1.8781009 0.9973537 0.07269104 0.0012418388 0.28753835 0.30684862
0.068815716 0.22492638 -2.6452425 0.9757122 0.21902438 0.0037417072 0.29185832 0.124905966
0.06482348 0.22960556 -1.8781009 0.97571224 0.21902445 0.0037417084 0.2959276 0.30670175
0.068815686 0.21182106 -1.8781009 0.9757122 0.21902442 0.0037417081 0.29185832 0.30677372
0.06482351 0.24271089 -2.6452425 0.92988205 0.36780402 0.006283349 0.2959276 0.124833964
0.058340497 0.24599585 -1.8781009 0.92988205 0.36780387 0.006283362 0.2995899 0.30663535
0.06482348 0.22960556 -1.8781009 0.92988205 0.36780387 0.006283361 0.2959276 0.30670175
0.05834053 0.25910115 -2.6452425 0.85469335 0.51905745 0.008867254 0.2995899 0.124767594
0.049615867 0.26036206 -1.8781009 0.85469353 0.5190572 0.008867241 0.30270436 0.3065772
0.058340497 0.24599585 -1.8781009 0.85469353 0.5190571 0.008867241 0.2995899 0.30663535
0.0496159 0.27346736 -2.6452425 0.7426205 0.66961485 0.011439271 0.30270436 0.124709435
0.038984876 0.2721521 -1.8781009 0.7426202 0.6696151 0.0114392685 0.3051513 0.30652946
0.049615867 0.26036206 -1.8781009 0.7426202 0.6696151 0.0114392685 0.30270436 0.3065772
0.038984913 0.2852574 -2.6452425 0.5854827 0.8105666 0.013847182 0.32184002 0.21175317
0.02685607 0.28091288 -1.8781009 0.5854818 0.81056726 0.013847197 0.32434818 0.39359224
0.038984876 0.2721521 -1.8781009 0.5854818 0.81056726 0.013847199 0.32184002 0.3936206
0.026856106 0.29401818 -2.6452425 0.3792502 0.9251592 0.015804801 0.32434818 0.21172482
0.013695546 0.28630775 -1.8781009 0.37924883 0.92515975 0.015804805 0.32751462 0.39357644
0.02685607 0.28091288 -1.8781009 0.37924883 0.92515975 0.015804805 0.32434818 0.39359224
0.013695581 0.29941306 -2.6452425 0.14626575 0.98924536 0.00026102707 0.32751462 0.21170901
9.05119e-06 0.30123425 -1.8781009 0.73114216 0.6821295 0.011424903 0.32979932 0.39352608
0.013695546 0.28630775 -1.8781009 0.73700976 0.6757835 0.011544653 0.32751462 0.39357644
9.05119e-06 0.30123425 -1.8781009 -0.7311422 0.6821294 0.011424839 0.32979932 0.39352608
-0.013677402 0.29941306 -2.6452425 -0.14626564 0.98924536 0.0002610142 0.33531508 0.21171685
-0.013677437 0.28630775 -1.8781009 -0.7370098 0.6757835 0.011544588 0.33531508 0.3935843
-0.013677437 0.28630775 -1.8781009 -0.3792487 0.9251599 0.015804766 0.33531508 0.3935843
-0.026837926 0.2940182 -2.6452425 -0.37924936 0.9251595 0.015804775 0.3396493 0.21174024
-0.026837962 0.28091288 -1.8781009 -0.3792487 0.9251599 0.015804766 0.3396493 0.3936077
-0.026837962 0.28091288 -1.8781009 -0.5854821 0.8105671 0.01384714 0.3396493 0.3936077
-0.038966738 0.2852574 -2.6452425 -0.5854821 0.8105671 0.01384714 0.34405383 0.21177559
-0.038966775 0.2721521 -1.8781009 -0.5854821 0.8105671 0.013847138 0.34405383 0.39364302
-0.038966775 0.2721521 -1.8781009 -0.7426203 0.6696151 0.011439205 0.34405383 0.39364302
-0.049597736 0.27346736 -2.6452425 -0.7426203 0.6696151 0.011439203 0.3483594 0.21182148
-0.04959777 0.26036206 -1.8781009 -0.7426203 0.6696151 0.011439203 0.3483594 0.39368895
-0.04959777 0.26036206 -1.8781009 -0.85469335 0.5190575 0.008867174 0.3483594 0.39368895
-0.05832237 0.25910115 -2.6452425 -0.85469335 0.5190575 0.008867189 0.3524005 0.21187621
-0.058322404 0.24599585 -1.8781009 -0.85469335 0.5190575 0.008867173 0.3524005 0.39374363
-0.058322404 0.24599585 -1.8781009 -0.9298821 0.36780408 0.0062832716 0.32192376 0.190481
-0.06480535 0.24271089 -2.6452425 -0.9298821 0.36780408 0.0062832716 0.32558608 0.008679598
-0.06480538 0.22960557 -1.8781009 -0.9298821 0.36780405 0.0062832707 0.32558608 0.19054736
-0.06480538 0.22960557 -1.8781009 -0.9757122 0.21902472 0.0037416217 0.32558608 0.19054736
-0.06879756 0.2249264 -2.6452425 -0.9757121 0.2190247 0.0037416352 0.32965535 0.008751596
-0.06879759 0.21182108 -1.8781009 -0.9757122 0.21902472 0.0037416213 0.32965535 0.19061936
-0.06879759 0.21182108 -1.8781009 -0.9973538 0.07269072 0.001241751 0.32965535 0.19061936
-0.070145555 0.20643112 -2.6452425 -0.9973538 0.072690696 0.0012417509 0.33397534 0.008826474
-0.070145585 0.19332582 -1.8781009 -0.99735385 0.07269072 0.0012417514 0.33397534 0.19069424
-0.070145585 0.19332582 -1.8781009 -0.9973538 -0.07269064 -0.0012418261 0.33397534 0.19069424
-0.06879756 0.18793589 -2.6452425 -0.9973538 -0.072690636 -0.0012418396 0.33838 0.008901355
-0.06879759 0.17483057 -1.8781009 -0.9973538 -0.07269065 -0.001241826 0.33838 0.19076912
-0.06879759 0.17483057 -1.8781009 -0.97571224 -0.21902458 -0.0037417072 0.33838 0.19076912
-0.06480535 0.17015138 -2.6452425 -0.9757122 -0.21902463 -0.0037417081 0.34270003 0.008973361
-0.06480538 0.15704608 -1.8781009 -0.9757122 -0.21902458 -0.003741707 0.34270003 0.19084114
-0.06480538 0.15704608 -1.8781009 -0.9298821 -0.36780378 -0.006283349 0.34270003 0.19084114
-0.05832237 0.15376109 -2.6452425 -0.9298821 -0.36780387 -0.006283344 0.34676945 0.009039724
-0.058322404 0.14065579 -1.8781009 -0.9298822 -0.3678038 -0.0062833494 0.34676945 0.1909075
-0.058322404 0.14065579 -1.8781009 -0.8546934 -0.5190574 -0.008867254 0.34676945 0.1909075
-0.049597748 0.1393949 -2.6452425 -0.85469365 -0.51905704 -0.00886725 0.35043183 0.009097882
-0.049597785 0.12628958 -1.8781009 -0.8546934 -0.51905745 -0.0088672545 0.35043183 0.19096565
-0.049597785 0.12628958 -1.8781009 -0.74262017 -0.66961515 -0.011439279 0.3660539 0.19085327
-0.038966767 0.12760487 -2.6452425 -0.74262047 -0.66961485 -0.011439273 0.36916897 0.009033223
-0.038966805 0.11449955 -1.8781009 -0.74262017 -0.6696152 -0.011439278 0.36916897 0.19090101
-0.038966805 0.11449955 -1.8781009 -0.5854821 -0.8105671 -0.0138471825 0.36916897 0.19090101
-0.026837952 0.11884406 -2.6452425 -0.5854831 -0.81056637 -0.013847171 0.37283188 0.009068663
-0.026837988 0.10573875 -1.8781009 -0.58548206 -0.8105671 -0.0138471825 0.37283188 0.19093646
-0.026837988 0.10573875 -1.8781009 -0.37924862 -0.9251599 -0.0158048 0.37283188 0.19093646
-0.013677421 0.11344919 -2.6452425 -0.37924868 -0.9251599 -0.0158048 0.3769019 0.0090905335
-0.0136774555 0.10034388 -1.8781009 -0.3792486 -0.9251599 -0.0158048 0.3769019 0.19095832
-0.0136774555 0.10034388 -1.8781009 -0.13191375 -0.9911166 -0.016931543 0.3769019 0.19095832
9.07431e-06 0.11162757 -2.6452425 -0.13191529 -0.99111634 -0.016931543 0.38122252 0.009097894
9.039789e-06 0.09852226 -1.8781009 -0.13191374 -0.9911166 -0.016931543 0.38122252 0.19096565
9.07431e-06 0.11162757 -2.6452425 0.13191514 -0.9911164 -0.016931532 0.38122252 0.009097894
0.013695537 0.10034388 -1.8781009 0.1319136 -0.9911166 -0.016931532 0.3856278 0.19095832
9.039789e-06 0.09852226 -1.8781009 0.13191357 -0.9911166 -0.016931532 0.38122252 0.19096565
0.013695572 0.11344919 -2.6452425 0.37924913 -0.92515963 -0.015804758 0.3856278 0.0090905335
0.026856069 0.10573877 -1.8781009 0.3792485 -0.9251599 -0.015804762 0.3899484 0.19093646
0.013695537 0.10034388 -1.8781009 0.37924847 -0.92515993 -0.015804764 0.3856278 0.19095832
0.026856104 0.11884407 -2.6452425 0.5854825 -0.8105668 -0.013847132 0.3899484 0.009068693
0.038984854 0.114499524 -1.8781009 0.585482 -0.81056714 -0.013847128 0.3940183 0.19090101
0.026856069 0.10573877 -1.8781009 0.585482 -0.81056726 -0.013847128 0.3899484 0.19093646
0.03898489 0.12760484 -2.6452425 0.7426198 -0.6696156 -0.011439208 0.3940183 0.009033192
0.049615853 0.12628955 -1.8781009 0.7426198 -0.6696156 -0.011439226 0.39768106 0.19085327
0.038984854 0.114499524 -1.8781009 0.7426198 -0.6696155 -0.011439223 0.3940183 0.19090101
0.04961589 0.13939488 -2.6452425 0.85469335 -0.5190575 -0.008867182 0.27108186 0.12525225
0.05834049 0.14065577 -1.8781009 0.85469335 -0.5190575 -0.008867174 0.2747442 0.30706185
0.049615853 0.12628955 -1.8781009 0.85469335 -0.5190575 -0.008867173 0.27108186 0.30712003
0.058340523 0.15376109 -2.6452425 0.9298821 -0.36780402 -0.00628327 0.2747442 0.12519409
0.064823486 0.15704606 -1.8781009 0.9298821 -0.3678039 -0.0062832595 0.27881363 0.3069955
0.05834049 0.14065577 -1.8781009 0.9298821 -0.3678039 -0.00628326 0.2747442 0.30706185
-0.06480535 0.17015138 -2.6452425 4.3711335e-08 -5.926453e-07 -1 0.9371098 0.44248757
-0.026837926 0.2940182 -2.6452425 4.371132e-08 -7.7428814e-07 -1 0.9125435 0.46264875
0.06482351 0.24271089 -2.6452425 4.3711395e-08 1.726204e-07 -1 0.8923823 0.43808243
0.064823516 0.17015137 -2.6452425 0.9757122 -0.2190245 -0.003741622 0.27881363 0.12512772
0.068815686 0.17483056 -1.8781009 0.9757122 -0.2190245 -0.003741622 0.28313366 0.30692348
0.064823486 0.15704606 -1.8781009 0.9757122 -0.2190245 -0.0037416215 0.27881363 0.3069955
0.068815716 0.18793587 -2.6452425 0.9973538 -0.072690986 -0.0012417658 0.28313366 0.12505572
0.07016369 0.1933258 -1.8781009 0.9973538 -0.072690986 -0.0012417524 0.28753835 0.30684862
0.068815686 0.17483056 -1.8781009 0.9973538 -0.07269101 -0.0012417522 0.28313366 0.30692348
-0.06879759 0.21182108 -1.8781009 -4.37114e-08 -2.6307822e-07 1 0.8794404 0.32881767
-0.0136774555 0.10034388 -1.8781009 -4.371136e-08 2.4437182e-07 1 0.8490287 0.33804294
0.068815686 0.17483056 -1.8781009 -4.3711395e-08 -2.3103765e-07 1 0.8398034 0.3076312
0.068815716 0.22492638 -2.6452425 0.9973537 0.07269102 0.0012418525 0.29185832 0.124905966
0.06482351 0.24271089 -2.6452425 0.9757122 0.21902436 0.003741707 0.2959276 0.124833964
0.05834053 0.25910115 -2.6452425 0.92988205 0.36780402 0.0062833494 0.2995899 0.124767594
0.0496159 0.27346736 -2.6452425 0.8546934 0.51905745 0.0088672545 0.30270436 0.124709435
0.038984913 0.2852574 -2.6452425 0.74262047 0.66961485 0.011439271 0.3051513 0.1246617
0.026856106 0.29401818 -2.6452425 0.5854828 0.8105666 0.013847182 0.32434818 0.21172482
0.013695581 0.29941306 -2.6452425 0.3792502 0.9251592 0.015804801 0.32751462 0.21170901
9.084722e-06 0.3012347 -2.6452425 0.13193424 0.99125844 5.598636e-07 0.33121768 0.21170631
9.084722e-06 0.3012347 -2.6452425 -0.13193415 0.99125844 5.4832594e-07 0.33121768 0.21170631
-0.013677402 0.29941306 -2.6452425 -0.3792494 0.9251596 0.015804775 0.33531508 0.21171685
-0.026837926 0.2940182 -2.6452425 -0.5854821 0.8105671 0.013847138 0.3396493 0.21174024
-0.038966738 0.2852574 -2.6452425 -0.7426202 0.6696151 0.011439203 0.34405383 0.21177559
-0.049597736 0.27346736 -2.6452425 -0.85469335 0.5190575 0.008867188 0.3483594 0.21182148
-0.05832237 0.25910115 -2.6452425 -0.9298821 0.36780405 0.0062832707 0.32192382 0.0086132325
-0.06480535 0.24271089 -2.6452425 -0.9757122 0.21902472 0.0037416355 0.32558608 0.008679598
-0.06879756 0.2249264 -2.6452425 -0.99735385 0.07269071 0.001241751 0.32965535 0.008751596
-0.070145555 0.20643112 -2.6452425 -0.99735385 -0.07269064 -0.00124184 0.33397534 0.008826474
-0.06879756 0.18793589 -2.6452425 -0.9757122 -0.21902463 -0.0037417081 0.33838 0.008901355
-0.06480535 0.17015138 -2.6452425 -0.9298821 -0.36780384 -0.006283343 0.34270003 0.008973361
-0.05832237 0.15376109 -2.6452425 -0.85469365 -0.51905704 -0.008867249 0.34676945 0.009039724
-0.049597748 0.1393949 -2.6452425 -0.74262047 -0.66961485 -0.011439273 0.3660539 0.008985484
-0.038966767 0.12760487 -2.6452425 -0.5854831 -0.81056637 -0.0138471695 0.36916897 0.009033223
-0.026837952 0.11884406 -2.6452425 -0.37924862 -0.9251599 -0.015804796 0.37283188 0.009068663
-0.013677421 0.11344919 -2.6452425 -0.13191532 -0.99111634 -0.016931543 0.3769019 0.0090905335
0.013695572 0.11344919 -2.6452425 0.13191518 -0.9911164 -0.016931532 0.3856278 0.0090905335
0.026856104 0.11884407 -2.6452425 0.37924916 -0.92515963 -0.01580476 0.3899484 0.009068693
0.03898489 0.12760484 -2.6452425 0.5854825 -0.8105668 -0.01384713 0.3940183 0.009033192
0.04961589 0.13939488 -2.6452425 0.7426198 -0.6696156 -0.011439208 0.39768106 0.008985484
0.058340523 0.15376109 -2.6452425 0.85469335 -0.5190575 -0.008867181 0.2747442 0.12519409
0.064823516 0.17015137 -2.6452425 0.9298821 -0.367804 -0.0062832697 0.27881363 0.12512772
0.068815716 0.22492638 -2.6452425 4.3711392e-08 1.4770139e-07 -1 0.8932417 0.43376178
0.07016372 0.20643112 -2.6452425 4.3711392e-08 1.4770139e-07 -1 0.8949275 0.42969182
0.068815716 0.18793587 -2.6452425 4.3711392e-08 1.4770139e-07 -1 0.8973749 0.42602897
0.064823516 0.17015137 -2.6452425 4.3711392e-08 1.4770139e-07 -1 0.9004899 0.42291397
0.058340523 0.15376109 -2.6452425 4.3711392e-08 1.4770139e-07 -1 0.9041528 0.42046648
0.04961589 0.13939488 -2.6452425 4.371135e-08 -3.821821e-07 -1 0.9082227 0.41878068
0.03898489 0.12760484 -2.6452425 4.371019e-08 -1.5752807e-05 -1 0.91254336 0.41792125
0.026856104 0.11884407 -2.6452425 4.371133e-08 -6.393494e-07 -1 0.9169486 0.41792122
0.013695572 0.11344919 -2.6452425 4.371019e-08 -1.5752761e-05 -1 0.92126924 0.41878065
9.07431e-06 0.11162757 -2.6452425 4.371168e-08 3.9672573e-06 -1 0.9253392 0.42046645
-0.013677421 0.11344919 -2.6452425 4.3712593e-08 1.6048185e-05 -1 0.92900205 0.4229139
-0.026837952 0.11884406 -2.6452425 4.371142e-08 5.4122853e-07 -1 0.9321171 0.42602885
-0.038966767 0.12760487 -2.6452425 4.3711392e-08 1.4770139e-07 -1 0.9345646 0.42969173
-0.049597748 0.1393949 -2.6452425 4.3710937e-08 -5.846579e-06 -1 0.9362503 0.4337617
-0.05832237 0.15376109 -2.6452425 4.371079e-08 -7.802529e-06 -1 0.9371098 0.4380823
-0.06879756 0.18793589 -2.6452425 4.371124e-08 -1.839864e-06 -1 0.9362504 0.44680822
-0.070145555 0.20643112 -2.6452425 4.3711395e-08 2.1393659e-07 -1 0.9345646 0.45087817
-0.06879756 0.2249264 -2.6452425 4.371169e-08 4.122801e-06 -1 0.93211716 0.45454103
-0.06480535 0.24271089 -2.6452425 4.371138e-08 7.39989e-09 -1 0.9290022 0.45765603
-0.05832237 0.25910115 -2.6452425 4.3711392e-08 1.4770139e-07 -1 0.92533934 0.46010348
-0.049597736 0.27346736 -2.6452425 4.3711104e-08 -3.6718634e-06 -1 0.9212694 0.4617893
-0.038966738 0.2852574 -2.6452425 4.3711392e-08 1.4770139e-07 -1 0.9169488 0.46264875
-0.013677402 0.29941306 -2.6452425 4.371019e-08 -1.5752796e-05 -1 0.90822285 0.46178934
9.084722e-06 0.3012347 -2.6452425 4.3711104e-08 -3.6718577e-06 -1 0.9041529 0.46010354
0.013695581 0.29941306 -2.6452425 4.3712593e-08 1.6048161e-05 -1 0.90049005 0.4576561
0.026856106 0.29401818 -2.6452425 4.371149e-08 1.4622126e-06 -1 0.897375 0.45454112
0.038984913 0.2852574 -2.6452425 4.3711392e-08 1.4770139e-07 -1 0.89492756 0.45087826
0.0496159 0.27346736 -2.6452425 4.3711516e-08 1.7925354e-06 -1 0.89324176 0.4468083
0.05834053 0.25910115 -2.6452425 4.371079e-08 -7.802592e-06 -1 0.8923823 0.4424877
0.068815716 0.18793587 -2.6452425 0.9757122 -0.2190245 -0.0037416215 0.28313366 0.12505572
0.07016372 0.20643112 -2.6452425 0.9973538 -0.07269101 -0.0012417661 0.28753835 0.124980845
0.07016369 0.1933258 -1.8781009 -4.371154e-08 -2.1352748e-06 1 0.8422509 0.30396834
0.068815686 0.21182106 -1.8781009 -4.3711395e-08 -2.1393754e-07 1 0.8453659 0.30085337
0.06482348 0.22960556 -1.8781009 -4.3711392e-08 -1.4770139e-07 1 0.8490287 0.2984059
0.058340497 0.24599585 -1.8781009 -4.3711392e-08 -1.4770139e-07 1 0.8530987 0.2967201
0.049615867 0.26036206 -1.8781009 -4.3711392e-08 -1.4770139e-07 1 0.8574193 0.29586065
0.038984876 0.2721521 -1.8781009 -4.3711392e-08 -1.4770139e-07 1 0.8618246 0.29586065
0.02685607 0.28091288 -1.8781009 -4.3711392e-08 -1.4770139e-07 1 0.8661452 0.29672012
0.013695546 0.28630775 -1.8781009 -4.3711417e-08 -4.7517926e-07 1 0.8702152 0.2984059
9.05119e-06 0.30123425 -1.8781009 -4.3711392e-08 -1.4770139e-07 1 0.87584865 0.29845214
-0.013677437 0.28630775 -1.8781009 -4.3711875e-08 -6.5283243e-06 1 0.876993 0.3039684
-0.026837962 0.28091288 -1.8781009 -4.3711392e-08 -1.4770139e-07 1 0.8794404 0.3076312
-0.038966775 0.2721521 -1.8781009 -4.3711374e-08 9.1338215e-08 1 0.8811263 0.31170115
-0.04959777 0.26036206 -1.8781009 -4.3711392e-08 -1.4770139e-07 1 0.8819857 0.3160218
-0.058322404 0.24599585 -1.8781009 -4.3711545e-08 -2.1899536e-06 1 0.8819857 0.3204271
-0.06480538 0.22960557 -1.8781009 -4.371169e-08 -4.1228323e-06 1 0.8811263 0.3247477
-0.070145585 0.19332582 -1.8781009 -4.3711392e-08 -1.4770139e-07 1 0.876993 0.33248052
-0.06879759 0.17483057 -1.8781009 -4.3711392e-08 -1.4770139e-07 1 0.873878 0.33559552
-0.06480538 0.15704608 -1.8781009 -4.3711392e-08 -1.4770139e-07 1 0.8702151 0.33804294
-0.058322404 0.14065579 -1.8781009 -4.371137e-08 1.2507876e-07 1 0.8661452 0.3397288
-0.049597785 0.12628958 -1.8781009 -4.3711392e-08 -1.4770139e-07 1 0.8618246 0.34058824
-0.038966805 0.11449955 -1.8781009 -4.3711104e-08 3.6718611e-06 1 0.8574193 0.34058818
-0.026837988 0.10573875 -1.8781009 -4.3711392e-08 -1.4770139e-07 1 0.85309863 0.33972877
9.039789e-06 0.09852226 -1.8781009 -4.3711392e-08 -1.4770139e-07 1 0.8453658 0.3355955
0.013695537 0.10034388 -1.8781009 -4.3711104e-08 3.6718614e-06 1 0.8422508 0.3324805
0.026856069 0.10573877 -1.8781009 -4.3711392e-08 -1.4770139e-07 1 0.8398034 0.32881764
0.038984854 0.114499524 -1.8781009 -4.3711427e-08 -6.595187e-07 1 0.8381176 0.32474768
0.049615853 0.12628955 -1.8781009 -4.3711392e-08 -1.4770139e-07 1 0.83725816 0.32042706
0.05834049 0.14065577 -1.8781009 -4.3711246e-08 1.762077e-06 1 0.83725816 0.31602177
0.064823486 0.15704606 -1.8781009 -4.3711392e-08 -1.4770139e-07 1 0.8381176 0.31170118
0.051214285 0.19821103 -1.0203389 0.9983834 0.056837235 7.87647e-08 0.59936684 0.9039781
0.050230384 0.21549389 -0.9845368 0.9983834 0.056837223 7.876469e-08 0.60368747 0.9489221
0.051214285 0.198211 -0.9845368 0.9983834 0.056837216 7.8764685e-08 0.59936684 0.9489221
0.050230384 0.21549392 -1.0203389 0.98497385 0.17270336 1.497808e-07 0.60368747 0.9039781
0.04731649 0.23211262 -0.98453677 0.98497385 0.17270336 1.497808e-07 0.6080927 0.9489221
0.050230384 0.21549389 -0.9845368 0.98497385 0.17270336 1.497808e-07 0.60368747 0.9489221
0.04731649 0.23211263 -1.0203389 0.9554395 0.2951868 2.241814e-07 0.6080927 0.9039781
0.042584583 0.2474285 -0.98453677 0.9554395 0.2951868 2.241814e-07 0.6124134 0.9489221
0.04731649 0.23211262 -0.98453677 0.9554395 0.2951868 2.2418138e-07 0.6080927 0.9489221
0.042584583 0.24742854 -1.0203389 0.90350056 0.42858678 3.0434876e-07 0.6124134 0.9039781
0.036216512 0.260853 -0.98453677 0.90350056 0.42858678 3.0434876e-07 0.61648333 0.9489221
0.042584583 0.2474285 -0.98453677 0.9035006 0.42858678 3.0434876e-07 0.6124134 0.9489221
0.036216512 0.26085302 -1.0203389 0.8175732 0.5758248 3.9158203e-07 0.61648333 0.9039781
0.028456988 0.2718702 -0.98453677 0.8175732 0.5758248 3.9158203e-07 0.6201462 0.9489221
0.036216512 0.260853 -0.98453677 0.8175731 0.5758248 3.91582e-07 0.61648333 0.9489221
0.028456988 0.27187023 -1.0203389 0.678939 0.7341947 4.8339064e-07 0.73507595 0.63623255
0.019604212 0.28005672 -0.98453677 0.67893916 0.7341945 4.833905e-07 0.7387388 0.6811765
0.028456988 0.2718702 -0.98453677 0.67893916 0.7341946 4.833906e-07 0.73507595 0.6811765
0.019604212 0.28005674 -1.0203389 0.4647022 0.88546705 5.675084e-07 0.7387388 0.63623255
0.009998391 0.28509796 -0.98453677 0.4647022 0.88546705 5.675084e-07 0.7428087 0.6811765
0.019604212 0.28005672 -0.98453677 0.46470216 0.88546705 5.675084e-07 0.7387388 0.6811765
0.009998393 0.28509796 -1.0203389 0.16797583 0.9857911 6.165357e-07 0.7428087 0.63623255
8.66588e-06 0.28680018 -0.98453677 0.16797583 0.9857911 6.165357e-07 0.7471294 0.6811765
0.009998391 0.28509796 -0.98453677 0.16797583 0.9857911 6.165357e-07 0.7428087 0.6811765
8.667445e-06 0.2868002 -1.0203389 -0.1679758 0.9857911 6.0185084e-07 0.7471294 0.63623255
-0.009981054 0.28509796 -0.98453677 -0.1679758 0.9857911 6.0185084e-07 0.75153464 0.6811765
8.66588e-06 0.28680018 -0.98453677 -0.1679758 0.9857911 6.0185084e-07 0.7471294 0.6811765
-0.009981052 0.28509796 -1.0203389 -0.46470132 0.8854675 5.268832e-07 0.75153464 0.63623255
-0.019586874 0.28005672 -0.98453677 -0.46470132 0.8854675 5.268832e-07 0.75585526 0.6811765
-0.009981054 0.28509796 -0.98453677 -0.46470132 0.8854675 5.268832e-07 0.75153464 0.6811765
-0.019586874 0.28005674 -1.0203389 -0.678939 0.7341947 4.2403582e-07 0.75585526 0.63623255
-0.02843965 0.2718702 -0.98453677 -0.6789392 0.7341945 4.240357e-07 0.7599252 0.6811765
-0.019586874 0.28005672 -0.98453677 -0.6789392 0.7341945 4.2403568e-07 0.75585526 0.6811765
-0.02843965 0.27187023 -1.0203389 -0.8175731 0.57582504 3.2010755e-07 0.63677245 0.90397817
-0.036199175 0.260853 -0.98453677 -0.8175731 0.57582504 3.2010755e-07 0.64043534 0.94892216
-0.02843965 0.2718702 -0.98453677 -0.8175731 0.575825 3.2010755e-07 0.63677245 0.94892216
-0.036199175 0.26085302 -1.0203389 -0.9035006 0.4285869 2.2536224e-07 0.64043534 0.90397817
-0.042567257 0.2474285 -0.9845368 -0.9035006 0.4285869 2.2536224e-07 0.64450526 0.94892216
-0.036199175 0.260853 -0.98453677 -0.90350056 0.4285869 2.2536226e-07 0.64043534 0.94892216
-0.042567257 0.24742854 -1.0203389 -0.9554395 0.2951869 1.406542e-07 0.64450526 0.90397817
-0.04729916 0.23211262 -0.9845368 -0.9554395 0.2951869 1.406542e-07 0.64882594 0.94892216
-0.042567257 0.2474285 -0.9845368 -0.95543945 0.2951869 1.406542e-07 0.64450526 0.94892216
-0.04729916 0.23211265 -1.0203389 -0.98497385 0.17270365 6.367175e-08 0.64882594 0.90397817
-0.050213058 0.2154939 -0.9845368 -0.98497385 0.17270365 6.367175e-08 0.6532312 0.94892216
-0.04729916 0.23211262 -0.9845368 -0.98497385 0.17270365 6.367175e-08 0.64882594 0.94892216
-0.050213058 0.21549392 -1.0203389 -0.9983834 0.05683717 -8.516872e-09 0.6532312 0.90397817
-0.051196963 0.198211 -0.9845368 -0.9983834 0.056837182 -8.516866e-09 0.6575518 0.94892216
-0.050213058 0.2154939 -0.9845368 -0.9983834 0.056837182 -8.516866e-09 0.6532312 0.94892216
-0.051196963 0.198211 -0.9845368 1.8421235e-09 -1 -6.17974e-07 0.5158041 0.3448622
0.051214285 0.19821103 -1.0203389 1.8421235e-09 -1 -6.17974e-07 0.47086012 0.38980615
0.051214285 0.198211 -0.9845368 -2.3937876e-08 -1 -6.17974e-07 0.47086012 0.3448622
0.050230384 0.21549392 -1.0203389 4.3711395e-08 1.514032e-07 -1 0.48787272 0.9484904
-0.051196963 0.19821103 -1.0203389 4.37114e-08 2.0645194e-07 -1 0.48348865 0.9039782
-0.050213058 0.21549392 -1.0203389 4.37114e-08 2.1064733e-07 -1 0.48787272 0.90441
0.050230384 0.21549392 -1.0203389 4.3711395e-08 1.4266688e-07 -1 0.48787272 0.9484904
-0.04729916 0.23211265 -1.0203389 4.371139e-08 8.568432e-08 -1 0.49208832 0.90568876
0.04731649 0.23211263 -1.0203389 4.3711395e-08 1.4770139e-07 -1 0.49208832 0.94721156
0.04731649 0.23211263 -1.0203389 4.3711395e-08 1.4770139e-07 -1 0.49208832 0.94721156
-0.042567257 0.24742854 -1.0203389 4.3711395e-08 1.4770139e-07 -1 0.49597338 0.9077654
0.042584583 0.24742854 -1.0203389 4.3711395e-08 1.4770139e-07 -1 0.49597338 0.94513494
0.042584583 0.24742854 -1.0203389 4.3711395e-08 1.5831961e-07 -1 0.49597338 0.94513494
-0.036199175 0.26085302 -1.0203389 4.3711402e-08 2.3913657e-07 -1 0.49937874 0.9105601
0.036216512 0.26085302 -1.0203389 4.3711395e-08 1.4770139e-07 -1 0.49937874 0.9423403
0.028456988 0.27187023 -1.0203389 4.3711413e-08 3.9672955e-07 -1 0.50217336 0.938935
-0.036199175 0.26085302 -1.0203389 4.3711374e-08 -1.1202282e-07 -1 0.49937874 0.9105601
-0.02843965 0.27187023 -1.0203389 4.371137e-08 -2.009391e-07 -1 0.50217336 0.9139654
0.019604212 0.28005674 -1.0203389 4.3711395e-08 1.5400694e-07 -1 0.50425 0.93504983
-0.02843965 0.27187023 -1.0203389 4.3711406e-08 2.8393805e-07 -1 0.50217336 0.9139654
-0.019586874 0.28005674 -1.0203389 4.3711406e-08 3.1799138e-07 -1 0.50425 0.91785055
0.019604212 0.28005674 -1.0203389 4.371136e-08 -2.6002138e-07 -1 0.50425 0.93504983
-0.009981052 0.28509796 -1.0203389 4.371138e-08 -4.5005275e-09 -1 0.50552887 0.92206615
0.009998393 0.28509796 -1.0203389 4.3711353e-08 -3.947436e-07 -1 0.50552887 0.93083423
8.667445e-06 0.2868002 -1.0203389 4.3711395e-08 1.4770139e-07 -1 0.5059606 0.9264502
0.009998393 0.28509796 -1.0203389 4.3711395e-08 1.4770139e-07 -1 0.50552887 0.93083423
-0.009981052 0.28509796 -1.0203389 4.3711395e-08 1.4770139e-07 -1 0.50552887 0.92206615
0.050230384 0.21549389 -0.9845368 -4.3711395e-08 -1.4399957e-07 1 0.45235854 0.25353283
-0.051196963 0.198211 -0.9845368 -4.371139e-08 -8.895083e-08 1 0.4567426 0.20902064
0.051214285 0.198211 -0.9845368 -4.3711395e-08 -1.4770139e-07 1 0.4567426 0.25396463
0.04731649 0.23211262 -0.98453677 -4.3711395e-08 -1.513581e-07 1 0.44814295 0.25225404
-0.050213058 0.2154939 -0.9845368 -4.37114e-08 -2.1185043e-07 1 0.45235854 0.20945245
0.050230384 0.21549389 -0.9845368 -4.3711395e-08 -1.4770139e-07 1 0.45235854 0.25353283
0.042584583 0.2474285 -0.98453677 -4.3711395e-08 -1.4770139e-07 1 0.44425783 0.2501774
-0.04729916 0.23211262 -0.9845368 -4.3711395e-08 -1.4770139e-07 1 0.44814295 0.21073124
0.04731649 0.23211262 -0.98453677 -4.3711395e-08 -1.4770139e-07 1 0.44814295 0.25225404
0.036216512 0.260853 -0.98453677 -4.371138e-08 3.028313e-08 1 0.44085252 0.24738275
-0.042567257 0.2474285 -0.9845368 -4.37114e-08 -2.2638149e-07 1 0.44425783 0.21280786
0.042584583 0.2474285 -0.98453677 -4.3711378e-08 4.3479233e-08 1 0.44425783 0.2501774
0.028456988 0.2718702 -0.98453677 -4.3711374e-08 1.0132676e-07 1 0.4380578 0.2439774
-0.036199175 0.260853 -0.98453677 -4.3711413e-08 -4.0742557e-07 1 0.44085252 0.21560255
0.036216512 0.260853 -0.98453677 -4.3711374e-08 1.2622382e-07 1 0.44085252 0.24738275
0.019604212 0.28005672 -0.98453677 -4.3711395e-08 -1.4139583e-07 1 0.43598118 0.2400923
-0.02843965 0.2718702 -0.98453677 -4.371138e-08 -1.1464704e-08 1 0.4380578 0.21900788
0.028456988 0.2718702 -0.98453677 -4.3711395e-08 -1.4770139e-07 1 0.4380578 0.2439774
0.019604212 0.28005672 -0.98453677 -4.3711427e-08 -5.5542415e-07 1 0.43598118 0.2400923
-0.009981054 0.28509796 -0.98453677 -4.3711406e-08 -2.999033e-07 1 0.43470243 0.22710857
-0.019586874 0.28005672 -0.98453677 -4.3711406e-08 -2.8596966e-07 1 0.43598118 0.22289297
8.66588e-06 0.28680018 -0.98453677 -4.3711395e-08 -1.4770139e-07 1 0.4342706 0.23149264
-0.009981054 0.28509796 -0.98453677 -4.3711395e-08 -1.4770139e-07 1 0.43470243 0.22710857
0.009998391 0.28509796 -0.98453677 -4.3711395e-08 -1.4770139e-07 1 0.43470243 0.23587672
0.050230384 0.21549392 -1.0203389 0.9983834 0.056837235 7.87647e-08 0.60368747 0.9039781
0.04731649 0.23211263 -1.0203389 0.98497385 0.17270336 1.497808e-07 0.6080927 0.9039781
0.042584583 0.24742854 -1.0203389 0.9554395 0.2951868 2.2418138e-07 0.6124134 0.9039781
0.036216512 0.26085302 -1.0203389 0.9035006 0.42858678 3.0434876e-07 0.61648333 0.9039781
0.028456988 0.27187023 -1.0203389 0.8175731 0.5758248 3.91582e-07 0.6201462 0.9039781
0.019604212 0.28005674 -1.0203389 0.678939 0.7341948 4.833907e-07 0.7387388 0.63623255
0.009998393 0.28509796 -1.0203389 0.46470216 0.88546705 5.675084e-07 0.7428087 0.63623255
8.667445e-06 0.2868002 -1.0203389 0.16797583 0.9857911 6.165357e-07 0.7471294 0.63623255
-0.009981052 0.28509796 -1.0203389 -0.1679758 0.9857911 6.0185084e-07 0.75153464 0.63623255
-0.019586874 0.28005674 -1.0203389 -0.46470132 0.8854675 5.268832e-07 0.75585526 0.63623255
-0.02843965 0.27187023 -1.0203389 -0.678939 0.7341947 4.2403582e-07 0.7599252 0.63623255
-0.036199175 0.26085302 -1.0203389 -0.8175731 0.575825 3.2010755e-07 0.64043534 0.90397817
-0.042567257 0.24742854 -1.0203389 -0.90350056 0.4285869 2.2536226e-07 0.64450526 0.90397817
-0.04729916 0.23211265 -1.0203389 -0.95543945 0.2951869 1.406542e-07 0.64882594 0.90397817
-0.050213058 0.21549392 -1.0203389 -0.98497385 0.17270365 6.367175e-08 0.6532312 0.90397817
-0.051196963 0.19821103 -1.0203389 -0.9983834 0.05683717 -8.516872e-09 0.6575518 0.90397817
-0.051196963 0.19821103 -1.0203389 2.7622137e-08 -1 -6.17974e-07 0.5158041 0.38980618
0.051214285 0.19821103 -1.0203389 4.3711395e-08 1.4770139e-07 -1 0.48348865 0.94892216
-0.050213058 0.21549392 -1.0203389 4.371139e-08 8.223978e-08 -1 0.48787272 0.90441
-0.04729916 0.23211265 -1.0203389 4.3711395e-08 1.4770139e-07 -1 0.49208832 0.90568876
-0.042567257 0.24742854 -1.0203389 4.3711402e-08 2.4329168e-07 -1 0.49597338 0.9077654
0.036216512 0.26085302 -1.0203389 4.3711413e-08 4.2162662e-07 -1 0.49937874 0.9423403
0.028456988 0.27187023 -1.0203389 4.3711395e-08 1.4770139e-07 -1 0.50217336 0.938935
-0.019586874 0.28005674 -1.0203389 4.371138e-08 9.4331165e-09 -1 0.50425 0.91785055
-0.050213058 0.2154939 -0.9845368 -4.371139e-08 -8.475545e-08 1 0.45235854 0.20945245
-0.04729916 0.23211262 -0.9845368 -4.37114e-08 -2.1719507e-07 1 0.44814295 0.21073124
-0.042567257 0.2474285 -0.9845368 -4.3711395e-08 -1.4770139e-07 1 0.44425783 0.21280786
-0.036199175 0.260853 -0.98453677 -4.3711402e-08 -2.6010366e-07 1 0.44085252 0.21560255
-0.02843965 0.2718702 -0.98453677 -4.3711417e-08 -4.9634184e-07 1 0.4380578 0.21900788
-0.019586874 0.28005672 -0.98453677 -4.371138e-08 2.2588615e-08 1 0.43598118 0.22289297
0.009998391 0.28509796 -0.98453677 -4.3711434e-08 -6.901464e-07 1 0.43470243 0.23587672
-0.0054957196 -0.046557274 -0.06378015 -4.9459025e-08 -0.9033857 -0.42882904 0.89511245 0.5925842
0.0055129197 -0.06380647 -0.02744243 -4.9459025e-08 -0.9033857 -0.42882904 0.918759 0.54764026
-0.005495723 -0.06380647 -0.02744243 -4.9459018e-08 -0.90338564 -0.42882907 0.918759 0.5925842
-0.005495723 -0.06380647 -0.02744243 -5.4530513e-09 -0.5541689 -0.8324043 0.918759 0.5925842
0.005512918 -0.08421534 -0.013855322 -5.4530513e-09 -0.5541689 -0.8324043 0.9331724 0.54764026
-0.0054957247 -0.08421534 -0.013855322 -5.4530513e-09 -0.5541689 -0.83240426 0.9331724 0.5925842
0.005512918 -0.08421534 -0.013855322 4.371139e-08 1.6583328e-08 -1 0.9351411 0.9410474
-0.005495727 -0.11770927 -0.013855322 4.371139e-08 1.6583328e-08 -1 0.9152762 0.8961034
-0.0054957247 -0.08421534 -0.013855322 4.371139e-08 1.6583328e-08 -1 0.9351411 0.8961034
0.0055129156 -0.11770927 -0.013855322 6.189546e-08 0.26090917 -0.9653633 0.9152762 0.9410474
-0.005495728 -0.1410918 -0.020174928 6.189546e-08 0.2609091 -0.9653633 0.90050715 0.8961034
-0.005495727 -0.11770927 -0.013855322 6.1895456e-08 0.26090908 -0.9653633 0.9152762 0.8961034
0.0055129207 -0.056842 -0.021416187 4.8895103e-08 0.90000206 0.4358858 0.8291669 0.46849215
-0.005495719 -0.038237184 -0.05983077 4.8895103e-08 0.90000206 0.4358858 0.8741109 0.44338012
-0.005495722 -0.056842 -0.021416187 4.88951e-08 0.90000206 0.43588582 0.8741109 0.46849215
0.005512918 -0.081549354 -0.005039694 5.27625e-09 0.5524776 0.8335278 0.8291669 0.4859317
-0.005495722 -0.056842 -0.021416187 5.27625e-09 0.5524776 0.8335278 0.8741109 0.46849215
-0.0054957247 -0.081549354 -0.005039694 5.27625e-09 0.5524776 0.8335278 0.8741109 0.4859317
-0.005495728 -0.118921265 -0.0047254544 -4.3075044e-08 0.008408147 0.9999647 0.8741109 0.50107753
0.005512918 -0.081549354 -0.005039694 -4.3075044e-08 0.008408147 0.9999647 0.8291669 0.4859317
-0.0054957247 -0.081549354 -0.005039694 -4.3075044e-08 0.008408147 0.9999647 0.8741109 0.4859317
-0.005495729 -0.14349471 -0.011283971 -6.170158e-08 -0.25786814 0.96618015 0.8741109 0.50792927
0.0055129146 -0.118921265 -0.0047254544 -6.170158e-08 -0.25786817 0.96618015 0.8291669 0.50107753
-0.005495728 -0.118921265 -0.0047254544 -6.170158e-08 -0.2578681 0.96618015 0.8741109 0.50107753
-0.005495723 -0.06380647 -0.02744243 -1 7.549791e-08 -4.3711385e-08 0.42130482 0.28665078
-0.005495719 -0.038237184 -0.05983077 -1 7.549791e-08 -4.3711385e-08 0.4098976 0.30908883
-0.0054957196 -0.046557274 -0.06378015 -1 7.549791e-08 -4.3711385e-08 0.40558422 0.30548933
-0.0054957196 -0.046557274 -0.06378015 7.186349e-08 0.42882097 -0.90338945 0.94342446 0.6874191
0.0055129235 -0.038237184 -0.05983077 7.186351e-08 0.42882127 -0.90338933 0.9489222 0.7323631
0.005512923 -0.046557274 -0.06378015 7.186351e-08 0.42882133 -0.90338933 0.94342446 0.7323631
0.005512918 -0.08421534 -0.013855322 1 -7.549791e-08 4.3711385e-08 0.4288669 0.41559118
0.0055129207 -0.056842 -0.021416187 1 -7.549791e-08 4.3711385e-08 0.42606112 0.43268517
0.005512918 -0.081549354 -0.005039694 1 -7.549791e-08 4.3711385e-08 0.42330277 0.41481552
-0.0054957247 -0.08421534 -0.013855322 -1 7.549791e-08 -4.3711385e-08 0.42361638 0.2718748
-0.005495722 -0.056842 -0.021416187 -1 7.549791e-08 -4.3711385e-08 0.42642218 0.28896877
-0.005495723 -0.06380647 -0.02744243 -1 7.549791e-08 -4.3711385e-08 0.42130482 0.28665078
0.0055129197 -0.06380647 -0.02744243 1 -7.549791e-08 4.3711385e-08 0.43117848 0.43036717
0.0055129235 -0.038237184 -0.05983077 1 -7.549791e-08 4.3711385e-08 0.44258568 0.4528052
0.0055129207 -0.056842 -0.021416187 1 -7.549791e-08 4.3711385e-08 0.42606112 0.43268517
0.005512918 -0.08421534 -0.013855322 1 -7.549791e-08 4.3711385e-08 0.4288669 0.41559118
0.0055129146 -0.118921265 -0.0047254544 1 -7.549791e-08 4.3711385e-08 0.43267703 0.39403474
0.0055129156 -0.11770927 -0.013855322 1 -7.549791e-08 4.3711385e-08 0.43742448 0.39703873
-0.0054957247 -0.08421534 -0.013855322 -1 7.549791e-08 -4.3711385e-08 0.42361638 0.2718748
-0.005495728 -0.118921265 -0.0047254544 -1 7.549791e-08 -4.3711385e-08 0.41980624 0.25031838
-0.0054957247 -0.081549354 -0.005039694 -1 7.549791e-08 -4.3711385e-08 0.42918053 0.27109915
0.0055129146 -0.1410918 -0.020174928 -6.147853e-08 -0.9653647 -0.26090428 0.95173675 0.2543012
-0.005495729 -0.14349471 -0.011283971 -6.147853e-08 -0.9653647 -0.26090428 0.956797 0.29924518
-0.005495728 -0.1410918 -0.020174928 -6.147853e-08 -0.9653647 -0.2609043 0.95173675 0.29924518
0.0055129156 -0.11770927 -0.013855322 1 -4.9631822e-08 4.660159e-08 0.43742448 0.39703873
0.0055129137 -0.14349471 -0.01128397 1 -4.9429435e-08 5.4144387e-08 0.44258824 0.3820991
0.0055129146 -0.1410918 -0.020174928 1 -4.9345932e-08 5.725657e-08 0.446899 0.3857017
-0.005495727 -0.11770927 -0.013855322 -1 6.2564865e-08 -4.6601585e-08 0.41505882 0.25332233
-0.005495729 -0.14349471 -0.011283971 -1 6.246367e-08 -5.4144383e-08 0.40989506 0.23838271
-0.005495728 -0.118921265 -0.0047254544 -1 6.260364e-08 -4.3711392e-08 0.41980624 0.25031838
0.005512923 -0.046557274 -0.06378015 -4.945902e-08 -0.9033857 -0.428829 0.89511245 0.5476402
0.0055129197 -0.06380647 -0.02744243 -5.4530513e-09 -0.5541689 -0.83240426 0.918759 0.54764026
0.0055129156 -0.11770927 -0.013855322 4.371139e-08 1.6583328e-08 -1 0.9152762 0.9410474
0.0055129146 -0.1410918 -0.020174928 6.189546e-08 0.26090917 -0.9653633 0.90050715 0.9410474
0.0055129235 -0.038237184 -0.05983077 4.88951e-08 0.90000206 0.43588582 0.8291669 0.44338012
0.0055129207 -0.056842 -0.021416187 5.27625e-09 0.5524776 0.8335278 0.8291669 0.46849215
0.0055129146 -0.118921265 -0.0047254544 -4.3075044e-08 0.008408147 0.9999647 0.8291669 0.50107753
0.0055129137 -0.14349471 -0.01128397 -6.170158e-08 -0.25786817 0.96618015 0.8291669 0.50792927
-0.005495722 -0.056842 -0.021416187 -1 7.549791e-08 -4.3711385e-08 0.42642218 0.28896877
-0.005495719 -0.038237184 -0.05983077 7.18635e-08 0.42882094 -0.9033896 0.9489222 0.6874191
0.0055129197 -0.06380647 -0.02744243 1 -7.549791e-08 4.3711385e-08 0.43117848 0.43036717
-0.0054957247 -0.081549354 -0.005039694 -1 7.549791e-08 -4.3711385e-08 0.42918053 0.27109915
0.005512923 -0.046557274 -0.06378015 1 -7.549791e-08 4.3711385e-08 0.446899 0.4492057
0.005512918 -0.081549354 -0.005039694 1 -7.549791e-08 4.3711385e-08 0.42330277 0.41481552
-0.005495727 -0.11770927 -0.013855322 -1 7.549791e-08 -4.3711385e-08 0.41505882 0.25332233
0.0055129137 -0.14349471 -0.01128397 -6.147853e-08 -0.9653647 -0.2609043 0.956797 0.2543012
0.0055129146 -0.118921265 -0.0047254544 1 -4.9709367e-08 4.37114e-08 0.43267703 0.39403474
-0.005495728 -0.1410918 -0.020174928 -1 6.242192e-08 -5.7256567e-08 0.40558422 0.24198528
0.011390826 -0.12243874 -0.14215487 -4.3711395e-08 -1.477014e-07 1 0.6299898 0.008211443
-0.011373622 -0.046557225 -0.14215487 -4.3711395e-08 -1.477014e-07 1 0.5851378 0.053155404
0.011390831 -0.046557225 -0.14215486 -4.3711395e-08 -1.477014e-07 1 0.5851378 0.008211443
0.011390826 -0.12243874 -0.14215487 2.1135833e-08 0.69579536 0.7182401 0.5929207 0.6811764
-0.01137363 -0.14266148 -0.12256409 2.1135818e-08 0.69579524 0.7182402 0.63786465 0.66939795
-0.011373628 -0.12243874 -0.14215487 2.1135818e-08 0.69579524 0.7182402 0.63786465 0.6811764
0.011390824 -0.14266148 -0.12256409 4.9307626e-08 0.90248084 0.4307299 0.5929207 0.66939795
-0.011373632 -0.15593266 -0.09475784 4.9307626e-08 0.90248084 0.43073 0.63786465 0.6528146
-0.01137363 -0.14266148 -0.12256409 4.9307626e-08 0.90248084 0.43073 0.63786465 0.66939795
0.011390822 -0.15593266 -0.09475784 7.408443e-08 0.9995044 0.031480975 0.5929207 0.6528146
-0.011373635 -0.15846056 -0.014498845 7.408443e-08 0.9995044 0.031480975 0.63786465 0.6052611
-0.011373632 -0.15593266 -0.09475784 7.4084426e-08 0.9995044 0.03148097 0.63786465 0.6528146
0.011390818 -0.15846056 -0.014498844 8.483468e-08 0.9583858 -0.28547606 0.5929207 0.6052611
-0.011373635 -0.14961311 0.015203305 8.483468e-08 0.9583858 -0.28547597 0.63786465 0.58774775
-0.011373635 -0.15846056 -0.014498845 8.483469e-08 0.9583858 -0.285476 0.63786465 0.6052611
0.011390818 -0.14961311 0.015203305 8.560213e-08 0.752577 -0.65850425 0.5929207 0.58774775
-0.011373636 -0.13191824 0.03542604 8.5602124e-08 0.75257695 -0.65850437 0.63786465 0.5759255
-0.011373635 -0.14961311 0.015203305 8.5602124e-08 0.7525768 -0.65850437 0.63786465 0.58774775
0.011390817 -0.13191824 0.03542604 8.209466e-08 0.6448711 -0.76429135 0.748113 0.9489221
-0.011373636 -0.11169552 0.05248897 8.209465e-08 0.644871 -0.76429135 0.7356902 0.9039781
-0.011373636 -0.13191824 0.03542604 8.209465e-08 0.644871 -0.76429135 0.748113 0.9039781
0.011390817 -0.11169552 0.05248897 8.67972e-08 0.8106794 -0.58549035 0.5453349 0.9489221
-0.011373635 -0.10348004 0.06386426 8.67972e-08 0.8106794 -0.58549035 0.53866976 0.9039781
-0.011373636 -0.11169552 0.05248897 8.67972e-08 0.8106794 -0.58549035 0.5453349 0.9039781
0.011390818 -0.10348004 0.06386426 7.914529e-08 0.99589324 -0.09053519 0.53866976 0.9489221
-0.011373636 -0.102216125 0.07776739 7.914529e-08 0.99589324 -0.09053519 0.53044695 0.9039781
-0.011373635 -0.10348004 0.06386426 7.914529e-08 0.99589324 -0.09053519 0.53866976 0.9039781
0.011390817 -0.102216125 0.07776739 8.712295e-08 0.838444 -0.5449878 0.53044695 0.9489221
-0.011373637 -0.094000645 0.09040661 8.712295e-08 0.838444 -0.5449878 0.5230333 0.9039781
-0.011373636 -0.102216125 0.07776739 8.712295e-08 0.83844405 -0.5449878 0.53044695 0.9039781
-0.011373637 -0.094000645 0.09040661 8.429372e-08 0.7071071 -0.70710653 0.42721182 0.90397817
0.011390817 -0.083257325 0.10114993 8.429372e-08 0.7071072 -0.7071063 0.42056727 0.9489221
-0.011373636 -0.083257325 0.10114993 8.429371e-08 0.707107 -0.70710653 0.42056727 0.90397817
0.011390817 -0.083257325 0.10114993 5.4683117e-08 0.15205748 -0.98837173 0.42056727 0.9489221
-0.011373634 -0.06682636 0.103677794 5.4683113e-08 0.15205745 -0.9883717 0.4107776 0.90397817
-0.011373636 -0.083257325 0.10114993 5.468311e-08 0.15205745 -0.9883717 0.42056727 0.90397817
0.011390818 -0.06682636 0.103677794 4.3711395e-08 1.477014e-07 -1 0.4107776 0.9489221
-0.0113736335 -0.046557374 0.103677794 4.3711395e-08 1.477014e-07 -1 0.39878473 0.9039781
-0.011373634 -0.06682636 0.103677794 4.3711395e-08 1.477014e-07 -1 0.4107776 0.90397817
-0.011373621 -0.04655721 -0.16112524 4.244371e-08 -0.01671003 -0.9998604 0.78979254 0.42524308
0.011390827 -0.12955862 -0.1597381 4.244371e-08 -0.016710019 -0.9998604 0.8347365 0.3761696
0.011390832 -0.04655721 -0.16112524 4.2443702e-08 -0.016710132 -0.9998604 0.8347365 0.42524308
-0.01137363 -0.15806438 -0.13363706 -1.8746277e-08 -0.67531353 -0.73753077 0.78979254 0.3600027
0.011390827 -0.12955862 -0.1597381 -1.8746286e-08 -0.6753136 -0.73753077 0.8347365 0.3761696
-0.011373627 -0.12955862 -0.1597381 -1.874627e-08 -0.6753134 -0.7375308 0.78979254 0.3761696
-0.011373633 -0.17436635 -0.09923716 -4.9505662e-08 -0.9036638 -0.42824262 0.095561326 0.61424005
0.011390824 -0.15806438 -0.13363706 -4.950565e-08 -0.90366375 -0.42824268 0.116154395 0.56929606
-0.01137363 -0.15806438 -0.13363706 -4.9505665e-08 -0.9036638 -0.42824256 0.1161544 0.61424005
-0.011373636 -0.17727289 -0.012058586 -7.399947e-08 -0.9994448 -0.033321407 0.04390013 0.61424005
0.011390821 -0.17436635 -0.09923716 -7.399947e-08 -0.9994448 -0.033321407 0.09556132 0.56929606
-0.011373633 -0.17436635 -0.09923716 -7.399947e-08 -0.9994448 -0.033321407 0.095561326 0.61424005
-0.011373637 -0.16622314 0.024367455 -8.493576e-08 -0.95694023 0.2902853 0.022482835 0.61424005
0.011390817 -0.17727289 -0.012058584 -8.493576e-08 -0.95694023 0.2902853 0.04390013 0.56929606
-0.011373636 -0.17727289 -0.012058586 -8.4935756e-08 -0.9569401 0.29028523 0.04390013 0.61424005
-0.011373638 -0.14521089 0.0489601 -8.579431e-08 -0.76028156 0.6495937 0.008209184 0.61424005
0.011390816 -0.16622314 0.024367455 -8.579431e-08 -0.76028156 0.64959365 0.022482833 0.56929606
-0.011373637 -0.16622314 0.024367455 -8.579431e-08 -0.7602815 0.6495938 0.022482835 0.61424005
-0.011373637 -0.12560531 0.06538792 -8.19933e-08 -0.642255 0.76649106 0.7654332 0.94892216
0.0113908155 -0.14521089 0.0489601 -8.199331e-08 -0.64225525 0.7664909 0.7776437 0.9039782
-0.011373638 -0.14521089 0.0489601 -8.1993285e-08 -0.64225495 0.76649106 0.7776437 0.94892216
-0.011373638 -0.121246785 0.07051231 -8.582948e-08 -0.76173306 0.647891 0.5797661 0.94892216
0.011390816 -0.12560533 0.06538792 -8.582948e-08 -0.76173306 0.6478909 0.5827406 0.9039782
-0.011373637 -0.12560531 0.06538792 -8.582948e-08 -0.76173306 0.6478909 0.5827406 0.94892216
-0.011373638 -0.120140925 0.08397716 -7.882252e-08 -0.99664426 0.0818538 0.57180834 0.94892216
0.0113908155 -0.12124679 0.07051231 -7.882252e-08 -0.99664426 0.0818538 0.57976615 0.9039782
-0.011373638 -0.121246785 0.07051231 -7.882252e-08 -0.9966444 0.081853814 0.5797661 0.94892216
-0.011373638 -0.10874066 0.10234797 -8.719807e-08 -0.8496879 0.52728593 0.5610869 0.94892216
0.0113908155 -0.120140925 0.08397716 -8.719807e-08 -0.8496879 0.52728593 0.57180834 0.9039782
-0.011373638 -0.120140925 0.08397716 -8.719807e-08 -0.8496879 0.52728593 0.57180834 0.94892216
-0.011373637 -0.09183213 0.11807142 -8.342244e-08 -0.6809782 0.7323037 0.03665959 0.9371098
0.0113908155 -0.108740665 0.10234797 -8.342245e-08 -0.6809784 0.7323035 0.047249224 0.8921659
-0.011373638 -0.10874066 0.10234797 -8.342244e-08 -0.6809782 0.73230374 0.047249224 0.9371098
-0.011373636 -0.068272576 0.12259258 -5.7156722e-08 -0.18846397 0.98208016 0.022562837 0.9371098
0.011390816 -0.09183213 0.11807142 -5.715676e-08 -0.18846463 0.98208004 0.03665959 0.8921659
-0.011373637 -0.09183213 0.11807142 -5.71567e-08 -0.18846375 0.98208016 0.03665959 0.9371098
-0.011373634 -0.04655739 0.12264815 -4.390448e-08 -0.0025595133 0.9999968 0.009725311 0.9371098
0.011390816 -0.068272576 0.12259258 -4.390448e-08 -0.0025595133 0.9999968 0.022562837 0.8921659
-0.011373636 -0.068272576 0.12259258 -4.390448e-08 -0.002559513 0.9999968 0.022562837 0.9371098
-0.011373622 -0.046557225 -0.14215487 7.5497894e-08 1 6.179741e-07 0.8589386 0.91185313
0.011390832 -0.04655721 -0.16112524 7.5497894e-08 1 6.179741e-07 0.8701734 0.95679706
0.011390831 -0.046557225 -0.14215486 7.5497894e-08 1 6.179741e-07 0.8589386 0.95679706
0.011390826 -0.12243874 -0.14215487 1 -7.5497894e-08 4.3711378e-08 0.705458 0.06924173
0.011390832 -0.04655721 -0.16112524 1 -7.5497894e-08 4.3711378e-08 0.694222 0.11418566
0.011390827 -0.12955862 -0.1597381 1 -7.5497894e-08 4.3711378e-08 0.69504356 0.06502468
-0.011373628 -0.12243874 -0.14215487 -1 7.5497894e-08 -4.3711378e-08 0.77863413 0.57937944
-0.011373621 -0.04655721 -0.16112524 -1 7.5497894e-08 -4.3711378e-08 0.73369014 0.59061545
-0.011373622 -0.046557225 -0.14215487 -1 7.5497894e-08 -4.3711378e-08 0.73369014 0.57937944
0.011390826 -0.12243874 -0.14215487 1 -4.245324e-08 1.6927928e-08 0.705458 0.06924173
0.011390824 -0.15806438 -0.13363706 1 -4.463563e-08 -1.7859312e-08 0.710503 0.04814098
0.011390824 -0.14266148 -0.12256409 1 -4.6916718e-08 -5.42199e-08 0.7170614 0.057263955
-0.011373628 -0.12243874 -0.14215487 -1 5.897557e-08 -3.0319654e-08 0.77863413 0.57937944
-0.01137363 -0.15806438 -0.13363706 -1 6.006676e-08 -1.2926033e-08 0.7997349 0.57433444
-0.011373627 -0.12955862 -0.1597381 -1 5.8135438e-08 -4.371139e-08 0.78285116 0.58979386
0.011390822 -0.15593266 -0.09475784 1 -7.5497894e-08 5.6298752e-08 0.7335308 0.04940357
0.011390824 -0.15806438 -0.13363706 1 -7.54979e-08 7.244923e-08 0.710503 0.04814098
0.011390821 -0.17436635 -0.09923716 1 -7.5497894e-08 4.3711378e-08 0.73087776 0.03848543
-0.011373632 -0.15593266 -0.09475784 -1 6.8735716e-08 -4.3711385e-08 0.7984723 0.5513066
-0.01137363 -0.15806438 -0.13363706 -1 6.557332e-08 -4.3711385e-08 0.7997349 0.57433444
-0.01137363 -0.14266148 -0.12256409 -1 6.243872e-08 -4.371139e-08 0.79061186 0.567776
0.011390822 -0.15593266 -0.09475784 1 -7.5497894e-08 4.71897e-08 0.7335308 0.04940357
0.011390817 -0.17727289 -0.012058584 1 -7.5497894e-08 4.4329507e-08 0.7825129 0.036763992
0.011390818 -0.15846056 -0.014498844 1 -7.5497894e-08 4.3711378e-08 0.78106755 0.047906347
-0.011373632 -0.15593266 -0.09475784 -1 7.5497894e-08 -4.71897e-08 0.7984723 0.5513066
-0.011373636 -0.17727289 -0.012058586 -1 7.5497894e-08 -4.4329507e-08 0.81111187 0.5023245
-0.011373633 -0.17436635 -0.09923716 -1 7.5497894e-08 -4.7683542e-08 0.80939037 0.55395967
0.011390818 -0.14961311 0.015203305 1 -7.5497894e-08 3.0036027e-08 0.79865986 0.053146623
0.011390817 -0.17727289 -0.012058584 1 -7.5497894e-08 5.9425176e-08 0.7825129 0.036763992
0.011390816 -0.16622314 0.024367455 1 -7.549789e-08 7.2674777e-09 0.80408776 0.04330866
-0.011373635 -0.14961311 0.015203305 -1 6.8371996e-08 -5.6209988e-08 0.79472923 0.48617756
-0.011373636 -0.17727289 -0.012058586 -1 7.053625e-08 -7.234292e-08 0.81111187 0.5023245
-0.011373635 -0.15846056 -0.014498845 -1 7.264525e-08 -8.806392e-08 0.7999695 0.5037699
0.011390818 -0.14961311 0.015203305 1 -4.971464e-08 1.0109932e-07 0.79865986 0.053146623
0.0113908155 -0.14521089 0.0489601 1 -4.537899e-08 7.704786e-08 0.81865376 0.05575401
0.011390817 -0.13191824 0.03542604 1 -3.9369578e-08 4.37114e-08 0.8106376 0.06362712
-0.011373635 -0.14961311 0.015203305 -1 6.260626e-08 -4.371139e-08 0.79472923 0.48617756
-0.011373638 -0.14521089 0.0489601 -1 6.0438445e-08 -4.371139e-08 0.79212177 0.4661837
-0.011373637 -0.16622314 0.024367455 -1 6.515377e-08 -4.3711385e-08 0.8045672 0.4807497
0.011390817 -0.13191824 0.03542604 1 -5.7085522e-08 6.449638e-08 0.8106376 0.06362712
0.011390816 -0.12560533 0.06538792 1 -5.7376354e-08 7.510315e-08 0.8283838 0.067366235
0.011390817 -0.11169552 0.05248897 1 -5.7932283e-08 9.5378574e-08 0.82074386 0.07560489
-0.011373636 -0.13191824 0.03542604 -1 3.8673146e-08 -6.449639e-08 0.7842487 0.4741998
-0.011373637 -0.12560531 0.06538792 -1 3.9254807e-08 -7.5103166e-08 0.78050965 0.45645365
-0.011373638 -0.14521089 0.0489601 -1 3.7533333e-08 -4.3711402e-08 0.79212177 0.4661837
0.011390817 -0.11169552 0.05248897 1 -7.549789e-08 -2.1616799e-08 0.82074386 0.07560489
0.0113908155 -0.12124679 0.07051231 1 -7.5497894e-08 3.7153583e-08 0.83141893 0.06994776
0.011390818 -0.10348004 0.06386426 1 -7.549788e-08 -5.6555063e-08 0.8274813 0.08047084
-0.011373636 -0.11169552 0.05248897 -1 7.54979e-08 -6.710802e-08 0.772271 0.4640936
-0.011373638 -0.121246785 0.07051231 -1 7.549791e-08 -1.0646401e-07 0.77792805 0.45341852
-0.011373637 -0.12560531 0.06538792 -1 7.549791e-08 -1.4465391e-07 0.78050965 0.45645365
0.011390817 -0.102216125 0.07776739 1 -7.54979e-08 6.831476e-08 0.835716 0.08121945
0.0113908155 -0.12124679 0.07051231 1 -7.549789e-08 2.3929314e-08 0.83141893 0.06994776
0.0113908155 -0.120140925 0.08397716 1 -7.549788e-08 -5.3506024e-08 0.83939403 0.07060277
-0.011373636 -0.102216125 0.07776739 -1 7.5497894e-08 -4.8698354e-08 0.76665634 0.4491214
-0.011373638 -0.121246785 0.07051231 -1 7.5497894e-08 -5.160418e-08 0.77792805 0.45341852
-0.011373635 -0.10348004 0.06386426 -1 7.5497894e-08 -4.3711378e-08 0.767405 0.4573561
0.011390817 -0.102216125 0.07776739 1 -7.54979e-08 7.8398116e-08 0.835716 0.08121945
0.0113908155 -0.108740665 0.10234797 1 -7.54979e-08 7.998407e-08 0.8502749 0.07735505
0.011390816 -0.094000645 0.09040661 1 -7.5497894e-08 4.3711378e-08 0.8432022 0.08608545
-0.011373636 -0.102216125 0.07776739 -1 7.549789e-08 -9.0246415e-09 0.76665634 0.4491214
-0.011373638 -0.10874066 0.10234797 -1 7.549789e-08 -7.4386852e-09 0.7705208 0.4345625
-0.011373638 -0.120140925 0.08397716 -1 7.549789e-08 2.0625448e-08 0.7772731 0.4454434
0.011390817 -0.083257325 0.10114993 1 -4.7788692e-08 7.7888345e-08 0.8495653 0.092448615
0.0113908155 -0.108740665 0.10234797 1 -4.7786507e-08 7.7753285e-08 0.8502749 0.07735505
0.011390816 -0.09183213 0.11807142 1 -4.8225555e-08 1.04860476e-07 0.8595878 0.08736985
-0.011373636 -0.083257325 0.10114993 -1 7.5497894e-08 -3.8279556e-08 0.75542724 0.4352721
-0.011373638 -0.10874066 0.10234797 -1 7.5497894e-08 -3.7946158e-08 0.7705208 0.4345625
-0.011373637 -0.094000645 0.09040661 -1 7.549788e-08 4.6086516e-08 0.7617904 0.44163528
0.011390817 -0.083257325 0.10114993 1 -4.301537e-08 5.247616e-08 0.8495653 0.092448615
0.011390816 -0.068272576 0.12259258 1 -4.2395524e-08 5.3347048e-08 0.86226565 0.10132399
0.011390818 -0.06682636 0.103677794 1 -3.4688018e-08 6.4176305e-08 0.85106254 0.10218056
-0.011373636 -0.083257325 0.10114993 -1 7.5497894e-08 -4.8093757e-08 0.75542724 0.4352721
-0.011373636 -0.068272576 0.12259258 -1 7.5497894e-08 -4.8529202e-08 0.7465519 0.4225718
-0.011373637 -0.09183213 0.11807142 -1 7.5497894e-08 -4.3711378e-08 0.76050603 0.42524967
0.011390819 -0.046557374 0.103677794 7.5497894e-08 1 6.179741e-07 0.94892216 0.23427747
-0.011373634 -0.04655739 0.12264815 7.5497894e-08 1 6.179741e-07 0.93768746 0.18933348
-0.0113736335 -0.046557374 0.103677794 7.5497894e-08 1 6.179741e-07 0.94892216 0.18933348
0.011390818 -0.06682636 0.103677794 1 -7.5497894e-08 4.3711378e-08 0.85106254 0.10218056
0.011390818 -0.04655739 0.12264815 1 -7.5497894e-08 4.3711378e-08 0.86229855 0.11418566
0.011390819 -0.046557374 0.103677794 1 -7.5497894e-08 4.3711378e-08 0.85106254 0.11418566
-0.011373634 -0.06682636 0.103677794 -1 7.5497894e-08 -4.3711378e-08 0.7456953 0.4337749
-0.011373634 -0.04655739 0.12264815 -1 7.5497894e-08 -4.3711378e-08 0.73369014 0.4225389
-0.011373636 -0.068272576 0.12259258 -1 7.5497894e-08 -4.3711378e-08 0.7465519 0.4225718
-0.011373628 -0.12243874 -0.14215487 -4.3711395e-08 -1.477014e-07 1 0.6299898 0.053155404
0.011390824 -0.14266148 -0.12256409 2.1135833e-08 0.69579536 0.7182401 0.5929207 0.66939795
0.011390822 -0.15593266 -0.09475784 4.930763e-08 0.90248084 0.43072987 0.5929207 0.6528146
0.011390818 -0.15846056 -0.014498844 7.4084426e-08 0.9995044 0.03148097 0.5929207 0.6052611
0.011390818 -0.14961311 0.015203305 8.483468e-08 0.9583858 -0.28547606 0.5929207 0.58774775
0.011390817 -0.13191824 0.03542604 8.560213e-08 0.75257707 -0.6585042 0.5929207 0.5759255
0.011390817 -0.11169552 0.05248897 8.209466e-08 0.6448712 -0.76429135 0.7356902 0.9489221
0.011390818 -0.10348004 0.06386426 8.67972e-08 0.81067944 -0.58549035 0.53866976 0.9489221
0.011390817 -0.102216125 0.07776739 7.914529e-08 0.99589324 -0.09053519 0.53044695 0.9489221
0.011390816 -0.094000645 0.09040661 8.712295e-08 0.83844405 -0.5449878 0.5230333 0.9489221
0.011390816 -0.094000645 0.09040661 8.4293724e-08 0.70710725 -0.7071063 0.42721182 0.9489221
0.011390818 -0.06682636 0.103677794 5.468311e-08 0.15205748 -0.9883717 0.4107776 0.9489221
0.011390819 -0.046557374 0.103677794 4.3711395e-08 1.477014e-07 -1 0.39878473 0.9489221
-0.011373627 -0.12955862 -0.1597381 4.244372e-08 -0.016709914 -0.9998604 0.78979254 0.3761696
0.011390824 -0.15806438 -0.13363706 -1.8746304e-08 -0.67531365 -0.7375306 0.8347365 0.3600027
0.011390821 -0.17436635 -0.09923716 -4.9505648e-08 -0.9036637 -0.4282427 0.09556132 0.56929606
0.011390817 -0.17727289 -0.012058584 -7.399947e-08 -0.9994448 -0.033321407 0.04390013 0.56929606
0.011390816 -0.16622314 0.024367455 -8.4935756e-08 -0.9569401 0.29028523 0.022482833 0.56929606
0.0113908155 -0.14521089 0.0489601 -8.579431e-08 -0.7602816 0.6495936 0.008209182 0.56929606
0.011390816 -0.12560533 0.06538792 -8.1993306e-08 -0.64225537 0.7664907 0.7654332 0.9039782
0.0113908155 -0.12124679 0.07051231 -8.582948e-08 -0.76173306 0.6478909 0.57976615 0.9039782
0.0113908155 -0.120140925 0.08397716 -7.882252e-08 -0.9966444 0.0818538 0.57180834 0.9039782
0.0113908155 -0.108740665 0.10234797 -8.719807e-08 -0.8496879 0.52728593 0.5610869 0.9039782
0.011390816 -0.09183213 0.11807142 -8.342245e-08 -0.6809784 0.73230344 0.03665959 0.8921659
0.011390816 -0.068272576 0.12259258 -5.7156775e-08 -0.18846484 0.9820799 0.022562837 0.8921659
0.011390818 -0.04655739 0.12264815 -4.390448e-08 -0.0025595133 0.9999968 0.009725311 0.8921659
-0.011373621 -0.04655721 -0.16112524 7.5497894e-08 1 6.179741e-07 0.8701734 0.91185313
0.011390831 -0.046557225 -0.14215486 1 -7.5497894e-08 4.3711378e-08 0.705458 0.11418566
-0.011373627 -0.12955862 -0.1597381 -1 7.5497894e-08 -4.3711378e-08 0.78285116 0.58979386
0.011390827 -0.12955862 -0.1597381 1 -4.0772974e-08 4.37114e-08 0.69504356 0.06502468
-0.01137363 -0.14266148 -0.12256409 -1 6.120731e-08 5.254258e-09 0.79061186 0.567776
0.011390824 -0.14266148 -0.12256409 1 -7.54979e-08 8.845777e-08 0.7170614 0.057263955
-0.011373633 -0.17436635 -0.09923716 -1 7.120042e-08 -4.3711385e-08 0.80939037 0.55395967
0.011390821 -0.17436635 -0.09923716 1 -7.5497894e-08 4.7683542e-08 0.73087776 0.03848543
-0.011373635 -0.15846056 -0.014498845 -1 7.5497894e-08 -4.3711378e-08 0.7999695 0.5037699
0.011390818 -0.15846056 -0.014498844 1 -7.54979e-08 8.806392e-08 0.78106755 0.047906347
-0.011373637 -0.16622314 0.024367455 -1 6.6695286e-08 -4.3711385e-08 0.8045672 0.4807497
0.011390816 -0.16622314 0.024367455 1 -5.480966e-08 1.2936334e-07 0.80408776 0.04330866
-0.011373636 -0.13191824 0.03542604 -1 5.7433738e-08 -4.371139e-08 0.7842487 0.4741998
0.0113908155 -0.14521089 0.0489601 1 -5.6515617e-08 4.371139e-08 0.81865376 0.05575401
-0.011373636 -0.11169552 0.05248897 -1 4.036667e-08 -9.5378574e-08 0.772271 0.4640936
0.011390816 -0.12560533 0.06538792 1 -7.54979e-08 9.418264e-08 0.8283838 0.067366235
-0.011373635 -0.10348004 0.06386426 -1 7.5497894e-08 -4.3711378e-08 0.767405 0.4573561
0.011390818 -0.10348004 0.06386426 1 -7.549791e-08 1.4448926e-07 0.8274813 0.08047084
-0.011373638 -0.120140925 0.08397716 -1 7.5497894e-08 -5.66737e-08 0.7772731 0.4454434
0.0113908155 -0.120140925 0.08397716 1 -7.549791e-08 1.0804821e-07 0.83939403 0.07060277
-0.011373637 -0.094000645 0.09040661 -1 7.5497894e-08 -4.3711378e-08 0.7617904 0.44163528
0.011390816 -0.094000645 0.09040661 1 -4.723514e-08 4.3711392e-08 0.8432022 0.08608545
-0.011373637 -0.09183213 0.11807142 -1 7.549791e-08 -1.04860455e-07 0.76050603 0.42524967
0.011390816 -0.09183213 0.11807142 1 -4.925351e-08 4.3711392e-08 0.8595878 0.08736985
-0.011373634 -0.06682636 0.103677794 -1 7.5497894e-08 -5.3943825e-08 0.7456953 0.4337749
0.011390818 -0.04655739 0.12264815 7.5497894e-08 1 6.179741e-07 0.9376874 0.23427747
0.011390816 -0.068272576 0.12259258 1 -7.5497894e-08 4.3711378e-08 0.86226565 0.10132399
-0.0113736335 -0.046557374 0.103677794 -1 7.5497894e-08 -4.3711378e-08 0.73369014 0.4337749
0.06425019 0.20787483 -2.6914086 0.9974072 0.071964815 8.807048e-08 0.36987787 0.9039782
0.06301581 0.2249829 -2.6452436 0.9974072 0.071964815 8.807048e-08 0.3741985 0.9489222
0.06425019 0.2078748 -2.6452436 0.9974072 0.07196482 8.807048e-08 0.36987787 0.9489222
0.06301581 0.22498293 -2.6914086 0.97618693 0.21693087 1.7672816e-07 0.3741985 0.9039782
0.05936011 0.24143356 -2.6452436 0.976187 0.2169308 1.7672812e-07 0.37826845 0.9489222
0.06301581 0.2249829 -2.6452436 0.97618705 0.2169308 1.7672812e-07 0.3741985 0.9489222
0.05936011 0.24143359 -2.6914086 0.93115985 0.3646113 2.6602265e-07 0.37826845 0.9039782
0.05342356 0.25659457 -2.6452436 0.93115985 0.3646113 2.6602265e-07 0.3819313 0.9489222
0.05936011 0.24143356 -2.6452436 0.93115985 0.36461127 2.6602262e-07 0.37826845 0.9489222
0.05342356 0.2565946 -2.6914086 0.8570371 0.5152546 3.5587635e-07 0.25777438 0.9039781
0.04543431 0.2698833 -2.6452436 0.85703695 0.5152549 3.5587644e-07 0.2608894 0.9489221
0.05342356 0.25659457 -2.6452436 0.85703695 0.5152549 3.5587647e-07 0.25777438 0.9489221
0.04543431 0.26988333 -2.6914086 0.74601865 0.6659252 4.44134e-07 0.2608894 0.9039781
0.035699382 0.28078908 -2.6452436 0.74601865 0.6659252 4.44134e-07 0.2645523 0.9489221
0.04543431 0.2698833 -2.6452436 0.7460185 0.6659252 4.44134e-07 0.2608894 0.9489221
0.035699382 0.2807891 -2.6914086 0.5894207 0.80782634 5.249801e-07 0.2645523 0.9039781
0.02459288 0.2888928 -2.6452436 0.58942103 0.80782604 5.249799e-07 0.2686222 0.9489221
0.035699382 0.28078908 -2.6452436 0.5894211 0.8078259 5.249799e-07 0.2645523 0.9489221
0.024592884 0.28889284 -2.6914086 0.3825826 0.9239212 5.8768256e-07 0.2686222 0.9039781
0.01254163 0.29388306 -2.6452436 0.3825826 0.9239212 5.8768256e-07 0.27294284 0.9489221
0.02459288 0.2888928 -2.6452436 0.38258258 0.9239212 5.8768256e-07 0.2686222 0.9489221
0.012541632 0.2938831 -2.6914086 0.13324772 0.9910827 6.1828786e-07 0.27294284 0.9039781
8.737298e-06 0.29556805 -2.6452436 0.13324772 0.9910827 6.1828786e-07 0.27734813 0.9489221
0.01254163 0.29388306 -2.6452436 0.13324772 0.9910827 6.1828786e-07 0.27294284 0.9489221
8.739316e-06 0.2955681 -2.6914086 -0.13324766 0.9910827 6.0663893e-07 0.27734813 0.9039781
-0.012524147 0.29388306 -2.6452436 -0.13324766 0.9910827 6.0663893e-07 0.28166875 0.9489221
8.737298e-06 0.29556805 -2.6452436 -0.13324764 0.9910827 6.0663893e-07 0.27734813 0.9489221
-0.012524145 0.2938831 -2.6914086 -0.3825818 0.9239216 5.542364e-07 0.28166875 0.9039781
-0.024575403 0.2888928 -2.6452436 -0.3825824 0.92392135 5.5423624e-07 0.2857387 0.9489221
-0.012524147 0.29388306 -2.6452436 -0.38258246 0.92392135 5.542362e-07 0.28166875 0.9489221
-0.0245754 0.28889284 -2.6914086 -0.58942056 0.8078264 4.734513e-07 0.2857387 0.9039781
-0.0356819 0.28078908 -2.6452436 -0.589421 0.8078261 4.7345114e-07 0.28940156 0.9489221
-0.024575403 0.2888928 -2.6452436 -0.589421 0.8078261 4.734511e-07 0.2857387 0.9489221
-0.0356819 0.28078914 -2.6914086 -0.7460183 0.6659255 3.789151e-07 0.30502364 0.90397817
-0.045416832 0.2698833 -2.6452436 -0.7460185 0.66592515 3.789149e-07 0.3086865 0.94892216
-0.0356819 0.28078908 -2.6452436 -0.74601865 0.6659252 3.7891493e-07 0.30502364 0.94892216
-0.045416832 0.26988333 -2.6914086 -0.85703695 0.51525486 2.8095184e-07 0.3086865 0.90397817
-0.053406086 0.25659457 -2.6452436 -0.85703695 0.51525486 2.8095184e-07 0.31275645 0.94892216
-0.045416832 0.2698833 -2.6452436 -0.85703695 0.5152549 2.8095187e-07 0.3086865 0.94892216
-0.053406086 0.2565946 -2.6914086 -0.93115973 0.3646114 1.8461806e-07 0.31275645 0.90397817
-0.05934263 0.24143358 -2.6452436 -0.9311598 0.3646113 1.84618e-07 0.3170771 0.94892216
-0.053406086 0.25659457 -2.6452436 -0.9311599 0.36461127 1.8461799e-07 0.31275645 0.94892216
-0.05934263 0.2414336 -2.6914086 -0.97618693 0.21693113 9.138729e-08 0.3170771 0.90397817
-0.06299835 0.22498292 -2.6452436 -0.97618693 0.21693118 9.138732e-08 0.32148236 0.94892216
-0.05934263 0.24143358 -2.6452436 -0.97618693 0.21693118 9.138732e-08 0.3170771 0.94892216
-0.06299835 0.22498295 -2.6914086 -0.99740714 0.07196472 8.7423785e-10 0.32148236 0.90397817
-0.06423273 0.2078748 -2.6452436 -0.99740714 0.07196472 8.7423785e-10 0.325803 0.94892216
-0.06299835 0.22498292 -2.6452436 -0.99740714 0.071964726 8.742415e-10 0.32148236 0.94892216
-0.06423273 0.20787483 -2.6914086 -0.99740714 -0.07196465 -8.807037e-08 0.325803 0.90397817
-0.06299835 0.1907667 -2.6452436 -0.99740714 -0.07196465 -8.807037e-08 0.3298729 0.94892216
-0.06423273 0.2078748 -2.6452436 -0.9974072 -0.07196465 -8.807038e-08 0.325803 0.94892216
-0.06299835 0.19076674 -2.6914086 -0.97618693 -0.21693103 -1.7672828e-07 0.3298729 0.90397817
-0.059342638 0.17431605 -2.6452436 -0.97618693 -0.21693097 -1.7672825e-07 0.33353582 0.94892216
-0.06299835 0.1907667 -2.6452436 -0.97618693 -0.21693097 -1.7672825e-07 0.3298729 0.94892216
-0.059342638 0.17431608 -2.6914086 -0.93115973 -0.36461136 -2.6602268e-07 0.33353582 0.90397817
-0.053406086 0.15915504 -2.6452436 -0.93115985 -0.3646113 -2.6602265e-07 0.33665082 0.94892216
-0.059342638 0.17431605 -2.6452436 -0.93115985 -0.36461127 -2.6602262e-07 0.33353582 0.94892216
-0.053406086 0.15915507 -2.6914086 -0.85703725 -0.51525456 -3.5587627e-07 0.9023677 0.7543556
-0.045416843 0.14586632 -2.6452436 -0.857037 -0.5152548 -3.5587638e-07 0.90548265 0.79929954
-0.053406086 0.15915504 -2.6452436 -0.857037 -0.5152548 -3.5587638e-07 0.9023677 0.79929954
-0.045416843 0.14586635 -2.6914086 -0.74601877 -0.6659249 -4.441339e-07 0.90548265 0.7543556
-0.035681926 0.13496053 -2.6452436 -0.7460185 -0.66592526 -4.4413406e-07 0.90914553 0.79929954
-0.045416843 0.14586632 -2.6452436 -0.74601847 -0.6659253 -4.441341e-07 0.90548265 0.79929954
-0.035681926 0.13496056 -2.6914086 -0.58942145 -0.8078256 -5.249797e-07 0.90914553 0.7543556
-0.024575425 0.1268568 -2.6452436 -0.58942103 -0.80782604 -5.249799e-07 0.91321546 0.79929954
-0.035681926 0.13496053 -2.6452436 -0.589421 -0.80782604 -5.249799e-07 0.90914553 0.79929954
-0.024575422 0.12685683 -2.6914086 -0.38258237 -0.92392135 -5.876826e-07 0.91321546 0.7543556
-0.012524164 0.12186655 -2.6452436 -0.38258237 -0.92392135 -5.876826e-07 0.91753614 0.79929954
-0.024575425 0.1268568 -2.6452436 -0.38258234 -0.92392135 -5.876826e-07 0.91321546 0.79929954
-0.012524162 0.12186658 -2.6914086 -0.13324772 -0.9910827 -6.1828786e-07 0.91753614 0.7543556
8.727631e-06 0.120181546 -2.6452436 -0.13324772 -0.9910827 -6.1828786e-07 0.9219414 0.79929954
-0.012524164 0.12186655 -2.6452436 -0.13324772 -0.9910827 -6.1828786e-07 0.91753614 0.79929954
8.7296485e-06 0.120181575 -2.6914086 0.13324757 -0.9910827 -6.0663893e-07 0.9219414 0.7543556
0.012541621 0.12186655 -2.6452436 0.13324757 -0.9910827 -6.0663893e-07 0.926262 0.79929954
8.727631e-06 0.120181546 -2.6452436 0.13324757 -0.9910827 -6.0663893e-07 0.9219414 0.79929954
0.012541623 0.12186658 -2.6914086 0.3825829 -0.92392117 -5.5423607e-07 0.926262 0.7543556
0.02459288 0.1268568 -2.6452436 0.38258228 -0.9239214 -5.5423624e-07 0.930332 0.79929954
0.012541621 0.12186655 -2.6452436 0.3825822 -0.9239214 -5.5423624e-07 0.926262 0.79929954
0.024592884 0.12685683 -2.6914086 0.5894207 -0.8078262 -4.7345117e-07 0.930332 0.7543556
0.035699364 0.13496052 -2.6452436 0.5894207 -0.8078262 -4.7345117e-07 0.9339948 0.79929954
0.02459288 0.1268568 -2.6452436 0.5894206 -0.8078262 -4.7345117e-07 0.930332 0.79929954
0.035699364 0.13496055 -2.6914086 0.74601805 -0.6659256 -3.7891522e-07 0.9339948 0.7543556
0.0454343 0.14586629 -2.6452436 0.74601805 -0.6659256 -3.7891522e-07 0.9371098 0.79929954
0.035699364 0.13496052 -2.6452436 0.74601805 -0.6659256 -3.7891522e-07 0.9339948 0.79929954
0.0454343 0.14586632 -2.6914086 0.85703695 -0.51525486 -2.8095184e-07 0.35341915 0.9039782
0.053423554 0.15915503 -2.6452436 0.85703695 -0.51525486 -2.8095184e-07 0.35708204 0.9489222
0.0454343 0.14586629 -2.6452436 0.85703695 -0.5152549 -2.8095187e-07 0.35341915 0.9489222
0.053423554 0.15915506 -2.6914086 0.93115973 -0.3646114 -1.8461806e-07 0.35708204 0.9039782
0.059360106 0.17431605 -2.6452436 0.93115973 -0.3646115 -1.8461813e-07 0.36115193 0.9489222
0.053423554 0.15915503 -2.6452436 0.93115973 -0.36461154 -1.8461814e-07 0.35708204 0.9489222
-0.059342638 0.17431608 -2.6914086 4.3711385e-08 1.3760135e-07 -1 0.8716683 0.8490705
-0.0245754 0.28889284 -2.6914086 4.371138e-08 9.4879766e-08 -1 0.89182943 0.87363696
0.05936011 0.24143359 -2.6914086 4.371139e-08 1.7575124e-07 -1 0.867263 0.89379805
0.059360106 0.17431608 -2.6914086 0.976187 -0.21693091 -9.138716e-08 0.36115193 0.9039782
0.06301581 0.1907667 -2.6452436 0.976187 -0.21693094 -9.138716e-08 0.36547258 0.9489222
0.059360106 0.17431605 -2.6452436 0.976187 -0.21693094 -9.138716e-08 0.36115193 0.9489222
0.06301581 0.19076674 -2.6914086 0.99740714 -0.071964785 -8.7428176e-10 0.36547258 0.9039782
0.06425019 0.2078748 -2.6452436 0.99740714 -0.071964785 -8.7428176e-10 0.36987787 0.9489222
0.06301581 0.1907667 -2.6452436 0.9974072 -0.071964785 -8.7428187e-10 0.36547258 0.9489222
-0.06299835 0.22498292 -2.6452436 -4.3711385e-08 -1.5780141e-07 1 0.8896278 0.36582106
-0.012524164 0.12186655 -2.6452436 -4.3711385e-08 -1.2190104e-07 1 0.8927428 0.39744824
0.06301581 0.1907667 -2.6452436 -4.3711385e-08 -1.4770139e-07 1 0.8611157 0.4005632
0.06301581 0.22498293 -2.6914086 0.9974072 0.07196482 8.807048e-08 0.3741985 0.9039782
0.05936011 0.24143359 -2.6914086 0.976187 0.21693087 1.7672816e-07 0.37826845 0.9039782
0.05342356 0.2565946 -2.6914086 0.93115985 0.36461127 2.6602262e-07 0.3819313 0.9039782
0.04543431 0.26988333 -2.6914086 0.85703725 0.5152546 3.558763e-07 0.2608894 0.9039781
0.035699382 0.2807891 -2.6914086 0.7460185 0.6659252 4.44134e-07 0.2645523 0.9039781
0.024592884 0.28889284 -2.6914086 0.58942056 0.80782634 5.249801e-07 0.2686222 0.9039781
0.012541632 0.2938831 -2.6914086 0.38258258 0.9239212 5.8768256e-07 0.27294284 0.9039781
8.739316e-06 0.2955681 -2.6914086 0.13324772 0.9910827 6.1828786e-07 0.27734813 0.9039781
-0.012524145 0.2938831 -2.6914086 -0.13324764 0.9910827 6.0663893e-07 0.28166875 0.9039781
-0.0245754 0.28889284 -2.6914086 -0.3825818 0.92392164 5.5423646e-07 0.2857387 0.9039781
-0.0356819 0.28078914 -2.6914086 -0.5894205 0.80782646 4.7345134e-07 0.28940156 0.9039781
-0.045416832 0.26988333 -2.6914086 -0.7460182 0.6659255 3.7891516e-07 0.3086865 0.90397817
-0.053406086 0.2565946 -2.6914086 -0.85703695 0.5152549 2.8095187e-07 0.31275645 0.90397817
-0.05934263 0.2414336 -2.6914086 -0.93115973 0.3646114 1.8461807e-07 0.3170771 0.90397817
-0.06299835 0.22498295 -2.6914086 -0.97618693 0.21693113 9.138729e-08 0.32148236 0.90397817
-0.06423273 0.20787483 -2.6914086 -0.99740714 0.071964726 8.742415e-10 0.325803 0.90397817
-0.06299835 0.19076674 -2.6914086 -0.9974072 -0.07196465 -8.807038e-08 0.3298729 0.90397817
-0.059342638 0.17431608 -2.6914086 -0.97618693 -0.21693103 -1.7672828e-07 0.33353582 0.90397817
-0.053406086 0.15915507 -2.6914086 -0.93115973 -0.3646114 -2.6602268e-07 0.33665082 0.90397817
-0.045416843 0.14586635 -2.6914086 -0.8570373 -0.51525456 -3.5587627e-07 0.90548265 0.7543556
-0.035681926 0.13496056 -2.6914086 -0.74601877 -0.66592485 -4.4413386e-07 0.90914553 0.7543556
-0.024575422 0.12685683 -2.6914086 -0.5894215 -0.8078256 -5.249797e-07 0.91321546 0.7543556
-0.012524162 0.12186658 -2.6914086 -0.38258234 -0.92392135 -5.876826e-07 0.91753614 0.7543556
8.7296485e-06 0.120181575 -2.6914086 -0.13324772 -0.9910827 -6.1828786e-07 0.9219414 0.7543556
0.012541623 0.12186658 -2.6914086 0.13324757 -0.9910827 -6.0663893e-07 0.926262 0.7543556
0.024592884 0.12685683 -2.6914086 0.3825829 -0.92392117 -5.5423607e-07 0.930332 0.7543556
0.035699364 0.13496055 -2.6914086 0.5894206 -0.8078262 -4.7345117e-07 0.9339948 0.7543556
0.0454343 0.14586632 -2.6914086 0.74601805 -0.6659256 -3.7891522e-07 0.9371098 0.7543556
0.053423554 0.15915506 -2.6914086 0.85703695 -0.5152549 -2.8095187e-07 0.35708204 0.9039782
0.059360106 0.17431608 -2.6914086 0.93115973 -0.36461136 -1.8461805e-07 0.36115193 0.9039782
0.06301581 0.22498293 -2.6914086 4.3711385e-08 1.4770139e-07 -1 0.8629424 0.8929386
0.06425019 0.20787483 -2.6914086 4.3711385e-08 1.4770139e-07 -1 0.8588724 0.8912528
0.06301581 0.19076674 -2.6914086 4.3711385e-08 1.4770139e-07 -1 0.8552096 0.8888054
0.059360106 0.17431608 -2.6914086 4.371139e-08 1.9035657e-07 -1 0.85209453 0.8856904
0.053423554 0.15915506 -2.6914086 4.3711385e-08 1.4770139e-07 -1 0.8496471 0.8820275
0.0454343 0.14586632 -2.6914086 4.3711367e-08 -1.036438e-07 -1 0.84796137 0.8779576
0.035699364 0.13496055 -2.6914086 4.3711385e-08 1.4770139e-07 -1 0.84710187 0.87363696
0.024592884 0.12685683 -2.6914086 4.3711385e-08 1.1283028e-07 -1 0.84710187 0.86923164
0.012541623 0.12186658 -2.6914086 4.3711307e-08 -8.986254e-07 -1 0.84796137 0.864911
8.7296485e-06 0.120181575 -2.6914086 4.3711402e-08 3.9904657e-07 -1 0.8496471 0.8608411
-0.012524162 0.12186658 -2.6914086 4.3711463e-08 1.1940306e-06 -1 0.85209453 0.8571782
-0.024575422 0.12685683 -2.6914086 4.3711385e-08 1.3991742e-07 -1 0.8552095 0.8540632
-0.035681926 0.13496056 -2.6914086 4.3711385e-08 1.4770139e-07 -1 0.8588724 0.8516158
-0.045416843 0.14586635 -2.6914086 4.3711385e-08 1.4770139e-07 -1 0.86294234 0.8499299
-0.053406086 0.15915507 -2.6914086 4.3711385e-08 1.4770139e-07 -1 0.86726296 0.8490705
-0.06299835 0.19076674 -2.6914086 4.3711385e-08 1.4770139e-07 -1 0.8759889 0.8499299
-0.06423273 0.20787483 -2.6914086 4.3711385e-08 1.4770139e-07 -1 0.8800588 0.8516158
-0.06299835 0.22498295 -2.6914086 4.3711385e-08 1.4770139e-07 -1 0.88372177 0.8540632
-0.05934263 0.2414336 -2.6914086 4.3711385e-08 1.4770139e-07 -1 0.88683677 0.8571782
-0.053406086 0.2565946 -2.6914086 4.3711385e-08 1.4770139e-07 -1 0.88928413 0.8608411
-0.045416832 0.26988333 -2.6914086 4.3711385e-08 1.4770139e-07 -1 0.89097 0.864911
-0.0356819 0.28078914 -2.6914086 4.3711385e-08 1.4770139e-07 -1 0.89182943 0.86923164
-0.012524145 0.2938831 -2.6914086 4.3711307e-08 -8.9863016e-07 -1 0.89097 0.8779576
8.739316e-06 0.2955681 -2.6914086 4.3711367e-08 -1.036442e-07 -1 0.88928413 0.8820275
0.012541632 0.2938831 -2.6914086 4.3711463e-08 1.1940296e-06 -1 0.8868367 0.8856904
0.024592884 0.28889284 -2.6914086 4.371139e-08 1.825723e-07 -1 0.8837217 0.8888054
0.035699382 0.2807891 -2.6914086 4.3711385e-08 1.4770139e-07 -1 0.8800589 0.8912528
0.04543431 0.26988333 -2.6914086 4.3711402e-08 3.9904674e-07 -1 0.87598896 0.8929386
0.05342356 0.2565946 -2.6914086 4.3711385e-08 1.4770139e-07 -1 0.87166834 0.89379805
0.06301581 0.19076674 -2.6914086 0.976187 -0.2169309 -9.138714e-08 0.36547258 0.9039782
0.06425019 0.20787483 -2.6914086 0.9974072 -0.071964785 -8.7428187e-10 0.36987787 0.9039782
0.06425019 0.2078748 -2.6452436 -4.3711385e-08 -1.4770139e-07 1 0.85800064 0.3974482
0.06301581 0.2249829 -2.6452436 -4.3711385e-08 -1.4770139e-07 1 0.8555532 0.39378536
0.05936011 0.24143356 -2.6452436 -4.3711385e-08 -1.4770139e-07 1 0.85386735 0.38971543
0.05342356 0.25659457 -2.6452436 -4.3711385e-08 -1.4770139e-07 1 0.8530079 0.3853948
0.04543431 0.2698833 -2.6452436 -4.3711385e-08 -1.4770139e-07 1 0.8530079 0.38098952
0.035699382 0.28078908 -2.6452436 -4.3711385e-08 -1.4770139e-07 1 0.85386735 0.37666887
0.02459288 0.2888928 -2.6452436 -4.3711385e-08 -1.4770139e-07 1 0.8555532 0.37259892
0.01254163 0.29388306 -2.6452436 -4.3711385e-08 -1.4770139e-07 1 0.85800064 0.3689361
8.737298e-06 0.29556805 -2.6452436 -4.3711385e-08 -1.4770139e-07 1 0.86111563 0.36582106
-0.012524147 0.29388306 -2.6452436 -4.3711385e-08 -1.4770139e-07 1 0.8647785 0.36337364
-0.024575403 0.2888928 -2.6452436 -4.3711385e-08 -1.4770139e-07 1 0.86884844 0.3616878
-0.0356819 0.28078908 -2.6452436 -4.3711385e-08 -1.4770139e-07 1 0.87316906 0.36082837
-0.045416832 0.2698833 -2.6452436 -4.3711385e-08 -1.4770139e-07 1 0.8775744 0.36082837
-0.053406086 0.25659457 -2.6452436 -4.3711385e-08 -1.4770139e-07 1 0.881895 0.3616878
-0.05934263 0.24143358 -2.6452436 -4.3711385e-08 -1.4770139e-07 1 0.88596493 0.36337364
-0.06423273 0.2078748 -2.6452436 -4.3711385e-08 -1.4770139e-07 1 0.8927428 0.3689361
-0.06299835 0.1907667 -2.6452436 -4.3711385e-08 -1.4770139e-07 1 0.89519024 0.37259895
-0.059342638 0.17431605 -2.6452436 -4.3711385e-08 -1.4770139e-07 1 0.89687604 0.3766689
-0.053406086 0.15915504 -2.6452436 -4.371139e-08 -1.9035652e-07 1 0.8977355 0.38098952
-0.045416843 0.14586632 -2.6452436 -4.3711385e-08 -1.4770139e-07 1 0.8977355 0.38539478
-0.035681926 0.13496053 -2.6452436 -4.3711367e-08 1.03644304e-07 1 0.89687604 0.38971543
-0.024575425 0.1268568 -2.6452436 -4.3711385e-08 -1.4770139e-07 1 0.89519024 0.3937854
8.727631e-06 0.120181546 -2.6452436 -4.3711385e-08 -1.4770139e-07 1 0.8896278 0.40056324
0.012541621 0.12186655 -2.6452436 -4.3711367e-08 1.0364424e-07 1 0.88596493 0.4030107
0.02459288 0.1268568 -2.6452436 -4.3711385e-08 -1.4770139e-07 1 0.881895 0.40469652
0.035699364 0.13496052 -2.6452436 -4.3711385e-08 -1.297512e-07 1 0.8775744 0.4055559
0.0454343 0.14586629 -2.6452436 -4.3711385e-08 -1.4770139e-07 1 0.8731691 0.4055559
0.053423554 0.15915503 -2.6452436 -4.3711385e-08 -1.4770139e-07 1 0.86884844 0.40469652
0.059360106 0.17431605 -2.6452436 -4.3711385e-08 -1.4770139e-07 1 0.86477846 0.4030107
0.061203394 0.19821112 -1.8319364 0.9982112 0.059784587 5.5363124e-08 0.65842843 0.50388134
0.06002752 0.21784367 -1.0203401 0.9982112 0.059784576 6.199994e-08 0.66274905 0.6851139
0.061203357 0.19821091 -1.0203401 0.9982112 0.059784584 6.2105876e-08 0.65842843 0.6851139
0.06002756 0.21784386 -1.8319364 0.9834091 0.18140179 9.5565504e-08 0.66274905 0.50388134
0.05654519 0.23672193 -1.0203401 0.9834091 0.18140183 8.738763e-08 0.6671543 0.6851139
0.06002752 0.21784367 -1.0203401 0.9834091 0.18140185 8.7257106e-08 0.66274905 0.6851139
0.056545228 0.23672214 -1.8319364 0.9510253 0.3091129 1.1993909e-07 0.6671543 0.50388134
0.050890192 0.25412026 -1.0203401 0.95102537 0.30911288 1.2464635e-07 0.671475 0.6851139
0.05654519 0.23672193 -1.0203401 0.95102537 0.30911288 1.2472148e-07 0.6671543 0.6851139
0.05089023 0.25412044 -1.8319364 0.894768 0.44653141 1.522117e-07 0.671475 0.50388134
0.043279853 0.26937 -1.0203401 0.8947679 0.44653156 1.5057344e-07 0.6755449 0.6851139
0.050890192 0.25412026 -1.0203401 0.8947679 0.44653153 1.5054728e-07 0.671475 0.6851139
0.04327989 0.2693702 -1.8319364 0.8034727 0.5953418 1.8675605e-07 0.6755449 0.50388134
0.03400662 0.28188515 -1.0203401 0.80347276 0.5953415 1.8284135e-07 0.67920774 0.6851139
0.043279853 0.26937 -1.0203401 0.80347276 0.59534156 1.827789e-07 0.6755449 0.6851139
0.03400666 0.28188536 -1.8319364 0.6602042 0.7510861 2.1672051e-07 0.47914255 0.009733126
0.023426864 0.29118472 -1.0203401 0.6602043 0.7510861 2.1678476e-07 0.4832125 0.19096565
0.03400662 0.28188515 -1.0203401 0.66020435 0.75108606 2.1678575e-07 0.47914255 0.19096565
0.023426902 0.29118493 -1.8319364 0.44639108 0.89483804 2.430007e-07 0.4832125 0.009733126
0.011947166 0.2969114 -1.0203401 0.44639108 0.89483804 2.4312212e-07 0.48753315 0.19096565
0.023426864 0.29118472 -1.0203401 0.4463911 0.894838 2.4312405e-07 0.4832125 0.19096565
0.011947202 0.2969116 -1.8319364 0.15988487 0.9871357 2.5357167e-07 0.48753315 0.009733126
8.668323e-06 0.29884505 -1.0203401 0.15988487 0.9871357 2.5371324e-07 0.49193844 0.19096565
0.011947166 0.2969114 -1.0203401 0.1598849 0.9871357 2.537155e-07 0.48753315 0.19096565
8.703799e-06 0.29884526 -1.8319364 -0.15988483 0.9871357 2.395811e-07 0.49193844 0.009733126
-0.011929821 0.2969114 -1.0203401 -0.15988483 0.9871357 2.397354e-07 0.49625906 0.19096565
8.668323e-06 0.29884505 -1.0203401 -0.15988483 0.9871357 2.397379e-07 0.49193844 0.19096565
-0.011929786 0.2969116 -1.8319364 -0.44639093 0.8948381 2.0417107e-07 0.49625906 0.009733126
-0.023409525 0.29118472 -1.0203401 -0.44639093 0.8948381 2.0410049e-07 0.500329 0.19096565
-0.011929821 0.2969114 -1.0203401 -0.44639093 0.894838 2.0409932e-07 0.49625906 0.19096565
-0.023409488 0.29118493 -1.8319364 -0.66020405 0.75108635 1.5862247e-07 0.500329 0.009733126
-0.03398928 0.28188515 -1.0203401 -0.66020364 0.7510867 1.5906198e-07 0.5039919 0.19096565
-0.023409525 0.29118472 -1.0203401 -0.66020364 0.7510867 1.59069e-07 0.500329 0.19096565
-0.033989243 0.28188536 -1.8319364 -0.8034726 0.5953416 1.1082813e-07 0.69583404 0.47631928
-0.043262515 0.26937 -1.0203401 -0.8034725 0.59534186 1.1965521e-07 0.6994969 0.6575518
-0.03398928 0.28188515 -1.0203401 -0.8034725 0.5953419 1.1979611e-07 0.69583404 0.6575518
-0.043262478 0.2693702 -1.8319364 -0.8947679 0.44653168 7.0926056e-08 0.6994969 0.47631928
-0.050872866 0.25412026 -1.0203401 -0.89476794 0.44653153 7.230221e-08 0.70356685 0.6575518
-0.043262515 0.26937 -1.0203401 -0.89476794 0.44653153 7.232417e-08 0.6994969 0.6575518
-0.05087283 0.25412044 -1.8319364 -0.9510253 0.309113 3.2861912e-08 0.70356685 0.47631928
-0.05652786 0.23672195 -1.0203401 -0.9510253 0.30911294 4.1443226e-08 0.70788753 0.6575518
-0.050872866 0.25412026 -1.0203401 -0.95102537 0.30911297 4.1580194e-08 0.70356685 0.6575518
-0.056527823 0.23672214 -1.8319364 -0.98340905 0.18140212 -3.222461e-09 0.70788753 0.47631928
-0.060010195 0.21784367 -1.0203401 -0.9834089 0.1814021 1.2808821e-08 0.7122928 0.6575518
-0.05652786 0.23672195 -1.0203401 -0.983409 0.1814021 1.306469e-08 0.70788753 0.6575518
-0.060010158 0.21784388 -1.8319364 -0.9982112 0.059784554 -2.5338409e-08 0.7122928 0.47631928
-0.061186034 0.19821091 -1.0203401 -0.9982112 0.059784535 -3.648043e-08 0.7166134 0.6575518
-0.060010195 0.21784367 -1.0203401 -0.9982112 0.059784535 -3.6658264e-08 0.7122928 0.6575518
-0.061186034 0.19821091 -1.0203401 -2.6882155e-08 -1 -2.5355672e-07 0.41573608 0.19096565
0.061203394 0.19821112 -1.8319364 -2.6882155e-08 -1 -2.5355672e-07 0.46068004 0.009733126
0.061203357 0.19821091 -1.0203401 -2.6882155e-08 -1 -2.5355672e-07 0.46068004 0.19096565
0.06002756 0.21784386 -1.8319364 4.37114e-08 1.4712947e-07 -1 0.12169114 0.94455296
-0.061185997 0.19821112 -1.8319364 4.371148e-08 1.2368366e-06 -1 0.11730707 0.9000408
-0.060010158 0.21784388 -1.8319364 4.3711488e-08 1.3198857e-06 -1 0.12169114 0.9004726
0.06002756 0.21784386 -1.8319364 4.3711385e-08 5.3345994e-09 -1 0.12169114 0.94455296
-0.056527823 0.23672214 -1.8319364 4.3711328e-08 -7.701571e-07 -1 0.12590674 0.90175134
0.056545228 0.23672214 -1.8319364 4.3711392e-08 7.385068e-08 -1 0.12590674 0.94327414
0.056545228 0.23672214 -1.8319364 4.3711392e-08 7.385068e-08 -1 0.12590674 0.94327414
-0.05087283 0.25412044 -1.8319364 4.3711392e-08 7.385068e-08 -1 0.12979186 0.90382797
0.05089023 0.25412044 -1.8319364 4.3711392e-08 7.385068e-08 -1 0.12979186 0.9411975
0.05089023 0.25412044 -1.8319364 4.3711115e-08 -3.6191727e-06 -1 0.12979186 0.9411975
-0.043262478 0.2693702 -1.8319364 4.3711548e-08 2.1429014e-06 -1 0.13319716 0.90662265
0.04327989 0.2693702 -1.8319364 4.3711058e-08 -4.3762293e-06 -1 0.13319716 0.93840283
0.03400666 0.28188536 -1.8319364 4.371177e-08 5.0724416e-06 -1 0.13599187 0.93499756
-0.043262478 0.2693702 -1.8319364 4.3711115e-08 -3.588531e-06 -1 0.13319716 0.90662265
-0.033989243 0.28188536 -1.8319364 4.3711e-08 -5.102236e-06 -1 0.13599187 0.910028
0.03400666 0.28188536 -1.8319364 4.3711836e-08 5.931872e-06 -1 0.13599187 0.93499756
-0.023409488 0.29118493 -1.8319364 4.371158e-08 2.5594636e-06 -1 0.1380685 0.91391313
0.023426902 0.29118493 -1.8319364 4.37119e-08 6.8157433e-06 -1 0.1380685 0.9311124
0.023426902 0.29118493 -1.8319364 4.3710713e-08 -8.909479e-06 -1 0.1380685 0.9311124
-0.011929786 0.2969116 -1.8319364 4.3710966e-08 -5.581733e-06 -1 0.13934726 0.91812867
0.011947202 0.2969116 -1.8319364 4.3710582e-08 -1.0664022e-05 -1 0.13934726 0.9268968
8.703799e-06 0.29884526 -1.8319364 4.3711392e-08 7.385068e-08 -1 0.13977903 0.92251277
0.011947202 0.2969116 -1.8319364 4.3711392e-08 7.385068e-08 -1 0.13934726 0.9268968
-0.011929786 0.2969116 -1.8319364 4.3711392e-08 7.385068e-08 -1 0.13934726 0.91812867
0.06002752 0.21784367 -1.0203401 -4.3711385e-08 -2.8618645e-09 1 0.3283293 0.5704965
-0.061186034 0.19821091 -1.0203401 -4.3711307e-08 1.0527918e-06 1 0.33271337 0.5259843
0.061203357 0.19821091 -1.0203401 -4.3711392e-08 -7.385068e-08 1 0.33271337 0.5709283
0.06002752 0.21784367 -1.0203401 -4.37114e-08 -1.4859549e-07 1 0.3283293 0.5704965
-0.05652786 0.23672195 -1.0203401 -4.371146e-08 -9.945866e-07 1 0.3241137 0.5276949
-0.060010195 0.21784367 -1.0203401 -4.3711466e-08 -1.0457258e-06 1 0.3283293 0.5264161
0.050890192 0.25412026 -1.0203401 -4.371161e-08 -2.9368023e-06 1 0.32022858 0.56714106
-0.05652786 0.23672195 -1.0203401 -4.371144e-08 -7.221365e-07 1 0.3241137 0.5276949
0.05654519 0.23672193 -1.0203401 -4.371162e-08 -3.059184e-06 1 0.3241137 0.5692177
0.043279853 0.26937 -1.0203401 -4.3711125e-08 3.4494096e-06 1 0.31682324 0.5643464
-0.050872866 0.25412026 -1.0203401 -4.371151e-08 -1.6313483e-06 1 0.32022858 0.5297715
0.050890192 0.25412026 -1.0203401 -4.3711108e-08 3.7106304e-06 1 0.32022858 0.56714106
0.03400662 0.28188515 -1.0203401 -4.371102e-08 4.855741e-06 1 0.31402856 0.56094104
-0.043262515 0.26937 -1.0203401 -4.3711783e-08 -5.215174e-06 1 0.31682324 0.5325662
0.043279853 0.26937 -1.0203401 -4.3710983e-08 5.348586e-06 1 0.31682324 0.5643464
0.03400662 0.28188515 -1.0203401 -4.3710966e-08 5.5520063e-06 1 0.31402856 0.56094104
-0.023409525 0.29118472 -1.0203401 -4.371129e-08 1.2937769e-06 1 0.31195194 0.5398566
-0.03398928 0.28188515 -1.0203401 -4.3711303e-08 1.0871238e-06 1 0.31402856 0.5359715
0.011947166 0.2969114 -1.0203401 -4.3712163e-08 -1.0274482e-05 1 0.31067315 0.55284035
-0.023409525 0.29118472 -1.0203401 -4.3711125e-08 3.4354873e-06 1 0.31195194 0.5398566
0.023426864 0.29118472 -1.0203401 -4.371222e-08 -1.1022093e-05 1 0.31195194 0.55705595
8.668323e-06 0.29884505 -1.0203401 -4.3711392e-08 -7.385068e-08 1 0.31024134 0.5484563
-0.011929821 0.2969114 -1.0203401 -4.3711392e-08 -7.385068e-08 1 0.31067315 0.5440722
0.011947166 0.2969114 -1.0203401 -4.3711392e-08 -7.385068e-08 1 0.31067315 0.55284035
0.06002756 0.21784386 -1.8319364 0.9982112 0.05978459 5.52572e-08 0.66274905 0.50388134
0.056545228 0.23672214 -1.8319364 0.9834091 0.18140182 9.569604e-08 0.6671543 0.50388134
0.05089023 0.25412044 -1.8319364 0.9510253 0.30911294 1.1986394e-07 0.671475 0.50388134
0.04327989 0.2693702 -1.8319364 0.894768 0.4465313 1.5223782e-07 0.6755449 0.50388134
0.03400666 0.28188536 -1.8319364 0.8034726 0.59534174 1.8681853e-07 0.67920774 0.50388134
0.023426902 0.29118493 -1.8319364 0.66020423 0.7510861 2.1671946e-07 0.4832125 0.009733126
0.011947202 0.2969116 -1.8319364 0.4463911 0.894838 2.4299877e-07 0.48753315 0.009733126
8.703799e-06 0.29884526 -1.8319364 0.15988487 0.9871357 2.5356943e-07 0.49193844 0.009733126
-0.011929786 0.2969116 -1.8319364 -0.15988484 0.9871357 2.395787e-07 0.49625906 0.009733126
-0.023409488 0.29118493 -1.8319364 -0.44639093 0.894838 2.0417217e-07 0.500329 0.009733126
-0.033989243 0.28188536 -1.8319364 -0.66020405 0.75108624 1.5861542e-07 0.5039919 0.009733126
-0.043262478 0.2693702 -1.8319364 -0.8034726 0.5953416 1.1068725e-07 0.6994969 0.47631928
-0.05087283 0.25412044 -1.8319364 -0.8947679 0.44653168 7.090409e-08 0.70356685 0.47631928
-0.056527823 0.23672214 -1.8319364 -0.95102525 0.309113 3.272496e-08 0.70788753 0.47631928
-0.060010158 0.21784388 -1.8319364 -0.983409 0.18140209 -3.478331e-09 0.7122928 0.47631928
-0.061185997 0.19821112 -1.8319364 -0.9982112 0.059784558 -2.5160572e-08 0.7166134 0.47631925
-0.061185997 0.19821112 -1.8319364 -2.6882155e-08 -1 -2.5355672e-07 0.41573608 0.009733126
0.061203394 0.19821112 -1.8319364 4.3711392e-08 7.385068e-08 -1 0.11730707 0.94498473
-0.060010158 0.21784388 -1.8319364 4.3711324e-08 -8.1703485e-07 -1 0.12169114 0.9004726
-0.056527823 0.23672214 -1.8319364 4.3711392e-08 7.385068e-08 -1 0.12590674 0.90175134
-0.05087283 0.25412044 -1.8319364 4.371157e-08 2.439151e-06 -1 0.12979186 0.90382797
0.04327989 0.2693702 -1.8319364 4.37118e-08 5.4962875e-06 -1 0.13319716 0.93840283
-0.033989243 0.28188536 -1.8319364 4.3711566e-08 2.3957996e-06 -1 0.13599187 0.910028
-0.023409488 0.29118493 -1.8319364 4.371098e-08 -5.400269e-06 -1 0.1380685 0.91391313
-0.060010195 0.21784367 -1.0203401 -4.37113e-08 1.1332457e-06 1 0.3283293 0.5264161
0.05654519 0.23672193 -1.0203401 -4.3711392e-08 -7.385068e-08 1 0.3241137 0.5692177
-0.050872866 0.25412026 -1.0203401 -4.3711424e-08 -4.884915e-07 1 0.32022858 0.5297715
-0.043262515 0.26937 -1.0203401 -4.3711562e-08 -2.2988897e-06 1 0.31682324 0.5325662
-0.03398928 0.28188515 -1.0203401 -4.3711914e-08 -6.9753e-06 1 0.31402856 0.5359715
0.023426864 0.29118472 -1.0203401 -4.3710884e-08 6.668042e-06 1 0.31195194 0.55705595
-0.011929821 0.2969114 -1.0203401 -4.3710582e-08 1.0664018e-05 1 0.31067315 0.5440722
3 0 1 2
3 3 4 5
3 6 7 8
3 9 10 11
3 12 13 14
3 15 16 17
3 18 19 20
3 21 22 23
3 24 25 26
3 27 28 29
3 30 31 32
3 33 34 35
3 36 37 38
3 39 40 41
3 42 43 44
3 45 46 47
3 48 49 50
3 51 52 53
3 54 55 56
3 57 58 59
3 60 61 62
3 63 64 65
3 66 67 68
3 69 70 71
3 72 73 74
3 75 76 77
3 78 79 80
3 81 82 83
3 84 85 86
3 87 88 89
3 90 91 92
3 93 94 95
3 96 97 98
3 99 100 101
3 102 103 104
3 105 106 107
3 108 109 110
3 111 112 113
3 114 115 116
3 117 118 119
3 120 121 122
3 123 124 125
3 126 127 128
3 129 130 131
3 132 133 134
3 135 136 137
3 138 139 140
3 141 142 143
3 144 145 146
3 147 148 149
3 150 151 152
3 153 154 155
3 156 157 158
3 159 160 161
3 162 163 164
3 165 166 167
3 168 169 170
3 171 172 173
3 174 175 176
3 177 178 179
3 180 181 182
3 183 184 185
3 186 187 188
3 189 190 191
3 192 193 194
3 195 196 197
3 0 198 1
3 3 199 4
3 6 200 7
3 9 201 10
3 12 202 13
3 15 203 16
3 18 204 19
3 21 205 22
3 24 206 25
3 27 207 28
3 30 208 31
3 33 209 34
3 36 210 37
3 39 211 40
3 42 212 43
3 45 213 46
3 48 214 49
3 51 215 52
3 54 216 55
3 57 217 58
3 60 218 61
3 63 219 64
3 66 220 67
3 69 221 70
3 72 222 73
3 75 223 76
3 78 224 79
3 81 225 82
3 84 226 85
3 87 227 88
3 90 228 91
3 93 229 94
3 96 230 97
3 101 231 232
3 232 233 234
3 234 235 236
3 236 237 238
3 238 239 240
3 240 241 242
3 242 243 244
3 244 245 99
3 99 246 247
3 247 248 249
3 249 250 251
3 251 252 100
3 100 253 254
3 254 255 256
3 256 257 258
3 258 259 101
3 101 232 234
3 234 236 238
3 238 240 242
3 242 244 99
3 99 247 249
3 249 251 100
3 100 254 256
3 256 258 101
3 101 234 238
3 238 242 99
3 99 249 100
3 100 256 101
3 101 238 99
3 104 260 261
3 261 262 263
3 263 264 265
3 265 266 267
3 267 268 269
3 269 270 271
3 271 272 273
3 273 274 102
3 102 275 276
3 276 277 278
3 278 279 280
3 280 281 103
3 103 282 283
3 283 284 285
3 285 286 287
3 287 288 104
3 104 261 263
3 263 265 267
3 267 269 271
3 271 273 102
3 102 276 278
3 278 280 103
3 103 283 285
3 285 287 104
3 104 263 267
3 267 271 102
3 102 278 103
3 103 285 104
3 104 267 102
3 105 289 106
3 108 290 109
3 111 291 112
3 114 292 115
3 117 293 118
3 120 294 121
3 123 295 124
3 126 296 127
3 129 297 130
3 132 298 133
3 135 299 136
3 138 300 139
3 141 301 142
3 144 302 145
3 147 303 148
3 150 304 151
3 153 305 154
3 156 306 157
3 159 307 160
3 162 308 163
3 165 309 166
3 168 310 169
3 171 311 172
3 174 312 175
3 177 313 178
3 180 314 181
3 183 315 184
3 186 316 187
3 189 317 190
3 192 318 193
3 195 319 196
3 320 321 322
3 323 324 325
3 326 327 328
3 329 330 331
3 332 333 334
3 335 336 337
3 338 339 340
3 341 342 343
3 344 345 346
3 347 348 349
3 350 351 352
3 353 354 355
3 356 357 358
3 359 360 361
3 362 363 364
3 365 366 367
3 368 369 370
3 371 372 373
3 374 375 376
3 377 378 379
3 380 381 382
3 383 384 385
3 386 387 388
3 389 390 391
3 392 393 394
3 395 396 397
3 398 399 400
3 401 402 403
3 404 405 406
3 407 408 409
3 410 411 412
3 413 414 415
3 416 417 418
3 419 420 421
3 422 423 424
3 425 426 427
3 428 429 430
3 431 432 433
3 434 435 436
3 437 438 439
3 440 441 442
3 443 444 445
3 446 447 448
3 449 450 451
3 452 453 454
3 455 456 457
3 458 459 460
3 461 462 463
3 464 465 466
3 467 468 469
3 470 471 472
3 473 474 475
3 476 477 478
3 479 480 481
3 482 483 484
3 485 486 487
3 488 489 490
3 491 492 493
3 494 495 496
3 497 498 499
3 500 501 502
3 503 504 505
3 506 507 508
3 509 510 511
3 512 513 514
3 515 516 517
3 518 519 520
3 521 522 523
3 524 525 526
3 527 528 529
3 530 531 532
3 533 534 535
3 536 537 538
3 539 540 541
3 542 543 544
3 545 546 547
3 548 549 550
3 551 552 553
3 554 555 556
3 557 558 559
3 560 561 562
3 563 564 565
3 566 567 568
3 569 570 571
3 572 573 574
3 575 576 577
3 578 579 580
3 581 582 583
3 584 585 586
3 587 588 589
3 590 591 592
3 593 594 595
3 596 597 598
3 599 600 601
3 602 603 604
3 605 606 607
3 608 609 610
3 611 612 613
3 614 615 616
3 617 618 619
3 620 621 622
3 623 624 625
3 626 627 628
3 629 630 631
3 632 633 634
3 635 636 637
3 638 639 640
3 641 642 643
3 644 645 646
3 647 648 649
3 650 651 652
3 653 654 655
3 656 657 658
3 659 660 661
3 662 663 664
3 665 666 667
3 668 669 670
3 671 672 673
3 674 675 676
3 677 678 679
3 680 681 682
3 683 684 685
3 686 687 688
3 689 690 691
3 692 693 694
3 695 696 697
3 698 699 700
3 701 702 703
3 704 705 706
3 707 708 709
3 710 711 712
3 713 714 715
3 716 717 718
3 719 720 721
3 722 723 724
3 725 726 727
3 728 729 730
3 731 732 733
3 734 735 736
3 737 738 739
3 740 741 742
3 743 744 745
3 746 747 748
3 749 750 751
3 752 753 754
3 755 756 757
3 758 759 760
3 761 762 763
3 764 765 766
3 767 768 769
3 770 771 772
3 773 774 775
3 776 777 778
3 779 780 781
3 782 783 784
3 785 786 787
3 788 789 790
3 791 792 793
3 794 795 796
3 797 798 799
3 800 801 802
3 803 804 805
3 806 807 808
3 809 810 811
3 812 813 814
3 815 816 817
3 818 819 820
3 821 822 823
3 824 825 826
3 827 828 829
3 830 831 832
3 833 834 835
3 836 837 838
3 839 840 841
3 842 843 844
3 845 846 847
3 848 849 850
3 320 851 321
3 323 852 324
3 326 853 327
3 329 854 330
3 332 855 333
3 335 856 336
3 338 857 339
3 341 858 342
3 344 859 345
3 347 860 348
3 350 861 351
3 353 862 354
3 356 863 357
3 359 864 360
3 362 865 363
3 365 866 366
3 368 867 369
3 371 868 372
3 374 869 375
3 377 870 378
3 380 871 381
3 383 872 384
3 386 873 387
3 389 874 390
3 395 875 396
3 398 876 399
3 401 877 402
3 404 878 405
3 407 879 408
3 410 880 411
3 413 881 414
3 416 882 417
3 419 883 420
3 422 884 423
3 425 885 426
3 428 886 429
3 431 887 432
3 434 888 435
3 437 889 438
3 440 890 441
3 443 891 444
3 446 892 447
3 449 893 450
3 452 894 453
3 455 895 456
3 458 896 459
3 461 897 462
3 464 898 465
3 467 899 468
3 470 900 471
3 473 901 474
3 476 902 477
3 479 903 480
3 482 904 483
3 485 905 486
3 488 906 489
3 491 907 492
3 494 908 495
3 497 909 498
3 500 910 501
3 503 911 504
3 506 912 507
3 509 913 510
3 512 914 513
3 515 915 516
3 518 916 519
3 521 917 522
3 524 918 525
3 527 919 528
3 530 920 531
3 533 921 534
3 536 922 537
3 539 923 540
3 542 924 543
3 545 925 546
3 548 926 549
3 551 927 552
3 554 928 555
3 557 929 558
3 560 930 561
3 563 931 564
3 566 932 567
3 569 933 570
3 572 934 573
3 575 935 576
3 578 936 579
3 581 937 582
3 584 938 585
3 587 939 588
3 590 940 591
3 593 941 594
3 596 942 597
3 599 943 600
3 602 944 603
3 605 945 606
3 608 946 609
3 611 947 612
3 614 948 615
3 617 949 618
3 620 950 621
3 623 951 624
3 626 952 627
3 629 953 630
3 632 954 633
3 635 955 636
3 638 956 639
3 641 957 642
3 644 958 645
3 647 959 648
3 650 960 651
3 653 961 654
3 656 962 657
3 659 963 660
3 662 964 663
3 665 965 666
3 668 966 669
3 671 967 672
3 674 968 675
3 677 969 678
3 680 970 681
3 683 971 684
3 686 972 687
3 689 973 690
3 692 974 693
3 695 975 696
3 698 976 699
3 701 977 702
3 704 978 705
3 707 979 708
3 710 980 711
3 716 981 717
3 719 982 720
3 722 983 723
3 725 984 726
3 728 985 729
3 731 986 732
3 734 987 735
3 737 988 738
3 740 989 741
3 743 990 744
3 746 991 747
3 749 992 750
3 752 993 753
3 755 994 756
3 758 995 759
3 761 996 762
3 764 997 765
3 767 998 768
3 770 999 771
3 773 1000 774
3 776 1001 777
3 779 1002 780
3 782 1003 783
3 785 1004 786
3 788 1005 789
3 791 1006 792
3 794 1007 795
3 797 1008 798
3 800 1009 801
3 803 1010 804
3 806 1011 807
3 809 1012 810
3 812 1013 813
3 815 1014 816
3 818 1015 819
3 821 1016 822
3 824 1017 825
3 827 1018 828
3 830 1019 831
3 833 1020 834
3 836 1021 837
3 839 1022 840
3 842 1023 843
3 845 1024 846
3 848 1025 849
3 1026 1027 1028
3 1029 1030 1031
3 1032 1033 1034
3 1035 1036 1037
3 1038 1039 1040
3 1041 1042 1043
3 1044 1045 1046
3 1047 1048 1049
3 1050 1051 1052
3 1053 1054 1055
3 1056 1057 1058
3 1059 1060 1061
3 1062 1063 1064
3 1065 1066 1067
3 1068 1069 1070
3 1071 1072 1073
3 1074 1075 1076
3 1077 1078 1079
3 1080 1081 1082
3 1083 1084 1085
3 1086 1087 1088
3 1089 1090 1091
3 1092 1093 1094
3 1095 1096 1097
3 1098 1099 1100
3 1101 1102 1103
3 1104 1105 1106
3 1107 1108 1109
3 1110 1111 1112
3 1113 1114 1115
3 1116 1117 1118
3 1119 1120 1121
3 1122 1123 1124
3 1125 1126 1127
3 1128 1129 1130
3 1131 1132 1133
3 1134 1135 1136
3 1137 1138 1139
3 1140 1141 1142
3 1143 1144 1145
3 1146 1147 1148
3 1149 1150 1151
3 1152 1153 1154
3 1155 1156 1157
3 1158 1159 1160
3 1161 1162 1163
3 1164 1165 1166
3 1167 1168 1169
3 1170 1171 1172
3 1173 1174 1175
3 1176 1177 1178
3 1179 1180 1181
3 1182 1183 1184
3 1185 1186 1187
3 1188 1189 1190
3 1191 1192 1193
3 1194 1195 1196
3 1197 1198 1199
3 1200 1201 1202
3 1203 1204 1205
3 1206 1207 1208
3 1209 1210 1211
3 1212 1213 1214
3 1215 1216 1217
3 1218 1219 1220
3 1221 1222 1223
3 1224 1225 1226
3 1227 1228 1229
3 1230 1231 1232
3 1233 1234 1235
3 1236 1237 1238
3 1239 1240 1241
3 1242 1243 1244
3 1245 1246 1247
3 1248 1249 1250
3 1251 1252 1253
3 1254 1255 1256
3 1257 1258 1259
3 1260 1261 1262
3 1263 1264 1265
3 1266 1267 1268
3 1269 1270 1271
3 1272 1273 1274
3 1275 1276 1277
3 1278 1279 1280
3 1281 1282 1283
3 1284 1285 1286
3 1287 1288 1289
3 1290 1291 1292
3 1293 1294 1295
3 1296 1297 1298
3 1299 1300 1301
3 1302 1303 1304
3 1305 1306 1307
3 1308 1309 1310
3 1311 1312 1313
3 1314 1315 1316
3 1317 1318 1319
3 1026 1320 1027
3 1032 1321 1033
3 1035 1322 1036
3 1038 1323 1039
3 1041 1324 1042
3 1044 1325 1045
3 1047 1326 1048
3 1050 1327 1051
3 1053 1328 1054
3 1056 1329 1057
3 1059 1330 1060
3 1062 1331 1063
3 1065 1332 1066
3 1068 1333 1069
3 1071 1334 1072
3 1074 1335 1075
3 1077 1336 1078
3 1080 1337 1081
3 1083 1338 1084
3 1086 1339 1087
3 1089 1340 1090
3 1092 1341 1093
3 1095 1342 1096
3 1098 1343 1099
3 1101 1344 1102
3 1104 1345 1105
3 1107 1346 1108
3 1110 1347 1111
3 1113 1348 1114
3 1116 1349 1117
3 1119 1350 1120
3 1124 1351 1122
3 1122 1352 1123
3 1125 1353 1126
3 1128 1354 1129
3 1131 1355 1132
3 1134 1356 1135
3 1137 1357 1138
3 1140 1358 1141
3 1143 1359 1144
3 1148 1360 1146
3 1146 1361 1147
3 1149 1362 1150
3 1152 1363 1153
3 1155 1364 1156
3 1158 1365 1159
3 1161 1366 1162
3 1164 1367 1165
3 1167 1368 1168
3 1170 1369 1171
3 1173 1370 1174
3 1176 1371 1177
3 1179 1372 1180
3 1184 1373 1182
3 1182 1374 1183
3 1187 1375 1185
3 1185 1376 1186
3 1188 1377 1189
3 1191 1378 1192
3 1194 1379 1195
3 1197 1380 1198
3 1200 1381 1201
3 1203 1382 1204
3 1206 1383 1207
3 1212 1384 1213
3 1215 1385 1216
3 1218 1386 1219
3 1245 1387 1246
3 1248 1388 1249
3 1251 1389 1252
3 1254 1390 1255
3 1257 1391 1258
3 1260 1392 1261
3 1263 1393 1264
3 1266 1394 1267
3 1269 1395 1270
3 1272 1396 1273
3 1275 1397 1276
3 1278 1398 1279
3 1281 1399 1282
3 1284 1400 1285
3 1287 1401 1288
3 1290 1402 1291
3 1293 1403 1294
3 1296 1404 1297
3 1299 1405 1300
3 1302 1406 1303
3 1305 1407 1306
3 1314 1408 1315
3 1317 1409 1318
3 1410 1411 1412
3 1413 1414 1415
3 1416 1417 1418
3 1419 1420 1421
3 1422 1423 1424
3 1425 1426 1427
3 1428 1429 1430
3 1431 1432 1433
3 1434 1435 1436
3 1437 1438 1439
3 1440 1441 1442
3 1443 1444 1445
3 1446 1447 1448
3 1449 1450 1451
3 1452 1453 1454
3 1455 1456 1457
3 1458 1459 1460
3 1461 1462 1463
3 1464 1465 1466
3 1467 1468 1469
3 1470 1471 1472
3 1473 1474 1475
3 1476 1477 1478
3 1479 1480 1481
3 1482 1483 1484
3 1485 1486 1487
3 1488 1489 1490
3 1491 1492 1493
3 1494 1495 1496
3 1497 1498 1499
3 1500 1501 1502
3 1503 1504 1505
3 1506 1507 1508
3 1509 1510 1511
3 1512 1513 1514
3 1515 1516 1517
3 1518 1519 1520
3 1410 1521 1411
3 1413 1522 1414
3 1416 1523 1417
3 1419 1524 1420
3 1422 1525 1423
3 1425 1526 1426
3 1428 1527 1429
3 1434 1528 1435
3 1437 1529 1438
3 1440 1530 1441
3 1443 1531 1444
3 1446 1532 1447
3 1449 1533 1450
3 1452 1534 1453
3 1455 1535 1456
3 1461 1536 1462
3 1464 1537 1465
3 1467 1538 1468
3 1470 1539 1471
3 1473 1540 1474
3 1476 1541 1477
3 1479 1542 1480
3 1482 1543 1483
3 1485 1544 1486
3 1488 1545 1489
3 1491 1546 1492
3 1494 1547 1495
3 1497 1548 1498
3 1500 1549 1501
3 1503 1550 1504
3 1506 1551 1507
3 1509 1552 1510
3 1512 1553 1513
3 1515 1554 1516
3 1518 1555 1519
3 1556 1557 1558
3 1559 1560 1561
3 1562 1563 1564
3 1565 1566 1567
3 1568 1569 1570
3 1571 1572 1573
3 1574 1575 1576
3 1577 1578 1579
3 1580 1581 1582
3 1583 1584 1585
3 1586 1587 1588
3 1589 1590 1591
3 1592 1593 1594
3 1595 1596 1597
3 1598 1599 1600
3 1601 1602 1603
3 1604 1605 1606
3 1607 1608 1609
3 1610 1611 1612
3 1613 1614 1615
3 1616 1617 1618
3 1619 1620 1621
3 1622 1623 1624
3 1625 1626 1627
3 1628 1629 1630
3 1631 1632 1633
3 1634 1635 1636
3 1637 1638 1639
3 1640 1641 1642
3 1643 1644 1645
3 1646 1647 1648
3 1649 1650 1651
3 1652 1653 1654
3 1655 1656 1657
3 1658 1659 1660
3 1661 1662 1663
3 1664 1665 1666
3 1667 1668 1669
3 1670 1671 1672
3 1673 1674 1675
3 1676 1677 1678
3 1679 1680 1681
3 1682 1683 1684
3 1685 1686 1687
3 1688 1689 1690
3 1691 1692 1693
3 1694 1695 1696
3 1697 1698 1699
3 1700 1701 1702
3 1703 1704 1705
3 1706 1707 1708
3 1709 1710 1711
3 1712 1713 1714
3 1715 1716 1717
3 1718 1719 1720
3 1721 1722 1723
3 1724 1725 1726
3 1727 1728 1729
3 1730 1731 1732
3 1733 1734 1735
3 1736 1737 1738
3 1739 1740 1741
3 1742 1743 1744
3 1745 1746 1747
3 1748 1749 1750
3 1751 1752 1753
3 1556 1754 1557
3 1559 1755 1560
3 1562 1756 1563
3 1565 1757 1566
3 1568 1758 1569
3 1571 1759 1572
3 1574 1760 1575
3 1577 1761 1578
3 1580 1762 1581
3 1583 1763 1584
3 1586 1764 1587
3 1589 1765 1590
3 1592 1766 1593
3 1595 1767 1596
3 1598 1768 1599
3 1601 1769 1602
3 1604 1770 1605
3 1607 1771 1608
3 1610 1772 1611
3 1613 1773 1614
3 1616 1774 1617
3 1619 1775 1620
3 1622 1776 1623
3 1625 1777 1626
3 1628 1778 1629
3 1631 1779 1632
3 1634 1780 1635
3 1637 1781 1638
3 1640 1782 1641
3 1643 1783 1644
3 1646 1784 1647
3 1649 1785 1650
3 1652 1786 1653
3 1657 1787 1788
3 1788 1789 1790
3 1790 1791 1792
3 1792 1793 1794
3 1794 1795 1796
3 1796 1797 1798
3 1798 1799 1800
3 1800 1801 1655
3 1655 1802 1803
3 1803 1804 1805
3 1805 1806 1807
3 1807 1808 1656
3 1656 1809 1810
3 1810 1811 1812
3 1812 1813 1814
3 1814 1815 1657
3 1657 1788 1790
3 1790 1792 1794
3 1794 1796 1798
3 1798 1800 1655
3 1655 1803 1805
3 1805 1807 1656
3 1656 1810 1812
3 1812 1814 1657
3 1657 1790 1794
3 1794 1798 1655
3 1655 1805 1656
3 1656 1812 1657
3 1657 1794 1655
3 1660 1816 1817
3 1817 1818 1819
3 1819 1820 1821
3 1821 1822 1823
3 1823 1824 1825
3 1825 1826 1827
3 1827 1828 1829
3 1829 1830 1658
3 1658 1831 1832
3 1832 1833 1834
3 1834 1835 1836
3 1836 1837 1659
3 1659 1838 1839
3 1839 1840 1841
3 1841 1842 1843
3 1843 1844 1660
3 1660 1817 1819
3 1819 1821 1823
3 1823 1825 1827
3 1827 1829 1658
3 1658 1832 1834
3 1834 1836 1659
3 1659 1839 1841
3 1841 1843 1660
3 1660 1819 1823
3 1823 1827 1658
3 1658 1834 1659
3 1659 1841 1660
3 1660 1823 1658
3 1661 1845 1662
3 1664 1846 1665
3 1667 1847 1668
3 1670 1848 1671
3 1673 1849 1674
3 1676 1850 1677
3 1679 1851 1680
3 1682 1852 1683
3 1685 1853 1686
3 1688 1854 1689
3 1691 1855 1692
3 1694 1856 1695
3 1697 1857 1698
3 1700 1858 1701
3 1703 1859 1704
3 1706 1860 1707
3 1709 1861 1710
3 1712 1862 1713
3 1715 1863 1716
3 1718 1864 1719
3 1721 1865 1722
3 1724 1866 1725
3 1727 1867 1728
3 1730 1868 1731
3 1733 1869 1734
3 1736 1870 1737
3 1739 1871 1740
3 1742 1872 1743
3 1745 1873 1746
3 1748 1874 1749
3 1751 1875 1752
3 1876 1877 1878
3 1879 1880 1881
3 1882 1883 1884
3 1885 1886 1887
3 1888 1889 1890
3 1891 1892 1893
3 1894 1895 1896
3 1897 1898 1899
3 1900 1901 1902
3 1903 1904 1905
3 1906 1907 1908
3 1909 1910 1911
3 1912 1913 1914
3 1915 1916 1917
3 1918 1919 1920
3 1921 1922 1923
3 1924 1925 1926
3 1927 1928 1929
3 1930 1931 1932
3 1933 1934 1935
3 1936 1937 1938
3 1939 1940 1941
3 1942 1943 1944
3 1945 1946 1947
3 1948 1949 1950
3 1951 1952 1953
3 1954 1955 1956
3 1957 1958 1959
3 1960 1961 1962
3 1963 1964 1965
3 1966 1967 1968
3 1969 1970 1971
3 1972 1973 1974
3 1975 1976 1977
3 1978 1979 1980
3 1981 1982 1983
3 1984 1985 1986
3 1987 1988 1989
3 1990 1991 1992
3 1993 1994 1995
3 1996 1997 1998
3 1999 2000 2001
3 2002 2003 2004
3 2005 2006 2007
3 2008 2009 2010
3 2011 2012 2013
3 2014 2015 2016
3 2017 2018 2019
3 2020 2021 2022
3 2023 2024 2025
3 2026 2027 2028
3 2029 2030 2031
3 2032 2033 2034
3 2035 2036 2037
3 2038 2039 2040
3 2041 2042 2043
3 2044 2045 2046
3 2047 2048 2049
3 2050 2051 2052
3 2053 2054 2055
3 2056 2057 2058
3 2059 2060 2061
3 2062 2063 2064
3 2065 2066 2067
3 2068 2069 2070
3 2071 2072 2073
3 2074 2075 2076
3 2077 2078 2079
3 2080 2081 2082
3 2083 2084 2085
3 2086 2087 2088
3 2089 2090 2091
3 2092 2093 2094
3 2095 2096 2097
3 2098 2099 2100
3 2101 2102 2103
3 2104 2105 2106
3 2107 2108 2109
3 2110 2111 2112
3 2113 2114 2115
3 2116 2117 2118
3 2119 2120 2121
3 2122 2123 2124
3 2125 2126 2127
3 2128 2129 2130
3 2131 2132 2133
3 2134 2135 2136
3 2137 2138 2139
3 2140 2141 2142
3 2143 2144 2145
3 2146 2147 2148
3 2149 2150 2151
3 2152 2153 2154
3 2155 2156 2157
3 2158 2159 2160
3 2161 2162 2163
3 2164 2165 2166
3 2167 2168 2169
3 1876 2170 1877
3 1879 2171 1880
3 1882 2172 1883
3 1885 2173 1886
3 1888 2174 1889
3 1891 2175 1892
3 1894 2176 1895
3 1897 2177 1898
3 1900 2178 1901
3 1903 2179 1904
3 1906 2180 1907
3 1909 2181 1910
3 1912 2182 1913
3 1915 2183 1916
3 1918 2184 1919
3 1921 2185 1922
3 1924 2186 1925
3 1927 2187 1928
3 1930 2188 1931
3 1933 2189 1934
3 1936 2190 1937
3 1939 2191 1940
3 1942 2192 1943
3 1945 2193 1946
3 1948 2194 1949
3 1951 2195 1952
3 1954 2196 1955
3 1957 2197 1958
3 1960 2198 1961
3 1963 2199 1964
3 1966 2200 1967
3 1969 2201 1970
3 1974 2202 2203
3 2203 2204 2205
3 2205 2206 2207
3 2207 2208 2209
3 2209 2210 2211
3 2211 2212 2213
3 2213 2214 2215
3 2215 2216 1972
3 1972 2217 2218
3 2218 2219 2220
3 2220 2221 2222
3 2222 2223 1973
3 1973 2224 2225
3 2225 2226 2227
3 2227 2228 2229
3 2229 2230 1974
3 1974 2203 2205
3 2205 2207 2209
3 2209 2211 2213
3 2213 2215 1972
3 1972 2218 2220
3 2220 2222 1973
3 1973 2225 2227
3 2227 2229 1974
3 1974 2205 2209
3 2209 2213 1972
3 1972 2220 1973
3 1973 2227 1974
3 1974 2209 1972
3 1975 2231 1976
3 1978 2232 1979
3 1981 2233 1982
3 1984 2234 1985
3 1987 2235 1988
3 1990 2236 1991
3 1993 2237 1994
3 1996 2238 1997
3 1999 2239 2000
3 2002 2240 2003
3 2005 2241 2006
3 2008 2242 2009
3 2011 2243 2012
3 2014 2244 2015
3 2017 2245 2018
3 2020 2246 2021
3 2023 2247 2024
3 2026 2248 2027
3 2029 2249 2030
3 2032 2250 2033
3 2035 2251 2036
3 2038 2252 2039
3 2041 2253 2042
3 2044 2254 2045
3 2047 2255 2048
3 2050 2256 2051
3 2053 2257 2054
3 2056 2258 2057
3 2059 2259 2060
3 2062 2260 2063
3 2065 2261 2066
3 2068 2262 2069
3 2071 2263 2072
3 2076 2264 2265
3 2265 2266 2267
3 2267 2268 2269
3 2269 2270 2271
3 2271 2272 2273
3 2273 2274 2275
3 2275 2276 2277
3 2277 2278 2074
3 2074 2279 2280
3 2280 2281 2282
3 2282 2283 2284
3 2284 2285 2075
3 2075 2286 2287
3 2287 2288 2289
3 2289 2290 2291
3 2291 2292 2076
3 2076 2265 2267
3 2267 2269 2271
3 2271 2273 2275
3 2275 2277 2074
3 2074 2280 2282
3 2282 2284 2075
3 2075 2287 2289
3 2289 2291 2076
3 2076 2267 2271
3 2271 2275 2074
3 2074 2282 2075
3 2075 2289 2076
3 2076 2271 2074
3 2077 2293 2078
3 2080 2294 2081
3 2083 2295 2084
3 2086 2296 2087
3 2089 2297 2090
3 2092 2298 2093
3 2095 2299 2096
3 2098 2300 2099
3 2101 2301 2102
3 2104 2302 2105
3 2107 2303 2108
3 2110 2304 2111
3 2113 2305 2114
3 2116 2306 2117
3 2119 2307 2120
3 2122 2308 2123
3 2125 2309 2126
3 2128 2310 2129
3 2131 2311 2132
3 2134 2312 2135
3 2137 2313 2138
3 2140 2314 2141
3 2143 2315 2144
3 2146 2316 2147
3 2149 2317 2150
3 2152 2318 2153
3 2155 2319 2156
3 2158 2320 2159
3 2161 2321 2162
3 2164 2322 2165
3 2167 2323 2168
3 2324 2325 2326
3 2327 2328 2329
3 2330 2331 2332
3 2333 2334 2335
3 2336 2337 2338
3 2339 2340 2341
3 2342 2343 2344
3 2345 2346 2347
3 2348 2349 2350
3 2351 2352 2353
3 2354 2355 2356
3 2357 2358 2359
3 2360 2361 2362
3 2363 2364 2365
3 2366 2367 2368
3 2369 2370 2371
3 2372 2373 2374
3 2375 2376 2377
3 2378 2379 2380
3 2381 2382 2383
3 2384 2385 2386
3 2387 2388 2389
3 2390 2391 2392
3 2393 2394 2395
3 2396 2397 2398
3 2399 2400 2401
3 2402 2403 2404
3 2405 2406 2407
3 2408 2409 2410
3 2411 2412 2413
3 2414 2415 2416
3 2417 2418 2419
3 2420 2421 2422
3 2423 2424 2425
3 2324 2426 2325
3 2327 2427 2328
3 2330 2428 2331
3 2333 2429 2334
3 2336 2430 2337
3 2339 2431 2340
3 2342 2432 2343
3 2345 2433 2346
3 2348 2434 2349
3 2351 2435 2352
3 2354 2436 2355
3 2357 2437 2358
3 2360 2438 2361
3 2363 2439 2364
3 2366 2440 2367
3 2369 2441 2370
3 2372 2442 2373
3 2375 2443 2376
3 2378 2444 2379
3 2381 2445 2382
3 2384 2446 2385
3 2387 2447 2388
3 2390 2448 2391
3 2393 2449 2394
3 2396 2450 2397
3 2399 2451 2400
3 2402 2452 2403
3 2405 2453 2406
3 2408 2454 2409
3 2411 2455 2412
3 2416 2456 2457
3 2457 2458 2459
3 2459 2460 2461
3 2461 2462 2463
3 2463 2464 2465
3 2465 2466 2467
3 2467 2468 2469
3 2469 2470 2414
3 2414 2471 2472
3 2472 2473 2474
3 2474 2475 2476
3 2476 2477 2415
3 2415 2478 2479
3 2479 2480 2481
3 2481 2482 2483
3 2483 2484 2416
3 2416 2457 2459
3 2459 2461 2463
3 2463 2465 2467
3 2467 2469 2414
3 2414 2472 2474
3 2474 2476 2415
3 2415 2479 2481
3 2481 2483 2416
3 2416 2459 2463
3 2463 2467 2414
3 2414 2474 2415
3 2415 2481 2416
3 2416 2463 2414
3 2417 2485 2418
3 2420 2486 2421
3 2425 2487 2488
3 2488 2489 2490
3 2490 2491 2492
3 2492 2493 2494
3 2494 2495 2496
3 2496 2497 2498
3 2498 2499 2500
3 2500 2501 2423
3 2423 2502 2503
3 2503 2504 2505
3 2505 2506 2507
3 2507 2508 2424
3 2424 2509 2510
3 2510 2511 2512
3 2512 2513 2514
3 2514 2515 2425
3 2425 2488 2490
3 2490 2492 2494
3 2494 2496 2498
3 2498 2500 2423
3 2423 2503 2505
3 2505 2507 2424
3 2424 2510 2512
3 2512 2514 2425
3 2425 2490 2494
3 2494 2498 2423
3 2423 2505 2424
3 2424 2512 2425
3 2425 2494 2423
3 2516 2517 2518
3 2519 2520 2521
3 2522 2523 2524
3 2525 2526 2527
3 2528 2529 2530
3 2531 2532 2533
3 2534 2535 2536
3 2537 2538 2539
3 2540 2541 2542
3 2543 2544 2545
3 2546 2547 2548
3 2549 2550 2551
3 2552 2553 2554
3 2555 2556 2557
3 2558 2559 2560
3 2561 2562 2563
3 2564 2565 2566
3 2567 2568 2569
3 2570 2571 2572
3 2573 2574 2575
3 2576 2577 2578
3 2579 2580 2581
3 2582 2583 2584
3 2585 2586 2587
3 2588 2589 2590
3 2591 2592 2593
3 2594 2595 2596
3 2597 2598 2599
3 2600 2601 2602
3 2603 2604 2605
3 2606 2607 2608
3 2609 2610 2611
3 2612 2613 2614
3 2516 2615 2517
3 2519 2616 2520
3 2522 2617 2523
3 2525 2618 2526
3 2528 2619 2529
3 2531 2620 2532
3 2534 2621 2535
3 2537 2622 2538
3 2540 2623 2541
3 2543 2624 2544
3 2546 2625 2547
3 2549 2626 2550
3 2552 2627 2553
3 2555 2628 2556
3 2558 2629 2559
3 2561 2630 2562
3 2564 2631 2565
3 2567 2632 2568
3 2570 2633 2571
3 2573 2634 2574
3 2576 2635 2577
3 2579 2636 2580
3 2582 2637 2583
3 2585 2638 2586
3 2591 2639 2592
3 2594 2640 2595
3 2597 2641 2598
3 2600 2642 2601
3 2603 2643 2604
3 2606 2644 2607
3 2609 2645 2610
3 2646 2647 2648
3 2649 2650 2651
3 2652 2653 2654
3 2655 2656 2657
3 2658 2659 2660
3 2661 2662 2663
3 2664 2665 2666
3 2667 2668 2669
3 2670 2671 2672
3 2673 2674 2675
3 2676 2677 2678
3 2679 2680 2681
3 2682 2683 2684
3 2685 2686 2687
3 2688 2689 2690
3 2691 2692 2693
3 2694 2695 2696
3 2697 2698 2699
3 2700 2701 2702
3 2703 2704 2705
3 2706 2707 2708
3 2709 2710 2711
3 2712 2713 2714
3 2715 2716 2717
3 2718 2719 2720
3 2721 2722 2723
3 2724 2725 2726
3 2727 2728 2729
3 2730 2731 2732
3 2733 2734 2735
3 2736 2737 2738
3 2739 2740 2741
3 2742 2743 2744
3 2646 2745 2647
3 2649 2746 2650
3 2652 2747 2653
3 2655 2748 2656
3 2658 2749 2659
3 2661 2750 2662
3 2664 2751 2665
3 2670 2752 2671
3 2673 2753 2674
3 2676 2754 2677
3 2679 2755 2680
3 2682 2756 2683
3 2685 2757 2686
3 2688 2758 2689
3 2694 2759 2695
3 2697 2760 2698
3 2700 2761 2701
3 2703 2762 2704
3 2706 2763 2707
3 2709 2764 2710
3 2712 2765 2713
3 2715 2766 2716
3 2718 2767 2719
3 2721 2768 2722
3 2724 2769 2725
3 2727 2770 2728
3 2730 2771 2731
3 2733 2772 2734
3 2736 2773 2737
3 2739 2774 2740
3 2742 2775 2743
3 2776 2777 2778
3 2779 2780 2781
3 2782 2783 2784
3 2785 2786 2787
3 2788 2789 2790
3 2791 2792 2793
3 2794 2795 2796
3 2797 2798 2799
3 2800 2801 2802
3 2803 2804 2805
3 2806 2807 2808
3 2809 2810 2811
3 2812 2813 2814
3 2815 2816 2817
3 2818 2819 2820
3 2821 2822 2823
3 2824 2825 2826
3 2827 2828 2829
3 2830 2831 2832
3 2833 2834 2835
3 2836 2837 2838
3 2839 2840 2841
3 2842 2843 2844
3 2845 2846 2847
3 2848 2849 2850
3 2851 2852 2853
3 2854 2855 2856
3 2857 2858 2859
3 2860 2861 2862
3 2863 2864 2865
3 2866 2867 2868
3 2869 2870 2871
3 2872 2873 2874
3 2875 2876 2877
3 2776 2878 2777
3 2779 2879 2780
3 2782 2880 2783
3 2785 2881 2786
3 2788 2882 2789
3 2791 2883 2792
3 2794 2884 2795
3 2797 2885 2798
3 2800 2886 2801
3 2803 2887 2804
3 2806 2888 2807
3 2809 2889 2810
3 2812 2890 2813
3 2815 2891 2816
3 2818 2892 2819
3 2821 2893 2822
3 2824 2894 2825
3 2827 2895 2828
3 2830 2896 2831
3 2833 2897 2834
3 2836 2898 2837
3 2839 2899 2840
3 2842 2900 2843
3 2845 2901 2846
3 2848 2902 2849
3 2851 2903 2852
3 2854 2904 2855
3 2857 2905 2858
3 2860 2906 2861
3 2863 2907 2864
3 2868 2908 2909
3 2909 2910 2911
3 2911 2912 2913
3 2913 2914 2915
3 2915 2916 2917
3 2917 2918 2919
3 2919 2920 2921
3 2921 2922 2866
3 2866 2923 2924
3 2924 2925 2926
3 2926 2927 2928
3 2928 2929 2867
3 2867 2930 2931
3 2931 2932 2933
3 2933 2934 2935
3 2935 2936 2868
3 2868 2909 2911
3 2911 2913 2915
3 2915 2917 2919
3 2919 2921 2866
3 2866 2924 2926
3 2926 2928 2867
3 2867 2931 2933
3 2933 2935 2868
3 2868 2911 2915
3 2915 2919 2866
3 2866 2926 2867
3 2867 2933 2868
3 2868 2915 2866
3 2869 2937 2870
3 2872 2938 2873
3 2877 2939 2940
3 2940 2941 2942
3 2942 2943 2944
3 2944 2945 2946
3 2946 2947 2948
3 2948 2949 2950
3 2950 2951 2952
3 2952 2953 2875
3 2875 2954 2955
3 2955 2956 2957
3 2957 2958 2959
3 2959 2960 2876
3 2876 2961 2962
3 2962 2963 2964
3 2964 2965 2966
3 2966 2967 2877
3 2877 2940 2942
3 2942 2944 2946
3 2946 2948 2950
3 2950 2952 2875
3 2875 2955 2957
3 2957 2959 2876
3 2876 2962 2964
3 2964 2966 2877
3 2877 2942 2946
3 2946 2950 2875
3 2875 2957 2876
3 2876 2964 2877
3 2877 2946 2875
3 2968 2969 2970
3 2971 2972 2973
3 2974 2975 2976
3 2977 2978 2979
3 2980 2981 2982
3 2983 2984 2985
3 2986 2987 2988
3 2989 2990 2991
3 2992 2993 2994
3 2995 2996 2997
3 2998 2999 3000
3 3001 3002 3003
3 3004 3005 3006
3 3007 3008 3009
3 3010 3011 3012
3 3013 3014 3015
3 3016 3017 3018
3 3019 3020 3021
3 3022 3023 3024
3 3025 3026 3027
3 3028 3029 3030
3 3031 3032 3033
3 3034 3035 3036
3 3037 3038 3039
3 3040 3041 3042
3 3043 3044 3045
3 3046 3047 3048
3 3049 3050 3051
3 3052 3053 3054
3 3055 3056 3057
3 3058 3059 3060
3 3061 3062 3063
3 3064 3065 3066
3 3067 3068 3069
3 2968 3070 2969
3 2971 3071 2972
3 2974 3072 2975
3 2977 3073 2978
3 2980 3074 2981
3 2983 3075 2984
3 2986 3076 2987
3 2989 3077 2990
3 2992 3078 2993
3 2995 3079 2996
3 2998 3080 2999
3 3001 3081 3002
3 3004 3082 3005
3 3007 3083 3008
3 3010 3084 3011
3 3013 3085 3014
3 3016 3086 3017
3 3019 3087 3020
3 3022 3088 3023
3 3025 3089 3026
3 3028 3090 3029
3 3031 3091 3032
3 3034 3092 3035
3 3037 3093 3038
3 3040 3094 3041
3 3043 3095 3044
3 3046 3096 3047
3 3049 3097 3050
3 3052 3098 3053
3 3055 3099 3056
3 3060 3100 3101
3 3101 3102 3103
3 3103 3104 3105
3 3105 3106 3107
3 3107 3108 3109
3 3109 3110 3111
3 3111 3112 3113
3 3113 3114 3058
3 3058 3115 3116
3 3116 3117 3118
3 3118 3119 3120
3 3120 3121 3059
3 3059 3122 3123
3 3123 3124 3125
3 3125 3126 3127
3 3127 3128 3060
3 3060 3101 3103
3 3103 3105 3107
3 3107 3109 3111
3 3111 3113 3058
3 3058 3116 3118
3 3118 3120 3059
3 3059 3123 3125
3 3125 3127 3060
3 3060 3103 3107
3 3107 3111 3058
3 3058 3118 3059
3 3059 3125 3060
3 3060 3107 3058
3 3061 3129 3062
3 3064 3130 3065
3 3069 3131 3132
3 3132 3133 3134
3 3134 3135 3136
3 3136 3137 3138
3 3138 3139 3140
3 3140 3141 3142
3 3142 3143 3144
3 3144 3145 3067
3 3067 3146 3147
3 3147 3148 3149
3 3149 3150 3151
3 3151 3152 3068
3 3068 3153 3154
3 3154 3155 3156
3 3156 3157 3158
3 3158 3159 3069
3 3069 3132 3134
3 3134 3136 3138
3 3138 3140 3142
3 3142 3144 3067
3 3067 3147 3149
3 3149 3151 3068
3 3068 3154 3156
3 3156 3158 3069
3 3069 3134 3138
3 3138 3142 3067
3 3067 3149 3068
3 3068 3156 3069
3 3069 3138 3067
3 3160 3161 3162
3 3163 3164 3165
3 3166 3167 3168
3 3169 3170 3171
3 3172 3173 3174
3 3175 3176 3177
3 3178 3179 3180
3 3181 3182 3183
3 3184 3185 3186
3 3187 3188 3189
3 3190 3191 3192
3 3193 3194 3195
3 3196 3197 3198
3 3199 3200 3201
3 3202 3203 3204
3 3205 3206 3207
3 3208 3209 3210
3 3211 3212 3213
3 3214 3215 3216
3 3217 3218 3219
3 3220 3221 3222
3 3223 3224 3225
3 3226 3227 3228
3 3229 3230 3231
3 3232 3233 3234
3 3235 3236 3237
3 3238 3239 3240
3 3241 3242 3243
3 3244 3245 3246
3 3247 3248 3249
3 3250 3251 3252
3 3253 3254 3255
3 3256 3257 3258
3 3160 3259 3161
3 3163 3260 3164
3 3166 3261 3167
3 3169 3262 3170
3 3172 3263 3173
3 3175 3264 3176
3 3178 3265 3179
3 3181 3266 3182
3 3184 3267 3185
3 3187 3268 3188
3 3190 3269 3191
3 3193 3270 3194
3 3196 3271 3197
3 3199 3272 3200
3 3202 3273 3203
3 3205 3274 3206
3 3208 3275 3209
3 3211 3276 3212
3 3214 3277 3215
3 3217 3278 3218
3 3220 3279 3221
3 3223 3280 3224
3 3226 3281 3227
3 3229 3282 3230
3 3235 3283 3236
3 3238 3284 3239
3 3241 3285 3242
3 3244 3286 3245
3 3247 3287 3248
3 3250 3288 3251
3 3253 3289 3254
3 3290 3291 3292
3 3293 3294 3295
3 3296 3297 3298
3 3299 3300 3301
3 3302 3303 3304
3 3305 3306 3307
3 3308 3309 3310
3 3311 3312 3313
3 3314 3315 3316
3 3317 3318 3319
3 3320 3321 3322
3 3323 3324 3325
3 3326 3327 3328
3 3329 3330 3331
3 3332 3333 3334
3 3335 3336 3337
3 3338 3339 3340
3 3341 3342 3343
3 3290 3344 3291
3 3293 3345 3294
3 3296 3346 3297
3 3299 3347 3300
3 3302 3348 3303
3 3305 3349 3306
3 3308 3350 3309
3 3311 3351 3312
3 3314 3352 3315
3 3317 3353 3318
3 3320 3354 3321
3 3323 3355 3324
3 3326 3356 3327
3 3329 3357 3330
3 3332 3358 3333
3 3335 3359 3336
3 3338 3360 3339
3 3341 3361 3342
3 3362 3363 3364
3 3365 3366 3367
3 3368 3369 3370
3 3371 3372 3373
3 3374 3375 3376
3 3377 3378 3379
3 3380 3381 3382
3 3383 3384 3385
3 3386 3387 3388
3 3389 3390 3391
3 3392 3393 3394
3 3395 3396 3397
3 3398 3399 3400
3 3401 3402 3403
3 3404 3405 3406
3 3407 3408 3409
3 3410 3411 3412
3 3413 3414 3415
3 3416 3417 3418
3 3419 3420 3421
3 3422 3423 3424
3 3425 3426 3427
3 3428 3429 3430
3 3431 3432 3433
3 3434 3435 3436
3 3437 3438 3439
3 3440 3441 3442
3 3443 3444 3445
3 3446 3447 3448
3 3449 3450 3451
3 3452 3453 3454
3 3455 3456 3457
3 3458 3459 3460
3 3461 3462 3463
3 3464 3465 3466
3 3467 3468 3469
3 3470 3471 3472
3 3473 3474 3475
3 3476 3477 3478
3 3479 3480 3481
3 3482 3483 3484
3 3485 3486 3487
3 3488 3489 3490
3 3491 3492 3493
3 3494 3495 3496
3 3497 3498 3499
3 3500 3501 3502
3 3503 3504 3505
3 3506 3507 3508
3 3509 3510 3511
3 3512 3513 3514
3 3515 3516 3517
3 3518 3519 3520
3 3521 3522 3523
3 3362 3524 3363
3 3365 3525 3366
3 3368 3526 3369
3 3371 3527 3372
3 3374 3528 3375
3 3377 3529 3378
3 3380 3530 3381
3 3383 3531 3384
3 3386 3532 3387
3 3389 3533 3390
3 3392 3534 3393
3 3395 3535 3396
3 3398 3536 3399
3 3401 3537 3402
3 3404 3538 3405
3 3407 3539 3408
3 3410 3540 3411
3 3413 3541 3414
3 3416 3542 3417
3 3419 3543 3420
3 3422 3544 3423
3 3425 3545 3426
3 3428 3546 3429
3 3431 3547 3432
3 3434 3548 3435
3 3437 3549 3438
3 3440 3550 3441
3 3443 3551 3444
3 3446 3552 3447
3 3449 3553 3450
3 3452 3554 3453
3 3455 3555 3456
3 3458 3556 3459
3 3461 3557 3462
3 3464 3558 3465
3 3467 3559 3468
3 3470 3560 3471
3 3473 3561 3474
3 3476 3562 3477
3 3479 3563 3480
3 3482 3564 3483
3 3485 3565 3486
3 3488 3566 3489
3 3491 3567 3492
3 3494 3568 3495
3 3497 3569 3498
3 3500 3570 3501
3 3503 3571 3504
3 3506 3572 3507
3 3509 3573 3510
3 3512 3574 3513
3 3515 3575 3516
3 3518 3576 3519
3 3521 3577 3522
3 3578 3579 3580
3 3581 3582 3583
3 3584 3585 3586
3 3587 3588 3589
3 3590 3591 3592
3 3593 3594 3595
3 3596 3597 3598
3 3599 3600 3601
3 3602 3603 3604
3 3605 3606 3607
3 3608 3609 3610
3 3611 3612 3613
3 3614 3615 3616
3 3617 3618 3619
3 3620 3621 3622
3 3623 3624 3625
3 3626 3627 3628
3 3629 3630 3631
3 3632 3633 3634
3 3635 3636 3637
3 3638 3639 3640
3 3641 3642 3643
3 3644 3645 3646
3 3647 3648 3649
3 3650 3651 3652
3 3653 3654 3655
3 3656 3657 3658
3 3659 3660 3661
3 3662 3663 3664
3 3665 3666 3667
3 3668 3669 3670
3 3671 3672 3673
3 3674 3675 3676
3 3677 3678 3679
3 3578 3680 3579
3 3581 3681 3582
3 3584 3682 3585
3 3587 3683 3588
3 3590 3684 3591
3 3593 3685 3594
3 3596 3686 3597
3 3599 3687 3600
3 3602 3688 3603
3 3605 3689 3606
3 3608 3690 3609
3 3611 3691 3612
3 3614 3692 3615
3 3617 3693 3618
3 3620 3694 3621
3 3623 3695 3624
3 3626 3696 3627
3 3629 3697 3630
3 3632 3698 3633
3 3635 3699 3636
3 3638 3700 3639
3 3641 3701 3642
3 3644 3702 3645
3 3647 3703 3648
3 3650 3704 3651
3 3653 3705 3654
3 3656 3706 3657
3 3659 3707 3660
3 3662 3708 3663
3 3665 3709 3666
3 3670 3710 3711
3 3711 3712 3713
3 3713 3714 3715
3 3715 3716 3717
3 3717 3718 3719
3 3719 3720 3721
3 3721 3722 3723
3 3723 3724 3668
3 3668 3725 3726
3 3726 3727 3728
3 3728 3729 3730
3 3730 3731 3669
3 3669 3732 3733
3 3733 3734 3735
3 3735 3736 3737
3 3737 3738 3670
3 3670 3711 3713
3 3713 3715 3717
3 3717 3719 3721
3 3721 3723 3668
3 3668 3726 3728
3 3728 3730 3669
3 3669 3733 3735
3 3735 3737 3670
3 3670 3713 3717
3 3717 3721 3668
3 3668 3728 3669
3 3669 3735 3670
3 3670 3717 3668
3 3671 3739 3672
3 3674 3740 3675
3 3679 3741 3742
3 3742 3743 3744
3 3744 3745 3746
3 3746 3747 3748
3 3748 3749 3750
3 3750 3751 3752
3 3752 3753 3754
3 3754 3755 3677
3 3677 3756 3757
3 3757 3758 3759
3 3759 3760 3761
3 3761 3762 3678
3 3678 3763 3764
3 3764 3765 3766
3 3766 3767 3768
3 3768 3769 3679
3 3679 3742 3744
3 3744 3746 3748
3 3748 3750 3752
3 3752 3754 3677
3 3677 3757 3759
3 3759 3761 3678
3 3678 3764 3766
3 3766 3768 3679
3 3679 3744 3748
3 3748 3752 3677
3 3677 3759 3678
3 3678 3766 3679
3 3679 3748 3677
3 3770 3771 3772
3 3773 3774 3775
3 3776 3777 3778
3 3779 3780 3781
3 3782 3783 3784
3 3785 3786 3787
3 3788 3789 3790
3 3791 3792 3793
3 3794 3795 3796
3 3797 3798 3799
3 3800 3801 3802
3 3803 3804 3805
3 3806 3807 3808
3 3809 3810 3811
3 3812 3813 3814
3 3815 3816 3817
3 3818 3819 3820
3 3821 3822 3823
3 3824 3825 3826
3 3827 3828 3829
3 3830 3831 3832
3 3833 3834 3835
3 3836 3837 3838
3 3839 3840 3841
3 3842 3843 3844
3 3845 3846 3847
3 3848 3849 3850
3 3851 3852 3853
3 3854 3855 3856
3 3857 3858 3859
3 3860 3861 3862
3 3863 3864 3865
3 3866 3867 3868
3 3770 3869 3771
3 3773 3870 3774
3 3776 3871 3777
3 3779 3872 3780
3 3782 3873 3783
3 3785 3874 3786
3 3788 3875 3789
3 3791 3876 3792
3 3794 3877 3795
3 3797 3878 3798
3 3800 3879 3801
3 3803 3880 3804
3 3806 3881 3807
3 3809 3882 3810
3 3812 3883 3813
3 3815 3884 3816
3 3818 3885 3819
3 3821 3886 3822
3 3824 3887 3825
3 3827 3888 3828
3 3830 3889 3831
3 3833 3890 3834
3 3836 3891 3837
3 3839 3892 3840
3 3845 3893 3846
3 3848 3894 3849
3 3851 3895 3852
3 3854 3896 3855
3 3857 3897 3858
3 3860 3898 3861
3 3863 3899 3864
