ply
format ascii 1.0
comment Created in Blender version 4.5.1 LTS
element vertex 1611
property float x
property float y
property float z
property float nx
property float ny
property float nz
property float s
property float t
element face 2136
property list uchar uint vertex_indices
end_header
0.070037104 0.16459306 0.7913574 0.9999202 -0.012622587 0.0005560159 0.4901961 0.5
0.06910779 0.17008953 1.8006117 0.7176484 -0.06863253 0.69301534 0.46875 1
0.069107845 0.09105368 0.7913574 0.9969574 -0.07720915 0.010700255 0.46875 0.5
0.0650976 0.14304875 1.8006117 0.68858904 -0.13856553 0.71178985 0.4375 1
0.065097645 0.064012885 0.7913574 0.9799105 -0.19735916 0.028722141 0.4375 0.5
0.05858539 0.11812781 1.8006117 0.63999933 -0.20815432 0.7396436 0.40625 1
0.05858544 0.03909195 0.7913574 0.949944 -0.3091492 0.04509203 0.40625 0.5
0.049821444 0.09628445 1.8006117 0.56756145 -0.27652997 0.7755031 0.375 1
0.049821496 0.01724858 0.7913574 0.89706194 -0.4372669 0.063857056 0.375 0.5
0.03914254 0.078358054 1.8006117 0.4670841 -0.3407775 0.8159063 0.34375 1
0.039142594 -0.0006778016 0.7913574 0.8047709 -0.5873462 0.08583794 0.34375 0.5
0.026959054 0.06503752 1.8006117 0.33595487 -0.39545268 0.85484004 0.3125 1
0.026959104 -0.013998343 0.7913574 0.64330405 -0.75755614 0.11076349 0.3125 0.5
0.013739199 0.056834787 1.8006117 0.17670684 -0.4332258 0.88379294 0.28125 1
0.013739251 -0.022201076 0.7913574 0.37414497 -0.91760916 0.1341979 0.28125 0.5
-8.990008e-06 0.05406506 1.8006117 -5.3690004e-09 -0.44684342 0.89461213 0.25 1
-8.939925e-06 -0.024970805 0.7913574 6.7170234e-08 -0.98947275 0.144719 0.25 0.5
-0.013757129 -0.02220108 0.7913574 -0.3741448 -0.91760916 0.1341979 0.21875 0.5
-0.01375718 0.056834787 1.8006117 -0.17670704 -0.4332258 0.88379294 0.21875 1
-0.026976988 -0.013998346 0.7913574 -0.64330393 -0.7575562 0.11076344 0.1875 0.5
-0.026977038 0.065037526 1.8006117 -0.3359564 -0.39550892 0.85481346 0.1875 1
-0.039160445 -0.00067784195 0.7913574 -0.8047707 -0.58734673 0.08583794 0.15625 0.5
-0.039160497 0.07835802 1.8006117 -0.46707505 -0.3407567 0.8159202 0.15625 1
-0.049839363 0.017248537 0.7913574 -0.89706165 -0.43726724 0.06385699 0.125 0.5
-0.049839415 0.096284404 1.8006117 -0.56754833 -0.27652952 0.7755129 0.125 1
-0.058603328 0.03909194 0.7913574 -0.9499439 -0.30914927 0.045091897 0.09375 0.5
-0.058603376 0.11812779 1.8006117 -0.64000976 -0.20817372 0.7396292 0.09375 1
-0.06511555 0.06401287 0.7913574 -0.9799104 -0.19735914 0.028721998 0.0625 0.5
-0.06511559 0.14304875 1.8006117 -0.6886025 -0.13855913 0.711778 0.0625 1
-0.06912574 0.09105367 0.7913574 -0.9969574 -0.07720925 0.010700143 0.03125 0.5
-0.07005507 0.18938859 1.8006117 -0.7048088 -0.033799753 0.7085917 0.009803921 1
-0.070479825 0.19821107 0.7913574 -0.9028003 0.4300601 0.00013972838 0 0.5
-0.07005502 0.16459307 0.7913574 -0.9999202 -0.012622737 0.00055593404 0.009803923 0.5
-0.07047987 0.19821101 1.8006117 -0.69273096 0.30694884 0.65261483 1 1
0.070461914 0.19821106 0.7913574 0.9027981 0.43006465 0.00013980694 0.5 0.5
-0.070479825 0.19821107 0.7913574 -0.9028003 0.4300601 0.00013972838 1 0.5
0.06786911 0.19340427 1.8006117 -4.371193e-08 7.1799177e-06 0.99999994 0.48642167 1.0000001
-0.06771644 0.18985972 1.8006117 -4.3712504e-08 1.4822598e-05 0.99999994 0.017401088 1
0.06769844 0.18985972 1.8006117 -4.3712472e-08 1.4389786e-05 0.99999994 0.48258603 1.0000001
0.066791855 0.17103183 1.8006117 -4.3711267e-08 -1.6036961e-06 0.99999994 0.46224862 1
-0.062934026 0.14489709 1.8006117 -4.371213e-08 9.879951e-06 0.99999994 0.067602225 0.99999994
0.06291603 0.14489709 1.8006117 -4.3711708e-08 4.262457e-06 0.99999994 0.43205622 0.99999994
-0.05664002 0.120811194 1.8006117 -4.3711065e-08 -4.2384286e-06 0.99999994 0.09770413 1
0.056622036 0.12081121 1.8006117 -4.371179e-08 5.342444e-06 0.99999994 0.4018901 0.99999994
-0.048169717 0.09969973 1.8006117 -4.3711562e-08 2.3591904e-06 0.99999994 0.12798983 1
0.048151746 0.09969976 1.8006117 -4.3711346e-08 -5.522594e-07 0.99999994 0.37157726 0.99999994
-0.03784862 0.08237401 1.8006117 -4.371203e-08 8.525318e-06 0.99999994 0.15839982 1
0.037830666 0.08237404 1.8006117 -4.371022e-08 -1.5444728e-05 0.99999994 0.3411671 1
0.02605542 0.06949984 1.8006117 -4.371344e-08 2.722272e-05 0.99999994 0.31069687 1.0000001
-0.026073404 0.06949985 1.8006117 -4.371054e-08 -1.1191898e-05 0.99999994 0.1888931 1
0.013278531 0.061571963 1.8006117 -4.371423e-08 3.7645903e-05 0.99999994 0.2802029 1
-0.013296512 0.061571963 1.8006117 -4.3710337e-08 -1.3926356e-05 0.99999994 0.21943933 1
-8.990372e-06 0.05889504 1.8006117 -4.3711662e-08 3.645876e-06 0.99999994 0.24999999 0.99999994
0.0498215 -0.0043379455 0.6904489 0.8966022 -0.44033223 0.047032397 0.375 0.5
-0.04983936 -0.0043379874 0.6904489 -0.8966018 -0.44033313 0.047032386 0.125 0.5
-0.03916044 -0.022264369 0.6904489 -0.80435723 -0.590799 0.06297795 0.15625 0.5
0.02695911 -0.035584867 0.6904489 0.64300615 -0.7615586 0.081065595 0.3125 0.5
0.06910785 0.06946715 0.6904489 0.9967666 -0.07987135 0.008767986 0.46875 0.5
-0.07047982 0.19821107 0.6904489 -0.67408055 0.3224022 -0.66458434 1 0.5
-0.065115534 0.042426355 0.6904489 -0.9795515 -0.20003998 0.021513943 0.0625 0.5
-0.05860332 0.017505415 0.6904489 -0.949504 -0.3119706 0.033412986 0.09375 0.5
-0.013757123 -0.043787602 0.6904489 -0.37400246 -0.92222655 0.09808378 0.21875 0.5
-8.933884e-06 -0.04655733 0.6904489 6.409423e-07 -0.994395 0.10572869 0.25 0.5
0.058585446 0.017505422 0.6904489 0.94950426 -0.31197 0.033413053 0.40625 0.5
-0.026976947 -0.035584874 -0.12264699 -0.6285144 -0.73347306 0.2588182 0.1875 0.5
-0.026976982 -0.035584874 0.6904489 -0.6430055 -0.7615591 0.08106561 0.1875 0.5
0.0650977 0.042426363 -0.12264699 0.97892344 -0.19275352 0.06749019 0.4375 0.5
0.06509766 0.042426363 0.6904489 0.97955155 -0.2000396 0.021514 0.4375 0.5
-0.070055015 0.15782084 0.6904489 -0.93789154 0.14286715 -0.3161461 0.009803921 0.5
-0.0691257 0.06946714 -0.12264699 -0.99726856 -0.07093245 0.020592485 0.03125 0.5
-0.069125734 0.06946714 0.6904489 -0.9967665 -0.0798719 0.008767931 0.03125 0.5
-0.013757087 -0.043787602 -0.12264699 -0.36159033 -0.8793305 0.3098876 0.21875 0.5
0.06910789 0.06946715 -0.12264699 0.9972686 -0.070932835 0.020592595 0.46875 0.5
-8.898342e-06 -0.04655733 -0.12264699 -4.944219e-07 -0.94319713 0.3322336 0.25 0.5
0.07003715 0.15782082 -0.12264699 0.8862012 0.45226112 -0.10053539 0.49019605 0.49999997
0.07003711 0.15782082 0.6904489 0.93788946 0.14286603 -0.31615275 0.49019605 0.49999997
0.0137392925 -0.043787602 -0.12264699 0.3615894 -0.8793309 0.30988768 0.28125 0.5
0.013739257 -0.043787602 0.6904489 0.3740035 -0.9222261 0.09808374 0.28125 0.5
0.039142597 -0.022264326 0.6904489 0.8043577 -0.5907981 0.062977925 0.34375 0.5
-0.07047982 0.19821107 0.6904489 -0.67408055 0.3224022 -0.66458434 0 0.5
0.07046192 0.19821106 0.6904489 0.67407566 0.3223918 -0.6645943 0.5 0.5
-0.06680986 0.17103183 1.8006117 -4.371147e-08 1.1143317e-06 0.99999994 0.03775137 1
-0.069125794 0.17008956 1.8006117 -0.7176357 -0.06863348 0.6930284 0.03125 1
0.07003706 0.18938859 1.8006117 0.7048088 -0.033799615 0.7085917 0.4901961 1.0000001
-0.07005496 0.060379248 -0.33442008 -0.90954137 0.40541172 -0.09151995 0.6960784 0.5
-0.07005498 0.15782084 -0.12264699 -0.8862014 0.4522606 -0.10053526 0.6960784 0.5
-0.013757067 -0.19579647 -0.33442008 -0.27871817 -0.6803397 0.6778304 0.21875 0.5
-8.877609e-06 -0.1985662 -0.33442008 2.2637403e-08 -0.7084559 0.705755 0.25 0.5
0.070037164 0.06037924 -0.33442008 0.9095456 0.40540227 -0.09151962 0.49019605 0.49999997
-0.07005496 0.060379248 -0.33442008 -0.90954137 0.40541172 -0.09151995 0.009803921 0.5
-0.069125675 -0.08254173 -0.33442008 -0.9954435 -0.070530295 0.06416866 0.03125 0.5
0.013739313 -0.19579647 -0.33442008 0.27871826 -0.6803397 0.6778304 0.28125 0.5
-0.0651155 0.042426355 -0.12264699 -0.97892356 -0.1927533 0.06749 0.0625 0.5
-0.06511548 -0.10958249 -0.33442008 -0.9632264 -0.19124195 0.18873674 0.0625 0.5
0.026959168 -0.18759374 -0.33442008 0.5173963 -0.60613847 0.6040673 0.3125 0.5
0.026959145 -0.035584867 -0.12264699 0.6285138 -0.73347354 0.25881857 0.3125 0.5
-0.058603287 0.017505415 -0.12264699 -0.94682044 -0.30341443 0.10710265 0.09375 0.5
-0.058603264 -0.13450342 -0.33442008 -0.91042507 -0.2934255 0.2915951 0.09375 0.5
0.05858548 0.017505422 -0.12264699 0.9468203 -0.30341464 0.107102714 0.40625 0.5
-0.039160408 -0.022264369 -0.12264699 -0.7937612 -0.5734726 0.20266318 0.15625 0.5
0.049821533 -0.0043379455 -0.12264699 0.8905286 -0.4288978 0.15167595 0.375 0.5
-0.049839325 -0.0043379874 -0.12264699 -0.89052856 -0.4288977 0.15167582 0.125 0.5
-0.070055015 0.15782084 0.6904489 -0.93789154 0.14286715 -0.3161461 0.6960784 0.5
0.03914263 -0.022264326 -0.12264699 0.7937611 -0.57347256 0.20266332 0.34375 0.5
-0.069125675 -0.13451055 -0.37469587 -0.99443984 -0.089241095 0.055904973 0.03125 0.5
-0.065115474 -0.16155131 -0.37469587 -0.97176343 -0.20709285 0.11308587 0.0625 0.5
0.026959173 -0.23956257 -0.37469587 0.59952825 -0.7216983 0.34600213 0.3125 0.5
-0.05860326 -0.18647225 -0.37469587 -0.9342435 -0.31593752 0.16544648 0.09375 0.5
0.03914266 -0.22624204 -0.37469587 0.7682414 -0.57474613 0.28190786 0.34375 0.5
0.039142657 -0.17427321 -0.33442008 0.6985734 -0.5067935 0.5051292 0.34375 0.5
-0.049839303 -0.15634686 -0.33442008 -0.8257814 -0.39957008 0.39803132 0.125 0.5
-0.0498393 -0.20831569 -0.37469587 -0.87154645 -0.4376055 0.22115186 0.125 0.5
0.04982156 -0.20831561 -0.37469587 0.871547 -0.4376045 0.22115146 0.375 0.5
0.049821556 -0.1563468 -0.33442008 0.8257818 -0.39956957 0.39803088 0.375 0.5
-0.039160382 -0.17427321 -0.33442008 -0.69857264 -0.50679415 0.50512964 0.15625 0.5
-0.03916038 -0.22624204 -0.37469587 -0.76824087 -0.5747467 0.281908 0.15625 0.5
0.058585506 -0.18647225 -0.37469587 0.9342435 -0.31593755 0.16544648 0.40625 0.5
0.058585502 -0.13450342 -0.33442008 0.9104248 -0.2934256 0.29159534 0.40625 0.5
0.06910791 -0.08254171 -0.33442008 0.9954435 -0.07053021 0.06416871 0.46875 0.5
-0.026976924 -0.18759374 -0.33442008 -0.51739675 -0.60613835 0.6040671 0.1875 0.5
0.06509771 -0.10958248 -0.33442008 0.9632264 -0.19124189 0.18873696 0.4375 0.5
0.06910791 -0.13451055 -0.37469587 0.99443984 -0.08924103 0.055904992 0.46875 0.5
0.06509772 -0.1368661 -0.492925 0.98084676 -0.19454427 0.009596911 0.4375 0.5
0.06910792 -0.10982532 -0.492925 0.99760944 -0.06904747 0.0028174226 0.46875 0.5
0.070037164 0.06037924 -0.37469587 0.9051398 0.42273048 0.044953205 0.49019605 0.49999997
-0.070054956 0.08506444 -0.492925 -0.8937469 0.44615772 0.04647108 0.6960784 0.5
-0.07005496 0.060379248 -0.37469587 -0.9051478 0.42271367 0.04495141 0.6960784 0.5
-0.013757061 -0.2477653 -0.37469587 -0.33968005 -0.8503541 0.40188974 0.21875 0.5
-8.86862e-06 -0.2258498 -0.492925 7.810102e-08 -0.9987629 0.04972786 0.25 0.5
-8.871925e-06 -0.250535 -0.37469587 4.9714824e-08 -0.9049083 0.4256065 0.25 0.5
0.07003717 0.08506444 -0.492925 0.89375204 0.4461478 0.046469104 0.49019605 0.49999997
-0.07005496 0.060379248 -0.37469587 -0.9051478 0.42271367 0.04495141 0.009803921 0.5
-0.06912567 -0.109825335 -0.492925 -0.99760944 -0.06904756 0.0028173402 0.03125 0.5
0.013739319 -0.2477653 -0.37469587 0.3396802 -0.8503541 0.4018897 0.28125 0.5
0.013739321 -0.22308008 -0.492925 0.3790735 -0.9242214 0.046022605 0.28125 0.5
-0.065115474 -0.1368661 -0.492925 -0.9808467 -0.19454432 0.009596841 0.0625 0.5
0.026959177 -0.21487735 -0.492925 0.6491806 -0.7596923 0.037842095 0.3125 0.5
-0.026976919 -0.23956257 -0.37469587 -0.5995287 -0.721698 0.3460019 0.1875 0.5
0.06509772 -0.16155131 -0.37469587 0.97176343 -0.20709278 0.11308594 0.4375 0.5
0.039142724 -0.47309402 -1.3711984 0.5117505 -0.37861174 -0.7712097 0.34375 0.5
0.039142665 -0.20155682 -0.492925 0.80936056 -0.58658445 0.029224148 0.34375 0.5
-0.04983929 -0.18363047 -0.492925 -0.90009636 -0.43515182 0.02166644 0.125 0.5
-0.058603197 -0.43332425 -1.3711984 -0.6734258 -0.22367892 -0.704603 0.09375 0.5
-0.049839236 -0.45516768 -1.3711984 -0.6089699 -0.30164343 -0.7335986 0.125 0.5
0.049821623 -0.45516762 -1.3711984 0.60898644 -0.30163902 -0.7335867 0.375 0.5
0.049821567 -0.1836304 -0.492925 0.9000968 -0.43515098 0.021666463 0.375 0.5
-0.039160375 -0.20155682 -0.492925 -0.8093597 -0.58658564 0.029224005 0.15625 0.5
-0.039160315 -0.47309402 -1.3711984 -0.5117605 -0.37863237 -0.771193 0.15625 0.5
0.05858557 -0.43332425 -1.3711984 0.6734262 -0.22367615 -0.7046036 0.40625 0.5
0.05858551 -0.16178703 -0.492925 0.95174867 -0.3065008 0.015223344 0.40625 0.5
-0.026976915 -0.21487735 -0.492925 -0.6491811 -0.759692 0.037842017 0.1875 0.5
-0.026976857 -0.48641458 -1.3711984 -0.37564793 -0.44782096 -0.81138456 0.1875 0.5
0.06509778 -0.4084033 -1.3711984 0.7118122 -0.14765829 -0.68667346 0.4375 0.5
-0.013757058 -0.22308008 -0.492925 -0.37907332 -0.9242214 0.04602255 0.21875 0.5
-0.013757 -0.4946173 -1.3711984 -0.20070003 -0.49794748 -0.84366333 0.21875 0.5
-0.058603257 -0.16178703 -0.492925 -0.9517487 -0.30650073 0.015223298 0.09375 0.5
0.06385958 -0.3797477 -1.3711984 4.371127e-08 1.5562941e-06 -0.99999994 0.4531155 0.49999994
-0.064781904 0.07432254 -1.3711984 4.3711385e-08 -1.557569e-08 -0.99999994 0.6763366 0.5
0.0647642 0.07432253 -1.3711984 4.3711648e-08 -3.469738e-06 -0.99999994 0.49413282 0.49999997
0.060222488 -0.40427268 -1.3711984 4.3711193e-08 2.5427298e-06 -0.99999994 0.4252777 0.49999997
-0.06387722 -0.3797477 -1.3711984 4.3711207e-08 2.4124695e-06 -0.99999994 0.04939935 0.5
0.054197926 -0.42732745 -1.3711984 4.3711438e-08 -6.769392e-07 -0.99999994 0.39644012 0.5
-0.060240123 -0.40427268 -1.3711984 4.371111e-08 3.6481408e-06 -0.99999994 0.07397927 0.5
0.046090234 -0.44753516 -1.3711984 4.3711005e-08 5.0302756e-06 -0.99999994 0.36728188 0.50000006
-0.054215554 -0.42732745 -1.3711984 4.3711783e-08 -5.238789e-06 -0.99999994 0.10267832 0.50000006
-0.036228586 -0.4641193 -1.3711984 4.371113e-08 3.3962585e-06 -0.99999994 0.16115692 0.5
-0.04610785 -0.44753525 -1.3711984 4.3711765e-08 -5.044914e-06 -0.99999994 0.13178103 0.5
0.02493982 -0.47644234 -1.3711984 4.3711967e-08 -7.689766e-06 -0.99999994 0.30841982 0.49999994
0.036210984 -0.4641193 -1.3711984 4.3710838e-08 7.269184e-06 -0.99999994 0.33791265 0.5
0.012709893 -0.4840308 -1.3711984 4.371059e-08 1.0561579e-05 -0.99999994 0.27890992 0.5
-0.024957443 -0.47644234 -1.3711984 4.3711648e-08 -3.438478e-06 -0.99999994 0.19071496 0.5
-8.810545e-06 -0.48659313 -1.3711984 4.3711385e-08 3.3001179e-15 -0.99999994 0.24999994 0.49999994
-0.012727516 -0.4840308 -1.3711984 4.3712227e-08 -1.1117897e-05 -0.99999994 0.2203841 0.5
-0.065115415 -0.4084033 -1.3711984 -0.71181196 -0.1476614 -0.686673 0.0625 0.5
0.026959235 -0.48641458 -1.3711984 0.3756472 -0.44782302 -0.81138384 0.3125 0.5
-0.06912561 -0.38136253 -1.3711984 -0.7393976 -0.059419222 -0.67064184 0.03125 0.5
0.01373938 -0.4946173 -1.3711984 0.20070018 -0.49794748 -0.8436633 0.28125 0.5
-0.07005492 0.08506444 -1.3711984 -0.66955024 0.32586887 -0.6674668 0.009803921 0.5
0.07003721 0.08506444 -1.3711984 0.6695522 0.32586953 -0.6674646 0.49019605 0.49999997
-8.8097295e-06 -0.49738702 -1.3711984 7.642497e-08 -0.51651645 -0.8562772 0.25 0.5
-0.07005492 0.08506444 -1.3711984 -0.66955024 0.32586887 -0.6674668 0.6960784 0.5
0.06910798 -0.38136253 -1.3711984 0.7393971 -0.059416395 -0.67064273 0.46875 0.5
0.07046187 0.198211 1.8006117 0.69273096 0.3069446 0.65261686 0.5 1
-0.07047987 0.19821101 1.8006117 -0.69273096 0.30694884 0.65261483 0 1
-0.06788711 0.19340427 1.8006117 -4.3712053e-08 8.784671e-06 0.99999994 0.013578417 1
-0.040331934 0.22360002 3.0962744 -0.99999994 6.599821e-07 -4.491042e-08 1 1
-0.03955712 0.23121297 2.6914089 -0.7102655 0.14179331 -0.6895054 0.96875 0.5
-0.04033192 0.22359979 2.6914089 -0.7477445 -1.6918054e-07 -0.66398656 1 0.5
-0.039557137 0.2312132 3.0962744 -0.9806494 0.1957722 -1.5355465e-07 0.96875 1
-0.0372625 0.23853359 2.6914089 -0.6148494 0.2574164 -0.74545085 0.9375 0.5
-0.037262514 0.23853381 3.0962744 -0.9224203 0.38618758 -2.5233825e-07 0.9375 1
-0.033536237 0.24528031 2.6914089 -0.4966274 0.33739492 -0.7997036 0.90625 0.5
-0.03353625 0.24528052 3.0962744 -0.82716525 0.5619587 -3.4407134e-07 0.90625 1
-0.02852153 0.25119385 2.6914089 -0.38010028 0.38798028 -0.83963984 0.875 0.5
-0.028521549 0.25119406 3.0962744 -0.6998155 0.7143236 -4.2668705e-07 0.875 1
-0.022411097 0.25604695 2.6914089 -0.27353832 0.41882244 -0.86588943 0.84375 0.5
-0.015439769 0.25965336 3.0962744 -0.37479725 0.9271068 -5.383441e-07 0.8125 1
-0.015439752 0.25965315 2.6914089 -0.17667265 0.4370199 -0.8819298 0.8125 0.5
-0.007875402 0.26187384 2.6914089 -0.086637765 0.44659162 -0.89053345 0.78125 0.5
-0.00787542 0.26187405 3.0962744 -0.19044371 0.9816981 -5.608849e-07 0.78125 1
-8.738356e-06 0.26262367 2.6914089 1.1355331e-06 0.44926536 -0.8933984 0.75 0.5
-8.756054e-06 0.26262388 3.0962744 -1.3065627e-06 0.99999994 -5.634059e-07 0.75 1
0.007857922 0.26187384 2.6914089 0.08663092 0.44660455 -0.8905276 0.71875 0.5
0.007857905 0.26187405 3.0962744 0.19044448 0.981698 -5.344011e-07 0.71875 1
0.0154222725 0.25965318 2.6914089 0.17667185 0.43702206 -0.88192904 0.6875 0.5
0.015422255 0.25965336 3.0962744 0.3747983 0.9271063 -4.965478e-07 0.6875 1
0.022393618 0.25604695 2.6914089 0.27354085 0.41886166 -0.8658697 0.65625 0.5
0.0223936 0.2560472 3.0962744 0.54678077 0.8372758 -4.4007976e-07 0.65625 1
0.028504055 0.25119385 2.6914089 0.380075 0.38812393 -0.8395848 0.625 0.5
0.028504036 0.25119406 3.0962744 0.69981647 0.7143227 -3.6299926e-07 0.625 1
0.03351876 0.2452803 2.6914089 0.49661797 0.33735883 -0.79972464 0.59375 0.5
0.033518746 0.24528052 3.0962744 0.8271664 0.5619572 -2.8427368e-07 0.59375 1
0.03724502 0.23853359 2.6914089 0.61483806 0.25748602 -0.7454362 0.5625 0.5
0.037245005 0.23853381 3.0962744 0.92242056 0.38618693 -1.7677289e-07 0.5625 1
0.039539643 0.23121297 2.6914089 0.7102778 0.14179839 -0.68949157 0.53125 0.5
0.040314425 0.22360002 3.0962744 0.99999994 -4.0525354e-08 4.617481e-08 0.5 1
0.04031444 0.22359979 2.6914089 0.74774426 -2.97143e-07 -0.6639867 0.5 0.5
0.03953963 0.21598685 3.0962744 0.98064953 -0.19577174 1.4618354e-07 0.46875 1
0.039539646 0.21598662 2.6914089 0.71026367 -0.14180133 -0.68950546 0.46875 0.5
0.037245024 0.20866601 2.6914089 0.61482507 -0.25755692 -0.7454223 0.4375 0.5
0.03724501 0.20866624 3.0962744 0.92242044 -0.38618702 2.3635872e-07 0.4375 1
0.033518758 0.20191929 2.6914089 0.49662688 -0.33739865 -0.7997024 0.40625 0.5
0.033518743 0.20191951 3.0962744 0.8271665 -0.561957 3.344953e-07 0.40625 1
0.02850406 0.19600575 2.6914089 0.3800759 -0.38812345 -0.8395847 0.375 0.5
0.028504042 0.19600597 3.0962744 0.6998154 -0.71432376 4.10301e-07 0.375 1
0.02239363 0.19115263 2.6914089 0.27353188 -0.41886517 -0.8658708 0.34375 0.5
0.022393612 0.19115286 3.0962744 0.5467807 -0.8372759 4.6684968e-07 0.34375 1
0.015422286 0.18754643 2.6914089 0.17664735 -0.43730965 -0.88179135 0.3125 0.5
0.007857913 0.18532597 3.0962744 0.19044228 -0.9816984 5.6157563e-07 0.28125 1
0.007857931 0.18532574 2.6914089 0.086636975 -0.4465951 -0.8905318 0.28125 0.5
-8.734706e-06 0.1845759 2.6914089 2.8986685e-07 -0.44955173 -0.89325434 0.25 0.5
-8.752404e-06 0.18457612 3.0962744 -1.562804e-06 -0.99999994 5.6354673e-07 0.25 1
-0.0078754 0.18532574 2.6914089 -0.08663422 -0.44653797 -0.8905607 0.21875 0.5
-0.007875417 0.18532597 3.0962744 -0.19044314 -0.9816982 5.453243e-07 0.21875 1
-0.015439753 0.18754643 2.6914089 -0.17667337 -0.4370218 -0.88192886 0.1875 0.5
-0.015439771 0.18754666 3.0962744 -0.37479806 -0.9271064 5.0581735e-07 0.1875 1
-0.022411086 0.19115262 2.6914089 -0.2735395 -0.41887933 -0.8658616 0.15625 0.5
-0.022411104 0.19115284 3.0962744 -0.546781 -0.8372756 4.247374e-07 0.15625 1
-0.028521525 0.19600575 2.6914089 -0.38007614 -0.3881235 -0.8395845 0.125 0.5
-0.028521543 0.19600597 3.0962744 -0.69981605 -0.7143232 3.2997582e-07 0.125 1
-0.033536233 0.20191929 2.6914089 -0.49661162 -0.3373879 -0.7997164 0.09375 0.5
-0.033536248 0.20191951 3.0962744 -0.82716674 -0.5619565 2.4326195e-07 0.09375 1
-0.037262496 0.20866601 2.6914089 -0.6148606 -0.25734717 -0.7454656 0.0625 0.5
-0.039557144 0.23121329 3.2456698 -0.7102497 0.14179057 0.68952215 0.96875 1
-0.03726252 0.2385339 3.2456698 -0.61487 0.2574238 0.74543124 0.9375 1
-0.03726251 0.20866624 3.0962744 -0.9224204 -0.3861872 1.485875e-07 0.0625 1
-0.03955712 0.21598662 2.6914089 -0.7102776 -0.14179322 -0.68949276 0.03125 0.5
-0.039557137 0.21598685 3.0962744 -0.9806494 -0.1957719 5.8572056e-08 0.03125 1
-0.04033192 0.22359979 2.6914089 -0.7477445 -1.6918054e-07 -0.66398656 0 0.5
0.039539643 0.23121297 2.6914089 0.7102778 0.14179839 -0.68949157 0.79682165 0.014611527
0.007857931 0.18532574 2.6914089 0.086636975 -0.4465951 -0.8905318 0.51461154 0.20317832
-0.03955712 0.21598662 2.6914089 -0.7102776 -0.14179322 -0.68949276 0.70317835 0.48538846
0.037245 0.2086663 3.2456698 0.61487144 -0.25742358 0.74543035 0.15815598 0.028268918
0.015422248 0.25965345 3.2456698 0.17668056 0.43704215 0.88191724 0.4717311 0.15815598
-0.03726252 0.2385339 3.2456698 -0.61487 0.2574238 0.74543124 0.34184402 0.47173107
0.022393594 0.25604728 3.2456698 0.273572 0.4185701 0.86600083 0.65625 1
0.028504036 0.19600606 3.2456698 0.38010985 -0.38795242 0.83964837 0.375 1
-0.033536255 0.20191957 3.2456698 -0.49660563 -0.33738324 0.7997221 0.09375 1
-0.007875427 0.26187414 3.2456698 -0.08664628 0.44628772 0.89068496 0.78125 1
0.039539628 0.2312132 3.0962744 0.98064953 0.19577165 -5.8430693e-08 0.53125 1
0.040314417 0.22360009 3.2456698 0.7477643 3.398361e-07 0.66396415 0.5 1
-0.007875424 0.18532605 3.2456698 -0.086631596 -0.4465737 0.89054304 0.21875 1
-0.03353626 0.2452806 3.2456698 -0.49660698 0.33738244 0.7997216 0.90625 1
0.02850403 0.25119415 3.2456698 0.38009146 0.3880531 0.8396102 0.625 1
0.022393607 0.19115293 3.2456698 0.27351317 -0.41899928 0.86581177 0.34375 1
-0.037262518 0.2086663 3.2456698 -0.61486834 -0.2574303 0.7454305 0.0625 1
-8.762584e-06 0.26262397 3.2456698 -1.5444527e-07 0.44969508 0.89318216 0.75 1
0.039539624 0.21598691 3.2456698 0.71024764 -0.14179018 0.6895245 0.46875 1
-0.015439778 0.18754673 3.2456698 -0.17668124 -0.43704158 0.8819175 0.1875 1
-0.028521555 0.25119415 3.2456698 -0.38010642 0.38798982 0.8396328 0.875 1
0.03351874 0.2452806 3.2456698 0.4965777 0.33752614 0.79967904 0.59375 1
0.015422261 0.18754673 3.2456698 0.1766775 -0.4370319 0.881923 0.3125 1
0.015422268 0.18754666 3.0962744 0.374799 -0.9271062 5.379183e-07 0.3125 1
-0.039557144 0.21598691 3.2456698 -0.7102455 -0.14179012 0.6895266 0.03125 1
0.007857898 0.26187414 3.2456698 0.086631246 0.44657087 0.89054453 0.71875 1
0.037245 0.2086663 3.2456698 0.61487144 -0.25742358 0.74543035 0.4375 1
-0.02241111 0.19115293 3.2456698 -0.27353233 -0.41885617 0.86587507 0.15625 1
-0.022411115 0.2560472 3.0962744 -0.5467813 0.83727556 -4.962133e-07 0.84375 1
-0.022411121 0.25604728 3.2456698 -0.2735102 0.41899744 0.86581373 0.84375 1
0.037244998 0.2385339 3.2456698 0.6148646 0.25743553 0.7454317 0.5625 1
0.007857907 0.18532605 3.2456698 0.086604744 -0.44714636 0.89025825 0.28125 1
-0.04033194 0.22360009 3.2456698 -0.7477647 -4.992381e-07 0.66396374 0 1
-0.040331934 0.22360002 3.0962744 -0.99999994 6.599821e-07 -4.491042e-08 0 1
0.015422248 0.25965345 3.2456698 0.17668056 0.43704215 0.88191724 0.6875 1
0.033518735 0.20191957 3.2456698 0.49660635 -0.33738285 0.79972184 0.40625 1
-0.028521549 0.19600603 3.2456698 -0.38009095 -0.38805524 0.83960944 0.125 1
-0.015439776 0.25965345 3.2456698 -0.17667894 0.43701738 0.8819299 0.8125 1
0.03953962 0.23121329 3.2456698 0.7102474 0.14179097 0.68952453 0.53125 1
-8.758934e-06 0.18457621 3.2456698 1.2480562e-06 -0.449491 0.8932849 0.25 1
0.06163865 0.23319289 0.74090195 0.99999994 7.54979e-08 2.6689406e-08 0.625 1
0.061638653 0.19821095 0.7913562 0.66829413 -0.32673636 0.66830117 0.5 1
0.061638653 0.19821095 0.74090195 0.8983853 -0.43920827 -3.5566686e-08 0.5 1
-0.061655935 0.19821103 0.26958004 -0.99999994 -7.54979e-08 -4.9200185e-08 0.5 0.37940288
-0.06165594 0.23319297 0.26958004 -0.99999994 -7.54979e-08 -4.9114387e-08 0.625 0.37940288
-0.06165592 0.2073602 -0.12264799 -0.7071117 -5.338545e-08 -0.7071018 0.5 0.5
0.061638657 0.2331929 0.6054997 0.99999994 7.54979e-08 2.7936213e-08 0.625 0.9738813
0.061638657 0.19821097 0.6904478 0.9375464 -0.15277793 0.31251535 0.5 1
0.06163866 0.198211 0.6054997 0.99999994 7.54979e-08 4.3594117e-08 0.5 0.9738813
-0.061655916 0.15782078 -0.12264799 -0.66831076 -0.3267055 -0.66829973 0.375 0.5
0.06163868 0.15782072 0.26958004 0.89839 -0.4391986 7.882012e-10 0.25440285 0.75
-0.06165593 0.15782072 0.26958004 -0.8983794 -0.43922028 -7.7777386e-08 0.25440285 0.5
0.061638646 0.28779632 0.7913562 0.6662821 0.22176997 0.7119594 0.625 1
0.06163865 0.23319288 0.7913562 0.70710677 5.3385072e-08 0.7071067 0.625 1
0.06163866 0.15782064 0.6904478 0.66828704 -0.32673332 0.6683097 0.375 1
0.061638664 0.15782066 0.6054997 0.898381 -0.43921703 -4.969678e-08 0.375 0.9738813
0.061638694 0.15782078 -0.12264799 0.6683136 -0.3267234 -0.668288 0.375 0.75
-0.06165593 0.15782072 0.26958004 -0.8983794 -0.43922028 -7.7777386e-08 0.375 0.37940288
0.061638657 0.19821097 0.6904478 0.9375464 -0.15277793 0.31251535 0.5 0
-0.06165595 0.15782064 0.6904478 -0.6683033 -0.32672393 0.6682979 0.375 0.25
0.06163866 0.15782064 0.6904478 0.66828704 -0.32673332 0.6683097 0.375 0
-0.06165596 0.23319289 0.74090195 -0.99999994 -7.54979e-08 -5.655078e-08 0.625 0.25
-0.061655965 0.28779632 0.79135394 -0.6663104 0.22177069 0.71193266 0.625 0.24999999
-0.061655965 0.29583636 0.74090195 -0.9844406 0.17515786 0.014009611 0.625 0.25
0.061638653 0.19821095 0.74090195 0.8983853 -0.43920827 -3.5566686e-08 0.5 0
-0.061655957 0.19821095 0.7913562 -0.66830444 -0.32670838 0.66830444 0.5 0.25
-0.061655957 0.19821095 0.74090195 -0.8983852 -0.43920836 -1.14017816e-07 0.5 0.25
-0.06165596 0.2958364 0.6904478 -0.98454857 0.17460793 -0.013278307 0.625 0.25
-0.061655957 0.23319289 0.6904478 -0.99999994 -7.54979e-08 -3.8386823e-08 0.625 0.25
-0.06165596 0.23319288 0.7913562 -0.7070881 -5.3383676e-08 0.70712537 0.625 0.25
0.061638653 0.23319289 0.6904478 0.99999994 7.54979e-08 4.3704244e-08 0.625 1
0.061638646 0.29583636 0.74090195 0.9844408 0.17515716 0.01400966 0.625 1
-0.060373608 0.29870677 0.7442344 -0.7011042 0.70719165 0.09128471 0.87500006 0.50260025
0.060356293 0.29171672 0.78802377 0.61553717 0.7028049 0.3566218 0.87499994 0.74739975
0.060356293 0.29870677 0.7442344 0.70109797 0.70719767 0.0912861 0.87499994 0.7473998
-0.06165596 0.2642568 0.7913562 -0.70555955 3.244203e-05 0.7086505 0.625 0.25
-0.061655965 0.28779632 0.79135394 -0.6663104 0.22177069 0.71193266 3298.644 0.00024414062
0.061638646 0.28779632 0.7913562 0.6662821 0.22176997 0.7119594 0.6092708 0
-0.06165596 0.2642568 0.7913562 -0.70555955 3.244203e-05 0.7086505 0.5 0.25
0.06163865 0.2642568 0.7913562 -4.3711385e-08 -3.3001179e-15 0.99999994 0.5 0
-0.060373593 0.27039587 0.51717716 -0.7146789 0.69885844 -0.028827451 0.82172495 0.5026002
0.060356315 0.26893023 0.32333913 -0.3066296 0.949661 0.06420362 0.7621262 0.7473998
-0.060373586 0.26893023 0.32333913 0.30662838 0.94966143 0.06420452 0.76212627 0.5026002
-0.060373586 0.29333 0.266246 -0.254591 0.9593877 -0.12148516 0.744572 0.5026002
0.060356334 0.23302531 -0.119313955 0.6164779 0.70263076 -0.3553377 0.62602514 0.74739987
-0.060373567 0.23302531 -0.119313955 -0.61647135 0.70263684 -0.35533738 0.6260252 0.5026002
0.061638653 0.19821095 0.7913562 0.66829413 -0.32673636 0.66830117 0.5 0
-0.061655924 0.22910228 -0.12264799 -0.66641676 0.22182554 -0.711816 0.625 0.5
-0.06165592 0.2073602 -0.12264799 -0.7071117 -5.338545e-08 -0.7071018 0.625 0.5
-0.061655942 0.26994383 0.3185436 -0.90096897 0.3960783 0.17713489 0.76065177 0.5
0.06163867 0.29785427 0.28037825 0.869983 0.4704643 0.14762388 0.74891716 0.75
-0.061655942 0.29785427 0.28037825 -0.86940765 0.4796796 0.118481606 0.74891716 0.5
-0.061655946 0.198211 0.5205517 -0.99999994 -7.54979e-08 -4.373847e-08 0.5 0.3022374
-0.061655935 0.15782072 0.3199646 -0.89838654 -0.4392056 -7.689626e-08 0.375 0.36391127
-0.061655942 0.15782067 0.5205517 -0.89838094 -0.4392172 -1.2134592e-07 0.375 0.3022374
0.061638676 0.19821103 0.2764842 0.99999994 7.54979e-08 4.3711385e-08 0.5 0.87271994
0.061638676 0.15782072 0.3199646 0.89838654 -0.43920568 1.5547975e-09 0.375 0.8860887
0.06163868 0.15782072 0.2764842 0.89837945 -0.43922007 3.9269416e-08 0.375 0.87271994
0.06163866 0.26701936 0.5205517 0.9880632 0.15333992 -0.014764982 0.625 0.9477626
0.061638653 0.2829438 0.6054997 0.9856481 0.16643053 -0.028260805 0.625 0.9738813
-0.061655935 0.15782072 0.3199646 -0.89838654 -0.4392056 -7.689626e-08 0.2389113 0.5
0.06163867 0.15782067 0.5205517 0.89838666 -0.4392054 -4.2887674e-08 0.17723742 0.75
-0.061655942 0.15782067 0.5205517 -0.89838094 -0.4392172 -1.2134592e-07 0.17723742 0.5
0.061638672 0.23319297 0.2764842 0.99999994 7.54979e-08 5.417409e-08 0.625 0.87271994
0.061638672 0.19821103 0.3199646 0.99999994 7.54979e-08 4.3719027e-08 0.5 0.8860887
-0.06165595 0.23319292 0.5205517 -0.99999994 -7.54979e-08 -4.372552e-08 0.625 0.3022374
-0.06165594 0.19821103 0.3199646 -0.99999994 -7.54979e-08 -4.3712195e-08 0.5 0.36391127
-0.061655954 0.2331929 0.6054997 -0.99999994 -7.54979e-08 -7.952784e-08 0.625 0.2761187
-0.06165595 0.198211 0.6054997 -0.99999994 -7.54979e-08 -4.372668e-08 0.5 0.2761187
0.061638664 0.15782066 0.6054997 0.898381 -0.43921703 -4.969678e-08 0.15111871 0.75
-0.061655946 0.15782066 0.6054997 -0.8983809 -0.4392172 -1.2814697e-07 0.15111871 0.5
-0.0603736 0.28572497 0.60218287 -0.7028305 0.70002604 -0.12646337 0.84786147 0.5026002
0.060356308 0.27104318 0.5238685 0.71102613 0.69504595 -0.106550366 0.8237823 0.74739987
-0.060373593 0.27104318 0.5238685 -0.71102905 0.69504297 -0.1065503 0.8237823 0.5026002
-0.061655946 0.15782066 0.6054997 -0.8983809 -0.4392172 -1.2814697e-07 0.375 0.2761187
-0.06165594 0.23319297 0.2764842 -0.99999994 -7.54979e-08 -4.766728e-08 0.625 0.37728006
-0.061655942 0.29652163 0.27407628 -0.8189201 0.43361747 -0.37595984 0.625 0.3780204
-0.061655942 0.29359075 0.2723881 -0.9123241 0.32129186 -0.25384307 0.625 0.37853944
-0.061655942 0.23319297 0.3199646 -0.99999994 -7.54979e-08 -7.117048e-08 0.625 0.36391127
-0.06165595 0.26701936 0.5205517 -0.9880632 0.15333979 -0.01476549 0.625 0.3022374
-0.061655942 0.26994383 0.3185436 -0.90096897 0.3960783 0.17713489 0.62500006 0.36434817
0.06163867 0.15782067 0.5205517 0.89838666 -0.4392054 -4.2887674e-08 0.375 0.9477626
0.06163866 0.23319292 0.5205517 0.99999994 7.54979e-08 4.3714476e-08 0.625 0.9477626
0.061638664 0.198211 0.5205517 0.99999994 7.54979e-08 4.3661505e-08 0.5 0.9477626
-0.061655954 0.19821097 0.6904478 -0.93754214 -0.15278804 0.31252295 0.5 0.25
-0.060373604 0.29923874 0.6938224 -0.7041617 0.7097522 -0.02020153 0.875 0.5026002
0.060356293 0.29923874 0.7375273 0.703903 0.70997834 0.021242727 0.87500006 0.74739987
0.060356297 0.29923874 0.6938224 0.7041545 0.70975935 -0.020201905 0.87500006 0.7473999
0.06163866 0.15782064 0.6904478 0.66828704 -0.32673332 0.6683097 0.125 0.75
-0.06165595 0.15782064 0.6904478 -0.6683033 -0.32672393 0.6682979 0.125 0.5
0.061638672 0.23319297 0.26958004 0.99999994 7.54979e-08 5.0191396e-08 0.625 0.8705971
0.06163867 0.2973041 0.27305964 0.85532767 0.46061525 -0.23716727 0.625 0.8716671
0.06163867 0.29587775 0.2764842 0.99999994 7.54979e-08 -2.1531011e-07 0.62499994 0.87272
-0.061655957 0.2829438 0.6054997 -0.9856481 0.1664304 -0.028260387 0.625 0.2761187
-0.060373604 0.2987324 0.6871113 -0.7016267 0.7072365 -0.08681279 0.87397426 0.50260025
0.0603563 0.28685313 0.60883605 0.704114 0.701337 -0.11113062 0.84990704 0.7473998
-0.0603736 0.28685313 0.60883605 -0.70411706 0.70133394 -0.1111296 0.8499071 0.5026002
0.06163865 0.2642568 0.7913562 -4.3711385e-08 -3.3001179e-15 0.99999994 0.5 1
0.061638676 0.19821103 0.26958004 0.99999994 7.54979e-08 4.3673143e-08 0.5 0.8705971
0.06163868 0.15782072 0.26958004 0.89839 -0.4391986 7.882012e-10 0.375 0.8705971
0.06163867 0.29785427 0.28037825 0.869983 0.4704643 0.14762388 0.625 0.8739173
0.06163867 0.26994383 0.3185436 0.9009612 0.39609256 0.17714342 0.625 0.8856518
-0.061655942 0.29785427 0.28037825 -0.86940765 0.4796796 0.118481606 0.625 0.37608275
-0.061655942 0.29587775 0.2764842 -0.99999994 -7.54979e-08 -5.9517373e-07 0.62499994 0.37728006
-0.06165593 0.15782072 0.2764842 -0.8983865 -0.4392058 -3.9269718e-08 0.375 0.37728006
0.06163867 0.23319297 0.3199646 0.99999994 7.54979e-08 4.758542e-08 0.625 0.8860887
-0.06165593 0.15782072 0.2764842 -0.8983865 -0.4392058 -3.9269718e-08 0.25228006 0.5
0.061638676 0.15782072 0.3199646 0.89838654 -0.43920568 1.5547975e-09 0.2389113 0.75
-0.061655935 0.19821103 0.2764842 -0.99999994 -7.54979e-08 -4.3711385e-08 0.5 0.37728006
0.061638687 0.22910228 -0.12264799 0.66662985 0.22192013 -0.7115871 0.625 0.75
0.06163867 0.29512614 0.27086464 0.89008665 0.38162097 -0.24922131 0.625 0.8709921
0.06163869 0.2073602 -0.12264799 0.7071104 5.3385353e-08 -0.70710313 0.625 0.75
0.06163868 0.15782072 0.2764842 0.89837945 -0.43922007 3.9269416e-08 0.25228006 0.75
0.06163865 0.2958364 0.6904478 0.9845485 0.17460789 -0.013278216 0.875 0.75
0.060356297 0.2987324 0.6871113 0.7016296 0.70723367 -0.08681276 0.875 0.7473998
-0.060373604 0.2987324 0.6871113 -0.7016267 0.7072365 -0.08681279 0.875 0.5026002
-0.06165596 0.2958364 0.6904478 -0.98454857 0.17460793 -0.013278307 0.875 0.5
0.060356308 0.27039587 0.51717716 0.71468085 0.6988565 -0.028826907 0.82175875 0.7473998
0.060356308 0.27104318 0.5238685 0.71102613 0.69504595 -0.106550366 0.8237823 0.75
0.06163866 0.26701936 0.5205517 0.9880632 0.15333992 -0.014764982 0.8227625 0.75
-0.060373593 0.27039587 0.51717716 -0.7146789 0.69885844 -0.028827451 0.8217587 0.5026002
-0.06165595 0.26701936 0.5205517 -0.9880632 0.15333979 -0.01476549 0.8227625 0.5
-0.060373593 0.27104318 0.5238685 -0.71102905 0.69504297 -0.1065503 0.8237823 0.5
0.0603563 0.28685313 0.60883605 0.704114 0.701337 -0.11113062 0.84990036 0.7473998
0.061638653 0.2829438 0.6054997 0.9856481 0.16643053 -0.028260805 0.84869176 0.75
0.0603563 0.28572497 0.60218287 0.7028333 0.70002306 -0.12646368 0.8478614 0.75
-0.061655957 0.2829438 0.6054997 -0.9856481 0.1664304 -0.028260387 0.84869176 0.5
-0.0603736 0.28685313 0.60883605 -0.70411706 0.70133394 -0.1111296 0.84888124 0.5026002
0.061638646 0.29583636 0.74090195 0.9844408 0.17515716 0.01400966 0.875 0.75
0.060356293 0.29923874 0.7375273 0.703903 0.70997834 0.021242727 0.875 0.75
0.060356293 0.29870677 0.7442344 0.70109797 0.70719767 0.0912861 0.875 0.7473998
-0.060373608 0.29870677 0.7442344 -0.7011042 0.70719165 0.09128471 0.875 0.5026002
-0.060373608 0.29923874 0.7375273 -0.70389426 0.70998704 0.02124234 0.875 0.5
-0.061655965 0.29583636 0.74090195 -0.9844406 0.17515786 0.014009611 0.875 0.5
0.060356297 0.2987324 0.6871113 0.7016296 0.70723367 -0.08681276 0.87397414 0.7473998
-0.061655942 0.29359075 0.2723881 -0.9123241 0.32129186 -0.25384307 0.7455971 0.5
0.06163865 0.2958364 0.6904478 0.9845485 0.17460789 -0.013278216 0.87484485 0.75
0.061638653 0.2829438 0.6054997 0.9856481 0.16643053 -0.028260805 0.84888124 0.75
-0.060373608 0.29171672 0.78802377 -0.615494 0.7027643 0.35677677 0.87500006 0.5026002
0.061638646 0.28779632 0.7913562 0.6662821 0.22176997 0.7119594 0.875 0.75
-0.06165595 0.26701936 0.5205517 -0.9880632 0.15333979 -0.01476549 0.82275456 0.5
0.06163866 0.26701936 0.5205517 0.9880632 0.15333992 -0.014764982 0.82275456 0.75
0.06163867 0.26994383 0.3185436 0.9009612 0.39609256 0.17714342 0.76108867 0.75
-0.06165596 0.2958364 0.6904478 -0.98454857 0.17460793 -0.013278307 0.87484485 0.5
-0.060373608 0.29923874 0.7375273 -0.70389426 0.70998704 0.02124234 0.875 0.5026002
0.060356315 0.29333 0.26624596 -0.32630306 0.92185044 -0.20908834 0.7445719 0.74739987
-0.061655942 0.29359075 0.2723881 -0.9123241 0.32129186 -0.25384307 0.74599206 0.5
0.06163865 0.2958364 0.6904478 0.9845485 0.17460789 -0.013278216 0.625 1
-0.061655942 0.29785427 0.28037825 -0.86940765 0.4796796 0.118481606 0.62499994 0.3760828
-0.061655942 0.29587775 0.2764842 -0.99999994 -7.54979e-08 -5.9517373e-07 0.625 0.37728006
0.06163867 0.2973041 0.27305964 0.85532767 0.46061525 -0.23716727 0.62499994 0.8716671
0.06163867 0.29587775 0.2764842 0.99999994 7.54979e-08 -2.1531011e-07 0.625 0.87272
-0.061655942 0.29652163 0.27407628 -0.8189201 0.43361747 -0.37595984 0.7467042 0.5
0.06163867 0.2973041 0.27305964 0.85532767 0.46061525 -0.23716727 0.7466669 0.75
0.06163867 0.29512614 0.27086464 0.89008665 0.38162097 -0.24922131 0.74599206 0.75
-0.06771612 0.18985966 1.8006101 -0.7049913 -0.033945527 -0.70840317 0.017401088 1
0.067869395 0.19340421 1.8006101 0.69274294 0.30696172 -0.6525962 0.48642167 1.0000001
0.067698725 0.18985966 1.8006101 0.70499283 -0.03393581 -0.7084021 0.48258603 1.0000001
-0.062933706 0.14489704 1.8006101 -0.6932572 -0.1403874 -0.70688456 0.067602225 0.99999994
0.06679214 0.17103176 1.8006101 0.71944845 -0.06995765 -0.69101363 0.46224862 1
0.062916316 0.14489704 1.8006101 0.6932498 -0.14038318 -0.70689267 0.43205622 0.99999994
-0.056639705 0.12081113 1.8006101 -0.6467774 -0.21127814 -0.7328305 0.09770413 1
0.056622326 0.12081114 1.8006101 0.64678717 -0.21127798 -0.73282194 0.4018901 0.99999994
-0.048169404 0.099699676 1.8006101 -0.5760241 -0.28160885 -0.76739347 0.12798983 1
0.048152033 0.099699706 1.8006101 0.5760131 -0.28159857 -0.7674055 0.37157726 0.99999994
0.03783096 0.08237399 1.8006101 0.47617668 -0.34841722 -0.80737925 0.3411671 1
-0.02607309 0.06949981 1.8006101 -0.34395418 -0.40597612 -0.84668696 0.1888931 1
0.02605572 0.0694998 1.8006101 0.34394622 -0.40594444 -0.84670544 0.31069687 1.0000001
0.013278834 0.06157191 1.8006101 0.18149713 -0.44607556 -0.87639904 0.2802029 1
-8.684743e-06 0.058894992 1.8006101 2.2375086e-06 -0.46061736 -0.8875988 0.24999999 0.99999994
-0.013296204 0.06157191 1.8006101 -0.18148962 -0.44608673 -0.87639505 0.21943933 1
-0.06680954 0.17103176 1.8006101 -0.7194522 -0.06996329 -0.69100904 0.03775137 1
0.067869395 0.19340423 1.8475264 0.69274366 0.3069372 0.6526069 0.48642167 1.0000001
-0.06771612 0.18985967 1.8475264 -0.7049922 -0.03395932 0.7084016 0.017401088 1
0.067698725 0.18985967 1.8475264 0.7049992 -0.033946022 0.7083953 0.48258603 1.0000001
0.06679214 0.17103177 1.8475264 0.71945196 -0.06996704 0.6910091 0.46224862 1
-0.062933706 0.14489706 1.8475264 -0.69325775 -0.14038526 0.70688444 0.067602225 0.99999994
0.062916316 0.14489706 1.8475264 0.6932479 -0.14039125 0.70689285 0.43205622 0.99999994
-0.05663971 0.120811164 1.8475264 -0.6467932 -0.21128319 0.7328152 0.09770413 1
0.056622323 0.12081118 1.8475264 0.64678437 -0.2112828 0.7328231 0.4018901 0.99999994
-0.048169408 0.099699706 1.8475264 -0.5760018 -0.2816053 0.76741153 0.12798983 1
0.04815203 0.09969973 1.8475264 0.5760149 -0.28160736 0.76740086 0.37157726 0.99999994
-0.037848316 0.08237399 1.8475264 -0.47617146 -0.34840062 0.80738944 0.15839982 1
0.037830956 0.08237401 1.8475264 0.47615525 -0.34838855 0.8074042 0.3411671 1
0.026055718 0.06949983 1.8475264 0.34396097 -0.40597048 0.846687 0.31069687 1.0000001
-0.026073093 0.069499835 1.8475264 -0.3439534 -0.40593943 0.84670484 0.1888931 1
-0.013296206 0.061571945 1.8475264 -0.18149456 -0.44609016 0.87639225 0.21943933 1
0.013278832 0.061571945 1.8475264 0.1814902 -0.44607136 0.8764027 0.2802029 1
-8.686794e-06 0.058895025 1.8475264 -2.1685175e-06 -0.4606172 0.8875989 0.24999999 0.99999994
-0.06680954 0.17103177 1.8475264 -0.71944064 -0.069958925 0.6910216 0.03775137 1
-0.06788679 0.19340421 1.8006101 -0.6927424 0.30693695 -0.6526084 0.013578417 1
-0.037848312 0.082373954 1.8006101 -0.47616303 -0.34839094 -0.80739856 0.15839982 1
-0.06788679 0.19340424 1.8475264 -0.69275004 0.30692473 0.65260595 0.013578417 1
-0.03295712 0.15369856 3.0962744 -0.99999994 8.2340854e-08 -3.8952557e-08 1 1
-0.032324012 0.1597223 2.6914089 -0.70908004 0.14586656 -0.68987566 0.96875 0.5
-0.032957107 0.15369834 2.6914089 -0.74886495 -3.4365672e-07 -0.6627226 1 0.5
-0.032324027 0.15972254 3.0962744 -0.9794899 0.201493 -1.5823954e-07 0.96875 1
-0.03044906 0.16551477 2.6914089 -0.60913616 0.26303646 -0.74817437 0.9375 0.5
-0.03044908 0.16551499 3.0962744 -0.9180624 0.3964358 -2.6828164e-07 0.9375 1
-0.027404303 0.17085312 2.6914089 -0.48801163 0.3421427 -0.80298376 0.90625 0.5
-0.023306768 0.17553246 3.0962744 -0.6883835 0.7253469 -4.359603e-07 0.875 1
-0.02330675 0.17553224 2.6914089 -0.37117442 0.3908459 -0.8422998 0.875 0.5
-0.01831387 0.17937227 2.6914089 -0.265924 0.42053756 -0.8674288 0.84375 0.5
-0.018313888 0.17937249 3.0962744 -0.53456837 0.8451252 -4.996072e-07 0.84375 1
-0.012617531 0.18222567 2.6914089 -0.17130947 0.43752345 -0.88273793 0.8125 0.5
-0.012617549 0.1822259 3.0962744 -0.36459258 0.9311671 -5.4137786e-07 0.8125 1
-0.006436644 0.1839828 2.6914089 -0.0838847 0.44648528 -0.8908503 0.78125 0.5
-8.750439e-06 0.18457633 3.0962744 1.3317348e-06 0.99999994 -5.634314e-07 0.75 1
-8.732741e-06 0.18457611 2.6914089 1.8596364e-07 0.44945052 -0.89330524 0.75 0.5
0.006419157 0.18398303 3.0962744 0.1846526 0.9828039 -5.454976e-07 0.71875 1
0.006419175 0.1839828 2.6914089 0.08388833 0.44629315 -0.8909462 0.71875 0.5
0.012600062 0.18222567 2.6914089 0.17128931 0.43774495 -0.8826321 0.6875 0.5
0.012600045 0.1822259 3.0962744 0.36459166 0.9311675 -4.9170677e-07 0.6875 1
0.018296402 0.17937227 2.6914089 0.2659431 0.42045468 -0.86746305 0.65625 0.5
0.018296383 0.1793725 3.0962744 0.5345689 0.8451249 -4.402892e-07 0.65625 1
0.023289286 0.17553224 2.6914089 0.37117535 0.3908472 -0.84229887 0.625 0.5
0.023289267 0.17553246 3.0962744 0.6883837 0.7253468 -3.8366898e-07 0.625 1
0.02738684 0.17085312 2.6914089 0.48798445 0.3421917 -0.80297947 0.59375 0.5
0.027386822 0.17085335 3.0962744 0.8188004 0.5740783 -2.8754434e-07 0.59375 1
0.030431595 0.16551477 2.6914089 0.6091368 0.26303622 -0.74817395 0.5625 0.5
0.030431576 0.16551499 3.0962744 0.91806227 0.396436 -1.8993725e-07 0.5625 1
0.03230655 0.1597223 2.6914089 0.70909166 0.14587592 -0.68986183 0.53125 0.5
0.032306533 0.15972254 3.0962744 0.9794899 0.20149305 -7.970454e-08 0.53125 1
0.032939643 0.15369834 2.6914089 0.7488649 1.9336563e-09 -0.66272265 0.5 0.5
0.032939628 0.15369856 3.0962744 0.99999994 -4.1462127e-07 4.9912135e-08 0.5 1
0.03230655 0.1476744 2.6914089 0.70908093 -0.14586088 -0.6898759 0.46875 0.5
0.032306533 0.14767462 3.0962744 0.9794899 -0.20149294 1.693487e-07 0.46875 1
0.030431597 0.14188194 2.6914089 0.60915536 -0.2629278 -0.7481971 0.4375 0.5
0.030431578 0.14188217 3.0962744 0.91806227 -0.39643618 2.6768328e-07 0.4375 1
0.027386837 0.13654357 2.6914089 0.48801064 -0.34214926 -0.8029817 0.40625 0.5
0.027386818 0.13654381 3.0962744 0.8187995 -0.57407963 3.5200785e-07 0.40625 1
0.023289291 0.13186447 2.6914089 0.37114015 -0.39106932 -0.8422112 0.375 0.5
0.018296394 0.12802465 3.0962744 0.5345684 -0.84512514 5.034335e-07 0.34375 1
0.018296413 0.12802443 2.6914089 0.2659372 -0.42043206 -0.8674758 0.34375 0.5
0.012600073 0.12517102 2.6914089 0.17130952 -0.43752363 -0.8827379 0.3125 0.5
0.012600055 0.12517124 3.0962744 0.36459184 -0.93116736 5.394261e-07 0.3125 1
0.0064191814 0.12341389 2.6914089 0.08388499 -0.4464779 -0.89085394 0.28125 0.5
0.0064191637 0.123414114 3.0962744 0.18465123 -0.9828041 5.6693926e-07 0.28125 1
-8.729911e-06 0.12282058 2.6914089 2.230098e-07 -0.4492294 -0.89341646 0.25 0.5
-8.747609e-06 0.12282081 3.0962744 1.3259296e-07 -0.99999994 5.6877843e-07 0.25 1
-0.006436642 0.12341389 2.6914089 -0.08388072 -0.446457 -0.89086485 0.21875 0.5
-0.0064366595 0.123414114 3.0962744 -0.18465154 -0.98280406 5.370504e-07 0.21875 1
-0.012617531 0.12517102 2.6914089 -0.17128785 -0.43774518 -0.8826322 0.1875 0.5
-0.012617549 0.12517124 3.0962744 -0.36459407 -0.9311665 5.0148014e-07 0.1875 1
-0.018313859 0.12802443 2.6914089 -0.26594245 -0.4204581 -0.86746156 0.15625 0.5
-0.023306763 0.1318647 3.0962744 -0.6883829 -0.72534746 3.6455904e-07 0.125 1
-0.023306744 0.13186446 2.6914089 -0.3711373 -0.39106736 -0.8422134 0.125 0.5
-0.0274043 0.13654357 2.6914089 -0.4879896 -0.34216535 -0.80298764 0.09375 0.5
-0.02740432 0.13654381 3.0962744 -0.8187995 -0.57407945 2.811686e-07 0.09375 1
-0.03044906 0.14188194 2.6914089 -0.60915554 -0.26292816 -0.74819666 0.0625 0.5
-0.032324035 0.15972263 3.2456698 -0.7090636 0.14586414 0.6898931 0.96875 1
-0.030449085 0.16551507 3.2456698 -0.6091573 0.2630422 0.7481551 0.9375 1
-0.03044908 0.14188217 3.0962744 -0.9180622 -0.39643642 1.8582298e-07 0.0625 1
-0.032324012 0.1476744 2.6914089 -0.7090924 -0.14586858 -0.6898625 0.03125 0.5
-0.032324027 0.14767462 3.0962744 -0.97948986 -0.20149325 7.8025195e-08 0.03125 1
-0.032957107 0.15369834 2.6914089 -0.74886495 -3.4365672e-07 -0.6627226 0 0.5
0.03230655 0.1597223 2.6914089 0.70909166 0.14587592 -0.68986183 0.79682165 0.014611527
0.0064191814 0.12341389 2.6914089 0.08388499 -0.4464779 -0.89085394 0.51461154 0.20317832
-0.032324012 0.1476744 2.6914089 -0.7090924 -0.14586858 -0.6898625 0.70317835 0.48538846
0.030431572 0.14188226 3.2456698 0.609159 -0.2630431 0.74815357 0.15815598 0.028268918
0.012600038 0.18222599 3.2456698 0.1713149 0.43753898 0.88272923 0.4717311 0.15815598
-0.030449085 0.16551507 3.2456698 -0.6091573 0.2630422 0.7481551 0.34184402 0.47173107
0.018296378 0.17937258 3.2456698 0.26590553 0.42065486 0.8673775 0.65625 1
0.023289267 0.13186479 3.2456698 0.37114283 -0.39106548 0.8422119 0.375 1
0.023289273 0.13186471 3.0962744 0.6883831 -0.7253473 4.3530872e-07 0.375 1
-0.027404325 0.13654388 3.2456698 -0.48798755 -0.34214044 0.8029994 0.09375 1
-0.006436662 0.18398303 3.0962744 -0.1846521 0.98280394 -5.6175503e-07 0.78125 1
-0.012617555 0.18222599 3.2456698 -0.17131154 0.4375472 0.8827257 0.8125 1
-0.0064366683 0.18398312 3.2456698 -0.083879985 0.44645125 0.8908678 0.78125 1
0.03293962 0.15369865 3.2456698 0.7488842 3.9997763e-06 0.66270095 0.5 1
-0.006436666 0.1234142 3.2456698 -0.0839014 -0.446011 0.8910862 0.21875 1
-0.027404327 0.17085342 3.2456698 -0.4879885 0.34213942 0.8029992 0.90625 1
-0.027404321 0.17085335 3.0962744 -0.81880033 0.57407844 -3.5893555e-07 0.90625 1
0.023289261 0.17553253 3.2456698 0.37115943 0.3909687 0.84224945 0.625 1
0.018296389 0.12802474 3.2456698 0.26593763 -0.42043242 0.8674755 0.34375 1
-0.030449085 0.14188226 3.2456698 -0.60915315 -0.26304832 0.74815637 0.0625 1
-8.756969e-06 0.18457642 3.2456698 -1.5018071e-06 0.4492318 0.8934152 0.75 1
0.032306526 0.14767471 3.2456698 0.70905644 -0.14591566 0.6898895 0.46875 1
-0.012617555 0.12517132 3.2456698 -0.17131741 -0.43753088 0.88273275 0.1875 1
-0.023306774 0.17553253 3.2456698 -0.37114275 0.39106762 0.8422109 0.875 1
0.027386816 0.17085342 3.2456698 0.48798844 0.34214014 0.80299896 0.59375 1
0.012600048 0.12517132 3.2456698 0.17131321 -0.4375373 0.88273036 0.3125 1
-0.032324035 0.14767471 3.2456698 -0.70906234 -0.14586295 0.68989456 0.03125 1
0.0064191506 0.18398312 3.2456698 0.083878934 0.4464541 0.8908665 0.71875 1
0.030431572 0.14188226 3.2456698 0.609159 -0.2630431 0.74815357 0.4375 1
-0.018313883 0.12802474 3.2456698 -0.2659354 -0.42043284 0.867476 0.15625 1
-0.018313877 0.12802465 3.0962744 -0.53457016 -0.8451241 4.4532393e-07 0.15625 1
-0.018313894 0.17937258 3.2456698 -0.2659663 0.42021137 0.86757386 0.84375 1
0.03043157 0.16551507 3.2456698 0.6091531 0.26304477 0.74815774 0.5625 1
0.006419157 0.1234142 3.2456698 0.083859585 -0.446897 0.8906462 0.28125 1
-0.03295713 0.15369865 3.2456698 -0.74888426 -1.09826175e-07 0.6627008 0 1
-0.03295712 0.15369856 3.0962744 -0.99999994 8.2340854e-08 -3.8952557e-08 0 1
0.012600038 0.18222599 3.2456698 0.1713149 0.43753898 0.88272923 0.6875 1
0.027386812 0.13654388 3.2456698 0.48802918 -0.34191975 0.8030681 0.40625 1
-0.023306768 0.13186477 3.2456698 -0.3711594 -0.39096436 0.8422514 0.125 1
0.032306526 0.15972263 3.2456698 0.70905095 0.14596875 0.68988395 0.53125 1
-8.754139e-06 0.1228209 3.2456698 -2.2112225e-07 -0.44912085 0.893471 0.25 1
-0.031870987 0.22675972 3.2726936 -0.7473895 6.437816e-06 0.6643861 1 1
-0.031258762 0.23283853 3.2456696 -0.710631 0.14048776 -0.68939596 0.96875 0.5
-0.031870987 0.2267597 3.2456696 -0.7473868 -1.5994084e-07 -0.6643892 1 0.5
-0.031258762 0.23283856 3.2726936 -0.7106267 0.1404787 0.6894022 0.96875 1
-0.029445618 0.23868378 3.2456696 -0.6166574 0.25559217 -0.7445846 0.9375 0.5
-0.02944562 0.23868379 3.2726936 -0.6166581 0.2555711 0.7445914 0.9375 1
-0.026501235 0.24407077 3.2456696 -0.4994 0.335833 -0.79863375 0.90625 0.5
-0.026501236 0.2440708 3.2726936 -0.49936643 0.33581114 0.79866385 0.90625 1
-0.022538757 0.24879251 3.2456696 -0.38302162 0.38694504 -0.8387896 0.875 0.5
-0.022538759 0.24879253 3.2726936 -0.3830136 0.38695124 0.83879036 0.875 1
-0.017710466 0.25266755 3.2456696 -0.27604365 0.4182114 -0.8653896 0.84375 0.5
-0.017710468 0.25266755 3.2726936 -0.27602264 0.4183206 0.8653435 0.84375 1
-0.012201909 0.25554696 3.2456696 -0.17842269 0.43706992 -0.88155276 0.8125 0.5
-0.012201911 0.25554696 3.2726936 -0.17844288 0.43684325 0.88166106 0.8125 1
-0.006224777 0.25732008 3.2456696 -0.08754845 0.44662413 -0.89042807 0.78125 0.5
-0.006224778 0.2573201 3.2726936 -0.08754488 0.4466268 0.8904271 0.78125 1
-8.762758e-06 0.2579188 3.2456696 -6.640671e-07 0.44919673 -0.8934329 0.75 0.5
-8.763939e-06 0.25791883 3.2726936 5.8869324e-07 0.44966304 0.89319825 0.75 1
0.0062072473 0.25732008 3.2456696 0.08755011 0.44648775 -0.8904963 0.71875 0.5
0.0062072463 0.2573201 3.2726936 0.08754457 0.44660515 0.890438 0.71875 1
0.012184381 0.25554696 3.2456696 0.17842284 0.43706915 -0.88155305 0.6875 0.5
0.012184379 0.25554696 3.2726936 0.17844188 0.43682742 0.881669 0.6875 1
0.01769294 0.25266755 3.2456696 0.27603376 0.41834256 -0.8653293 0.65625 0.5
0.017692938 0.25266758 3.2726936 0.27602363 0.41833708 0.8653352 0.65625 1
0.022521233 0.24879251 3.2456696 0.38301933 0.38694218 -0.838792 0.625 0.5
0.026483707 0.2440708 3.2726936 0.4993663 0.33581126 0.7986639 0.59375 1
0.026483709 0.24407077 3.2456696 0.49939248 0.33578408 -0.798659 0.59375 0.5
0.02942809 0.23868379 3.2726936 0.61665595 0.25558317 0.744589 0.5625 1
0.029428093 0.23868378 3.2456696 0.61667603 0.25548154 -0.7446072 0.5625 0.5
0.03124124 0.23283856 3.2726936 0.7106279 0.14048305 0.6894001 0.53125 1
0.031241242 0.23283853 3.2456696 0.7106414 0.14048658 -0.68938553 0.53125 0.5
0.031853464 0.2267597 3.2456696 0.7473867 6.6380073e-07 -0.6643893 0.5 0.5
0.031853464 0.22675972 3.2726936 0.7473894 7.766484e-08 0.6643862 0.5 1
0.031241242 0.22068088 3.2456696 0.7106302 -0.1404939 -0.6893955 0.46875 0.5
0.03124124 0.22068088 3.2726936 0.71062636 -0.14048335 0.6894017 0.46875 1
0.029428095 0.21483563 3.2456696 0.61664 -0.25570214 -0.74456143 0.4375 0.5
0.029428093 0.21483566 3.2726936 0.61665463 -0.25559098 0.7445873 0.4375 1
0.02648371 0.20944864 3.2456696 0.49940073 -0.33581588 -0.7986405 0.40625 0.5
0.022521237 0.2047269 3.2726936 0.3830181 -0.38694707 0.83879024 0.375 1
0.022521239 0.20472689 3.2456696 0.38306102 -0.38672087 -0.83887506 0.375 0.5
0.017692951 0.20085186 3.2456696 0.27601397 -0.4184257 -0.8652955 0.34375 0.5
0.01769295 0.20085187 3.2726936 0.2760248 -0.41831955 0.8653433 0.34375 1
0.012184391 0.19797243 3.2456696 0.17844391 -0.4368436 -0.8816606 0.3125 0.5
0.012184389 0.19797245 3.2726936 0.17844273 -0.43684345 0.88166094 0.3125 1
0.006207254 0.19619931 3.2456696 0.087545425 -0.44663385 -0.89042354 0.28125 0.5
-8.761008e-06 0.19560061 3.2726936 8.444022e-08 -0.4496569 0.8932015 0.25 1
-8.759826e-06 0.19560058 3.2456696 6.821152e-07 -0.45011014 -0.8929731 0.25 0.5
-0.0062247743 0.19619931 3.2456696 -0.08754933 -0.4464981 -0.8904912 0.21875 0.5
-0.006224775 0.19619933 3.2726936 -0.08754253 -0.44661424 0.8904336 0.21875 1
-0.01220191 0.19797245 3.2456696 -0.17844631 -0.436842 -0.881661 0.1875 0.5
-0.012201912 0.19797245 3.2726936 -0.17844205 -0.43684417 0.88166064 0.1875 1
-0.017710457 0.20085184 3.2456696 -0.27603605 -0.4183384 -0.8653307 0.15625 0.5
-0.017710458 0.20085186 3.2726936 -0.27602413 -0.4183331 0.86533695 0.15625 1
-0.022538751 0.20472689 3.2456696 -0.38302186 -0.38694337 -0.83879024 0.125 0.5
-0.022538753 0.2047269 3.2726936 -0.38301736 -0.38695106 0.83878875 0.125 1
-0.02650123 0.20944864 3.2456696 -0.4993912 -0.33578724 -0.7986585 0.09375 0.5
-0.026501233 0.20944865 3.2726936 -0.49936748 -0.33582252 0.79865843 0.09375 1
-0.029445618 0.21483563 3.2456696 -0.61665666 -0.25559175 -0.7445854 0.0625 0.5
-0.02944562 0.21483566 3.2726936 -0.6166589 -0.25557896 0.7445878 0.0625 1
-0.031258762 0.22068088 3.2456696 -0.7106416 -0.14048691 -0.6893851 0.03125 0.5
-0.031258762 0.22068089 3.2726936 -0.7106278 -0.14047362 0.68940216 0.03125 1
-0.031870987 0.2267597 3.2456696 -0.7473868 -1.5994084e-07 -0.6643892 0 0.5
0.031241242 0.23283853 3.2456696 0.7106414 0.14048658 -0.68938553 0.79682165 0.014611527
0.006207254 0.19619931 3.2456696 0.087545425 -0.44663385 -0.89042354 0.51461154 0.20317832
-0.031258762 0.22068088 3.2456696 -0.7106416 -0.14048691 -0.6893851 0.70317835 0.48538846
-0.018695945 0.24503452 3.2726936 -0.35684034 0.3605057 0.8618008 0.80123824 1
-0.014691191 0.24824864 3.3116643 -0.27603415 0.41832128 0.8653396 0.78381264 1.0000001
-0.01469119 0.2482486 3.2726936 -0.2599118 0.39390346 0.8816382 0.78381264 1.0000001
-0.02643643 0.22675972 3.2726936 -0.655198 2.214918e-06 0.7554572 0.32334346 1
-0.031870987 0.22675972 3.2726936 -0.7473895 6.437816e-06 0.6643861 0 1
-0.02592863 0.23180173 3.2726936 -0.6280787 0.1241598 0.76818067 0.64540637 0.99999976
-0.024424743 0.23664998 3.2726936 -0.5551658 0.23010911 0.7992751 0.7890049 0.9999999
-0.021982567 0.24111815 3.2726936 -0.4582469 0.3081582 0.83369553 0.8095233 1
-0.010122194 0.2506369 3.2726936 -0.16918074 0.41417447 0.8943363 0.76238436 1
-0.005164548 0.2521076 3.2726936 -0.08331079 0.4250279 0.90133816 0.73881465 0.9999999
0.0051470175 0.2521076 3.2726936 0.08331081 0.42500696 0.9013482 0.6882194 0.9999998
-8.763701e-06 0.2526042 3.2726936 -9.163058e-09 0.4284326 0.90357375 0.71394515 1
0.0101046655 0.2506369 3.2726936 0.1691842 0.41414332 0.89435 0.6618994 0.9999999
0.014673659 0.2482486 3.2726936 0.25991762 0.3939026 0.8816368 0.6351526 0.99999994
0.01867842 0.24503452 3.2726936 0.3568436 0.36052632 0.86179084 0.60809463 1.0000001
0.02196504 0.24111815 3.2726936 0.45825124 0.3081562 0.83369386 0.58081007 0.99999994
0.022521231 0.24879253 3.2726936 0.38301614 0.3869671 0.8387819 0.625 1
0.024407215 0.23664998 3.2726936 0.55516744 0.23010838 0.7992742 0.5533643 1
0.025911106 0.23180173 3.2726936 0.6280781 0.12416469 0.7681804 0.52580994 1.0000001
0.026418904 0.22675972 3.2726936 0.655198 -6.903661e-07 0.7554572 0.49819347 1.0000001
0.025911106 0.22171772 3.2726936 0.628078 -0.12416482 0.7681805 0.47055662 1
0.024407217 0.21686946 3.2726936 0.5551661 -0.23011474 0.7992733 0.44294018 1.0000002
0.026483709 0.20944865 3.2726936 0.4993669 -0.33583638 0.798653 0.40625 1
0.021965038 0.2124013 3.2726936 0.45825016 -0.30815175 0.8336962 0.41538587 1.0000001
0.018678425 0.2084849 3.2726936 0.3568436 -0.36048552 0.86180794 0.38793984 0.99999994
0.014673669 0.20527083 3.2726936 0.25991282 -0.3939032 0.88163805 0.3606553 0.9999999
0.010104673 0.20288254 3.2726936 0.16918139 -0.41416875 0.8943388 0.33359742 1.0000001
0.006207253 0.19619933 3.2726936 0.08754554 -0.44661945 0.89043075 0.28125 1
0.005147023 0.20141184 3.2726936 0.08331004 -0.4250109 0.9013463 0.30685055 0.9999998
-0.0051645455 0.20141184 3.2726936 -0.083311535 -0.4250111 0.9013461 0.25480485 0.99999994
-8.761409e-06 0.20091523 3.2726936 4.3434653e-08 -0.4284321 0.90357405 0.28053045 0.99999994
-0.010122196 0.20288254 3.2726936 -0.16918182 -0.4141693 0.8943385 0.2299353 1
-0.0146911815 0.20527081 3.2726936 -0.25991294 -0.39391136 0.8816344 0.2063656 0.99999994
-0.018695941 0.2084849 3.2726936 -0.35684404 -0.3605148 0.8617955 0.18493743 0.9999998
-0.021982566 0.2124013 3.2726936 -0.45824894 -0.30815774 0.83369464 0.16751167 0.9999995
-0.024424743 0.21686946 3.2726936 -0.5551632 -0.23011361 0.7992757 0.15922664 0.9999997
-0.025928631 0.22171772 3.2726936 -0.6280823 -0.12415946 0.76817787 0.17974494 0.9999997
0.024407215 0.21686949 3.3116643 0.61668116 -0.25560057 0.7445622 0.44294018 1.0000002
0.010104665 0.25063694 3.3116643 0.1784509 0.43686652 0.8816479 0.6618994 0.9999999
-0.024424745 0.23664999 3.3116643 -0.6166813 0.2556055 0.74456036 0.7890049 0.9999999
-0.026436431 0.22675973 3.3116643 -0.7474067 -3.078771e-06 0.66436666 0.32334346 1
0.021965036 0.21240132 3.3116643 0.49940944 -0.33565137 0.7987042 0.41538587 1.0000001
-0.010122195 0.25063694 3.3116643 -0.17845431 0.4368209 0.88166976 0.76238436 1
0.018678423 0.20848495 3.3116643 0.38301888 -0.38698742 0.8387713 0.38793984 0.99999994
-0.0051645497 0.25210762 3.3116643 -0.08754378 0.4466091 0.890436 0.73881465 0.9999999
0.014673668 0.20527084 3.3116643 0.27603272 -0.41832146 0.8653399 0.3606553 0.9999999
-8.765404e-06 0.25260422 3.3116643 -9.2648165e-08 0.44973972 0.8931597 0.71394515 1
0.010104672 0.20288256 3.3116643 0.17845167 -0.43687317 0.88164437 0.33359742 1.0000001
0.0051470157 0.25210762 3.3116643 0.08754333 0.44660902 0.8904361 0.6882194 0.9999998
0.0051470213 0.20141186 3.3116643 0.087512776 -0.44726902 0.8901078 0.30685055 0.9999998
-8.763112e-06 0.20091526 3.3116643 1.3029685e-07 -0.44974896 0.8931549 0.28053045 0.99999994
0.014673658 0.24824864 3.3116643 0.2760728 0.41799235 0.8654861 0.6351526 0.99999994
-0.0051645474 0.20141186 3.3116643 -0.08754363 -0.4466094 0.89043593 0.25480485 0.99999994
0.018678417 0.24503455 3.3116643 0.38302526 0.38694528 0.8387878 0.60809463 1.0000001
-0.010122197 0.20288256 3.3116643 -0.17845498 -0.43686515 0.8816477 0.2299353 1
0.021965038 0.24111816 3.3116643 0.49937937 0.33581415 0.7986546 0.58081007 0.99999994
-0.014691182 0.20527084 3.3116643 -0.27603102 -0.4183225 0.86533993 0.2063656 0.99999994
0.024407214 0.23664999 3.3116643 0.61667424 0.2556102 0.74456453 0.5533643 1
-0.025928631 0.23180175 3.3116643 -0.71061665 0.14044684 0.68941915 0.64540637 0.99999976
-0.018695943 0.20848493 3.3116643 -0.38302243 -0.38696113 0.8387818 0.18493743 0.9999998
0.025911104 0.23180175 3.3116643 0.71059734 0.1406413 0.68939936 0.52580994 1.0000001
-0.021982567 0.21240132 3.3116643 -0.49931931 -0.33614063 0.7985547 0.16751167 0.9999995
0.026418902 0.22675973 3.3116643 0.7474068 5.6445774e-06 0.66436666 0.49819347 1.0000001
-0.02198257 0.24111816 3.3116643 -0.49938425 0.33581161 0.79865265 0.8095233 1
-0.024424745 0.21686949 3.3116643 -0.6166793 -0.25559762 0.74456465 0.15922664 0.9999997
0.025911104 0.22171775 3.3116643 0.7106056 -0.1405623 0.68940693 0.47055662 1
-0.018695947 0.24503455 3.3116643 -0.3830243 0.38699043 0.8387674 0.80123824 1
-0.025928633 0.22171775 3.3116643 -0.71060944 -0.14048564 0.6894187 0.17974494 0.9999997
-0.06425019 0.20787482 2.6914089 -0.73720783 2.0767247e-06 0.6756661 1 1
-0.06301581 0.2249829 2.6452434 -0.71789885 0.10342975 -0.688421 0.96875 0.5
-0.06425019 0.20787479 2.6452434 -0.7371926 4.1478856e-07 -0.6756826 1 0.5
-0.06301581 0.22498293 2.6914089 -0.7178856 0.103406124 0.6884385 0.96875 1
-0.059360106 0.24143355 2.6452434 -0.6627515 0.19912511 -0.72187936 0.9375 0.5
-0.05936011 0.24143359 2.6914089 -0.6627761 0.19909295 0.7218654 0.9375 1
-0.053423557 0.25659457 2.6452434 -0.57923615 0.28108865 -0.7651631 0.90625 0.5
-0.05342356 0.25659457 2.6914089 -0.5792104 0.2810766 0.765187 0.90625 1
-0.045434307 0.26988328 2.6452434 -0.47648346 0.3465817 -0.807988 0.875 0.5
-0.04543431 0.2698833 2.6914089 -0.47650096 0.34652156 0.8080035 0.875 1
-0.035699382 0.28078905 2.6452434 -0.3627578 0.3951643 -0.8439503 0.84375 0.5
-0.035699386 0.28078908 2.6914089 -0.36277062 0.39507955 0.8439843 0.84375 1
-0.024592882 0.28889278 2.6452434 -0.24359155 0.42821792 -0.87022555 0.8125 0.5
-0.024592884 0.28889284 2.6914089 -0.24359538 0.42830837 0.87018 0.8125 1
-0.012541629 0.29388306 2.6452434 -0.12215895 0.44745427 -0.8859243 0.78125 0.5
-0.012541631 0.2938831 2.6914089 -0.12216224 0.44735503 0.885974 0.78125 1
-8.737297e-06 0.29556802 2.6452434 -3.11386e-08 0.4536734 -0.89116794 0.75 0.5
0.012524145 0.2938831 2.6914089 0.12215297 0.44742712 0.88593876 0.71875 1
0.012524147 0.29388306 2.6452434 0.12215649 0.4474467 -0.8859284 0.71875 0.5
0.0245754 0.2888928 2.6452434 0.24357381 0.4283765 -0.87015253 0.6875 0.5
0.024575397 0.28889284 2.6914089 0.24359193 0.42832127 0.87017465 0.6875 1
0.0356819 0.28078908 2.6452434 0.362775 0.39516968 -0.84394026 0.65625 0.5
0.035681896 0.2807891 2.6914089 0.3627414 0.39524072 0.8439215 0.65625 1
0.045416836 0.26988328 2.6452434 0.47649366 0.34649736 -0.80801815 0.625 0.5
0.053406086 0.25659457 2.6914089 0.57922465 0.2809974 0.76520526 0.59375 1
0.05340609 0.25659454 2.6452434 0.5792174 0.28108975 -0.765177 0.59375 0.5
0.059342626 0.24143359 2.6914089 0.6627795 0.19908826 0.7218636 0.5625 1
0.05934263 0.24143355 2.6452434 0.6627613 0.19904852 -0.72189146 0.5625 0.5
0.06299834 0.22498293 2.6914089 0.7178856 0.103406094 0.6884384 0.53125 1
0.06299834 0.22498289 2.6452434 0.7179085 0.10342802 -0.68841124 0.53125 0.5
0.06423272 0.2078748 2.6914089 0.737205 7.275882e-09 0.6756691 0.5 1
0.06423272 0.20787479 2.6452434 0.73719543 2.0599107e-07 -0.6756795 0.5 0.5
0.06299834 0.19076669 2.6452434 0.717899 -0.103428006 -0.6884211 0.46875 0.5
0.06299834 0.19076672 2.6914089 0.71788555 -0.103406034 0.6884385 0.46875 1
0.059342634 0.17431603 2.6452434 0.66275185 -0.19908573 -0.72188973 0.4375 0.5
0.053406082 0.15915504 2.6914089 0.57921153 -0.2810768 0.7651862 0.40625 1
0.053406086 0.15915503 2.6452434 0.5792366 -0.2810841 -0.76516455 0.40625 0.5
0.045416843 0.14586633 2.6914089 0.47650665 -0.34649566 0.80801123 0.375 1
0.045416847 0.1458663 2.6452434 0.47649968 -0.34650058 -0.80801326 0.375 0.5
0.035681922 0.13496056 2.6914089 0.3627504 -0.3951547 0.8439579 0.34375 1
0.035681926 0.13496053 2.6452434 0.36276448 -0.39517066 -0.8439444 0.34375 0.5
0.024575423 0.12685679 2.6452434 0.24357177 -0.42837763 -0.8701526 0.3125 0.5
0.024575422 0.12685682 2.6914089 0.24359357 -0.4283081 0.87018067 0.3125 1
0.012524163 0.12186653 2.6452434 0.12215936 -0.4474591 -0.8859218 0.28125 0.5
0.0125241615 0.12186657 2.6914089 0.122157186 -0.44743422 0.88593465 0.28125 1
-8.72763e-06 0.12018153 2.6452434 -1.6719878e-06 -0.45368162 -0.89116377 0.25 0.5
-8.729648e-06 0.12018157 2.6914089 1.7399635e-06 -0.4536678 0.8911709 0.25 1
-0.01254162 0.12186653 2.6452434 -0.1221579 -0.4474335 -0.88593495 0.21875 0.5
-0.012541622 0.12186657 2.6914089 -0.122143365 -0.44759372 0.88585603 0.21875 1
-0.02459288 0.12685679 2.6452434 -0.24360304 -0.42813784 -0.87026185 0.1875 0.5
-0.024592882 0.12685683 2.6914089 -0.24359183 -0.42832223 0.8701742 0.1875 1
-0.03569936 0.1349605 2.6452434 -0.36277363 -0.39516947 -0.84394103 0.15625 0.5
-0.035699364 0.13496053 2.6914089 -0.3627553 -0.3951607 0.8439529 0.15625 1
-0.045434296 0.1458663 2.6452434 -0.4765142 -0.346421 -0.80803883 0.125 0.5
-0.0454343 0.14586632 2.6914089 -0.47650078 -0.34652215 0.80800337 0.125 1
-0.05342355 0.15915503 2.6452434 -0.57921714 -0.2810884 -0.76517767 0.09375 0.5
-0.053423554 0.15915504 2.6914089 -0.57922465 -0.28099862 0.76520497 0.09375 1
-0.059360106 0.17431603 2.6452434 -0.6627531 -0.1991058 -0.7218831 0.0625 0.5
0.05934263 0.17431606 2.6914089 0.6627809 -0.19909205 0.72186136 0.15815598 0.028268918
0.024575397 0.28889284 2.6914089 0.24359193 0.42832127 0.87017465 0.4717311 0.15815598
-0.05936011 0.24143359 2.6914089 -0.6627761 0.19909295 0.7218654 0.34184402 0.47173107
-0.05936011 0.17431606 2.6914089 -0.66277945 -0.19909294 0.72186255 0.0625 1
-0.06301581 0.19076669 2.6452434 -0.7179079 -0.103430554 -0.68841153 0.03125 0.5
-0.06301581 0.19076672 2.6914089 -0.7178831 -0.10344493 0.68843526 0.03125 1
-0.06425019 0.20787479 2.6452434 -0.7371926 4.1478856e-07 -0.6756826 0 0.5
0.06299834 0.22498289 2.6452434 0.7179085 0.10342802 -0.68841124 0.79682165 0.014611527
0.012524163 0.12186653 2.6452434 0.12215936 -0.4474591 -0.8859218 0.51461154 0.20317832
-0.06301581 0.19076669 2.6452434 -0.7179079 -0.103430554 -0.68841153 0.70317835 0.48538846
-0.061203353 0.19821095 0.9845381 -0.69830865 -0.302118 0.6489143 1 1
-0.060027506 0.21784365 0.7913566 -0.71928245 0.08655789 -0.6893043 0.96875 0.5
-0.061203342 0.19821091 0.7913566 -0.6982916 -0.30211508 -0.64893395 1 0.5
-0.060027517 0.21784371 0.9845381 -0.719282 0.08655645 0.689305 0.96875 1
-0.05654518 0.23672193 0.7913566 -0.67969394 0.1703718 -0.7134351 0.9375 0.5
-0.05654519 0.23672198 0.9845381 -0.67968935 0.17036812 0.71344036 0.9375 1
-0.050890185 0.25412023 0.7913566 -0.61456364 0.24857779 -0.7486793 0.90625 0.5
-0.050890196 0.2541203 0.9845381 -0.6145666 0.248581 0.74867564 0.90625 1
-0.04327984 0.26937 0.7913566 -0.52547437 0.31821322 -0.78906083 0.875 0.5
-0.043279853 0.26937005 0.9845381 -0.5254771 0.31821942 0.7890566 0.875 1
-0.03400661 0.28188512 0.7913566 -0.41506284 0.37630272 -0.82832307 0.84375 0.5
-0.023426864 0.29118478 0.9845381 -0.28716734 0.42007905 0.86085325 0.8125 1
-0.023426857 0.29118472 0.7913566 -0.28716445 0.42005616 -0.8608655 0.8125 0.5
-0.011947156 0.29691136 0.7913566 -0.14682649 0.44731125 -0.88224405 0.78125 0.5
-0.011947164 0.29691145 0.9845381 -0.14682719 0.44729063 0.8822545 0.78125 1
-8.659447e-06 0.29884502 0.7913566 4.3577344e-08 0.45656818 -0.8896884 0.75 0.5
0.011929821 0.29691145 0.9845381 0.14682582 0.44731444 0.88224256 0.71875 1
0.01192983 0.29691136 0.7913566 0.14682552 0.44731393 -0.8822428 0.71875 0.5
0.02340953 0.29118472 0.7913566 0.28716686 0.42006648 -0.86085963 0.6875 0.5
0.023409523 0.29118478 0.9845381 0.2871657 0.420062 0.86086226 0.6875 1
0.033989284 0.28188515 0.7913566 0.41505522 0.37628746 -0.82833385 0.65625 0.5
0.033989273 0.28188518 0.9845381 0.41506043 0.3763008 0.82832515 0.65625 1
0.043262523 0.26937 0.7913566 0.5254763 0.3182214 -0.7890563 0.625 0.5
0.04326251 0.26937005 0.9845381 0.5254725 0.3182237 0.7890578 0.625 1
0.050872874 0.25412023 0.7913566 0.6145648 0.24859136 -0.7486738 0.59375 0.5
0.050872862 0.2541203 0.9845381 0.61456186 0.2485888 0.74867713 0.59375 1
0.056527864 0.23672193 0.7913566 0.67968863 0.17037323 -0.7134399 0.5625 0.5
0.056527853 0.23672198 0.9845381 0.67969453 0.1703674 0.71343553 0.5625 1
0.060010202 0.21784365 0.7913566 0.719282 0.08655377 -0.6893054 0.53125 0.5
0.06001019 0.21784371 0.9845381 0.71928287 0.08655421 0.6893044 0.53125 1
0.061186038 0.1982109 0.7913566 0.69830745 -0.30212343 -0.6489131 0.5 0.5
-0.03400662 0.28188518 0.9845381 -0.41505316 0.37628266 0.828337 0.84375 1
-8.667891e-06 0.2988451 0.9845381 -7.3359146e-08 0.45656237 0.88969135 0.75 1
-0.064781584 0.07432184 -1.3711994 -0.66935253 0.32591888 0.6676407 0.6763366 0.5
0.06385987 -0.37974826 -1.3711994 0.7321132 -0.053840306 0.679052 0.4531155 0.49999994
0.064764485 0.07432184 -1.3711994 0.66936624 0.32589778 0.6676373 0.49413282 0.49999997
-0.0638769 -0.37974826 -1.3711994 -0.73212326 -0.05383471 0.67904145 0.04939935 0.5
0.06022278 -0.4042732 -1.3711994 0.69325936 -0.14039233 0.70688146 0.4252777 0.49999997
-0.060239807 -0.4042732 -1.3711994 -0.6932522 -0.1403822 0.70689046 0.07397927 0.5
0.054198213 -0.42732802 -1.3711994 0.6467864 -0.21128525 0.7328205 0.39644012 0.5
-0.054215237 -0.42732802 -1.3711994 -0.64678144 -0.21128507 0.73282474 0.10267832 0.50000006
0.046090525 -0.44753572 -1.3711994 0.5760182 -0.28160325 0.7673999 0.36728188 0.50000006
-0.036228277 -0.46411982 -1.3711994 -0.47617552 -0.3483928 0.80739045 0.16115692 0.5
0.03621128 -0.46411982 -1.3711994 0.47616357 -0.34840328 0.807393 0.33791265 0.5
0.024940118 -0.4764429 -1.3711994 0.34395605 -0.40595627 0.8466958 0.30841982 0.49999994
-0.024957132 -0.4764429 -1.3711994 -0.34395394 -0.4059688 0.8466906 0.19071496 0.5
0.012710194 -0.48403132 -1.3711994 0.181492 -0.4460773 0.8763993 0.27890992 0.5
-8.506329e-06 -0.48659366 -1.3711994 -4.0228767e-09 -0.46061385 0.8876006 0.24999994 0.49999994
-0.012727209 -0.48403132 -1.3711994 -0.18149532 -0.44606218 0.8764063 0.2203841 0.5
0.06385987 -0.37974828 -1.4273257 0.7321149 -0.05383723 -0.6790504 0.4531155 0.49999994
-0.064781584 0.074321814 -1.4273257 -0.66937035 0.32589957 -0.6676322 0.6763366 0.5
0.064764485 0.07432181 -1.4273257 0.66934836 0.32591686 -0.667646 0.49413282 0.49999997
0.060222782 -0.40427324 -1.4273257 0.6932601 -0.14038683 -0.7068819 0.4252777 0.49999997
-0.0638769 -0.37974828 -1.4273257 -0.732111 -0.05383895 -0.6790544 0.04939935 0.5
0.054198217 -0.42732805 -1.4273257 0.6467881 -0.21128246 -0.7328198 0.39644012 0.5
-0.060239803 -0.40427324 -1.4273257 -0.6932522 -0.1403839 -0.7068902 0.07397927 0.5
0.04609053 -0.44753572 -1.4273257 0.57601935 -0.28160602 -0.7673981 0.36728188 0.50000006
-0.054215234 -0.42732805 -1.4273257 -0.64679515 -0.21127704 -0.7328151 0.10267832 0.50000006
-0.036228273 -0.46411982 -1.4273257 -0.47617152 -0.34840477 -0.8073876 0.16115692 0.5
-0.046107534 -0.44753578 -1.4273257 -0.5760132 -0.28160518 -0.767403 0.13178103 0.5
0.02494012 -0.4764429 -1.4273257 0.3439565 -0.4059749 -0.84668654 0.30841982 0.49999994
0.036211282 -0.46411982 -1.4273257 0.47617045 -0.34837815 -0.8073998 0.33791265 0.5
0.012710197 -0.48403138 -1.4273257 0.18149734 -0.44607848 -0.8763975 0.27890992 0.5
-0.02495713 -0.4764429 -1.4273257 -0.34395555 -0.40594772 -0.8467001 0.19071496 0.5
-8.5038755e-06 -0.48659372 -1.4273257 7.3574284e-08 -0.460626 -0.88759434 0.24999994 0.49999994
-0.012727207 -0.48403138 -1.4273257 -0.18148904 -0.44609287 -0.876392 0.2203841 0.5
-0.046107538 -0.44753578 -1.3711994 -0.5760133 -0.28160733 0.76740205 0.13178103 0.5
-0.07016333 0.19725794 1.8781021 -0.7374803 -1.7639248e-08 0.67536867 1 1
-0.06881533 0.21575317 1.831937 -0.7177799 0.10441852 -0.6883958 0.96875 0.5
-0.07016333 0.1972579 1.831937 -0.73746467 5.0884387e-07 -0.6753856 1 0.5
-0.06881533 0.2157532 1.8781021 -0.7177647 0.10442312 0.68841094 0.96875 1
-0.06482313 0.23353766 1.831937 -0.66167283 0.2007155 -0.72242814 0.9375 0.5
-0.06482313 0.2335377 1.8781021 -0.6616941 0.20072003 0.72240734 0.9375 1
-0.058340143 0.24992794 1.831937 -0.5771142 0.2828372 -0.76612145 0.90625 0.5
-0.058340147 0.24992797 1.8781021 -0.57708395 0.28285596 0.7661375 0.90625 1
-0.049615517 0.26429415 1.831937 -0.47373083 0.34796304 -0.80901223 0.875 0.5
-0.04961552 0.26429418 1.8781021 -0.47374547 0.34791866 0.80902284 0.875 1
-0.03898453 0.27608418 1.831937 -0.35997325 0.3960562 -0.84472406 0.84375 0.5
-0.038984533 0.2760842 1.8781021 -0.35996062 0.3961201 0.84469944 0.84375 1
-0.026855722 0.28484496 1.831937 -0.2413731 0.42859298 -0.870659 0.8125 0.5
-0.026855724 0.284845 1.8781021 -0.2413765 0.42867774 0.87061626 0.8125 1
-0.013695197 0.29023984 1.831937 -0.12094182 0.44744226 -0.8860973 0.78125 0.5
-0.013695199 0.29023987 1.8781021 -0.12093384 0.44749194 0.88607335 0.78125 1
-8.701201e-06 0.29206145 1.831937 -1.3363588e-07 0.45346287 -0.8912752 0.75 0.5
0.013677783 0.29023987 1.8781021 0.12093835 0.4474245 0.8861068 0.71875 1
0.013677785 0.29023984 1.831937 0.12093495 0.4474441 -0.8860973 0.71875 0.5
0.026838308 0.28484502 1.8781021 0.24137166 0.4286718 0.8706206 0.6875 1
0.02683831 0.284845 1.831937 0.24136074 0.42873544 -0.8705923 0.6875 0.5
0.03896712 0.27608418 1.831937 0.35998654 0.39607108 -0.8447115 0.65625 0.5
0.038967118 0.2760842 1.8781021 0.35996938 0.39605403 0.8447267 0.65625 1
0.049598116 0.26429415 1.831937 0.47373733 0.3479281 -0.8090235 0.625 0.5
0.049598113 0.26429418 1.8781021 0.4737412 0.34793362 0.8090189 0.625 1
0.05832275 0.24992794 1.831937 0.577097 0.28283444 -0.76613563 0.59375 0.5
0.058322746 0.24992797 1.8781021 0.57708925 0.28282452 0.76614517 0.59375 1
0.06480573 0.23353766 1.831937 0.6616729 0.20071372 -0.7224285 0.5625 0.5
0.06480573 0.2335377 1.8781021 0.6616956 0.20072305 0.7224051 0.5625 1
0.06879794 0.21575317 1.831937 0.7177893 0.104419 -0.6883859 0.53125 0.5
0.06879794 0.2157532 1.8781021 0.7177653 0.10441697 0.6884113 0.53125 1
0.070145935 0.1972579 1.831937 0.7374648 -5.5293367e-07 -0.67538565 0.5 0.5
0.070145935 0.19725792 1.8781021 0.7374801 6.764048e-07 0.67536885 0.5 1
0.06879794 0.17876266 1.831937 0.7177799 -0.104418375 -0.68839586 0.46875 0.5
0.06879794 0.17876269 1.8781021 0.7177652 -0.10441516 0.68841153 0.46875 1
0.06480573 0.16097815 1.831937 0.661673 -0.20071557 -0.7224279 0.4375 0.5
0.06480573 0.16097818 1.8781021 0.6616937 -0.20071976 0.7224079 0.4375 1
0.05832275 0.14458787 1.831937 0.57711303 -0.2828376 -0.76612234 0.40625 0.5
0.058322746 0.14458789 1.8781021 0.5770959 -0.2827888 0.7661533 0.40625 1
0.049598128 0.13022168 1.831937 0.47373006 -0.34796354 -0.8090124 0.375 0.5
0.049598124 0.1302217 1.8781021 0.47374004 -0.34794533 0.80901444 0.375 1
0.03896715 0.11843165 1.831937 0.35997257 -0.3960579 -0.84472346 0.34375 0.5
0.038967147 0.11843168 1.8781021 0.35998243 -0.3959849 0.8447535 0.34375 1
0.026838336 0.10967085 1.831937 0.24136393 -0.42866096 -0.87062806 0.3125 0.5
0.026838334 0.10967088 1.8781021 0.2413769 -0.42867422 0.870618 0.3125 1
0.013677805 0.10427598 1.831937 0.12094095 -0.44744405 -0.88609654 0.28125 0.5
0.013677803 0.10427602 1.8781021 0.12094776 -0.44728968 0.8861735 0.28125 1
-8.69079e-06 0.10245435 1.831937 -1.4431763e-06 -0.45353922 -0.89123636 0.25 0.5
-8.6928085e-06 0.10245439 1.8781021 1.4218331e-06 -0.45352194 0.8912451 0.25 1
-0.013695187 0.10427598 1.831937 -0.12094031 -0.44740924 -0.88611424 0.21875 0.5
-0.013695189 0.10427602 1.8781021 -0.12093569 -0.44742474 0.8861071 0.21875 1
-0.026855718 0.109670855 1.831937 -0.24137467 -0.4285924 -0.8706589 0.1875 0.5
-0.02685572 0.109670885 1.8781021 -0.24137558 -0.4286797 0.8706156 0.1875 1
-0.038984504 0.11843162 1.831937 -0.35998735 -0.39607406 -0.8447096 0.15625 0.5
-0.038984507 0.11843166 1.8781021 -0.35996968 -0.39605382 0.84472674 0.15625 1
-0.049615506 0.13022166 1.831937 -0.47373188 -0.34796166 -0.8090123 0.125 0.5
-0.04961551 0.1302217 1.8781021 -0.47374073 -0.34793267 0.8090195 0.125 1
-0.058340136 0.14458787 1.831937 -0.5770993 -0.2828204 -0.7661391 0.09375 0.5
-0.05834014 0.14458789 1.8781021 -0.57709515 -0.28279096 0.7661531 0.09375 1
-0.064823136 0.16097815 1.831937 -0.6616711 -0.20073014 -0.72242564 0.0625 0.5
0.06480573 0.16097818 1.8781021 0.6616937 -0.20071976 0.7224079 0.15815598 0.028268918
0.026838308 0.28484502 1.8781021 0.24137166 0.4286718 0.8706206 0.4717311 0.15815598
-0.06482313 0.2335377 1.8781021 -0.6616941 0.20072003 0.72240734 0.34184402 0.47173107
-0.064823136 0.16097818 1.8781021 -0.6616957 -0.2007246 0.72240466 0.0625 1
-0.068815336 0.17876266 1.831937 -0.71778935 -0.10441919 -0.68838584 0.03125 0.5
-0.068815336 0.1787627 1.8781021 -0.71776533 -0.10441623 0.6884113 0.03125 1
-0.07016333 0.1972579 1.831937 -0.73746467 5.0884387e-07 -0.6753856 0 0.5
0.06879794 0.21575317 1.831937 0.7177893 0.104419 -0.6883859 0.79682165 0.014611527
0.013677805 0.10427598 1.831937 0.12094095 -0.44744405 -0.88609654 0.51461154 0.20317832
-0.068815336 0.17876266 1.831937 -0.71778935 -0.10441919 -0.68838584 0.70317835 0.48538846
-0.07016372 0.20643112 2.6452425 -0.7374873 0.0002799601 0.6753611 1 1
-0.06881568 0.21182106 1.8781008 -0.7170705 0.10404126 -0.68919176 0.96875 0.5
-0.07016368 0.19332582 1.8781008 -0.737472 -0.00028238818 -0.6753778 1 0.5
-0.068815716 0.22492637 2.6452425 -0.71848804 0.10478686 0.68760055 0.96875 1
-0.06482347 0.22960556 1.8781008 -0.6603141 0.20005107 -0.72385424 0.9375 0.5
-0.06482351 0.24271087 2.6452425 -0.6630652 0.20138526 0.72096366 0.9375 1
-0.058340494 0.24599583 1.8781008 -0.57529163 0.28171766 -0.76790285 0.90625 0.5
-0.058340527 0.25910115 2.6452425 -0.5789432 0.28384846 0.7643656 0.90625 1
-0.049615864 0.26036203 1.8781008 -0.4717474 0.34626794 -0.8108963 0.875 0.5
-0.0496159 0.27346736 2.6452425 -0.4757445 0.3496196 0.80711424 0.875 1
-0.03898488 0.27215207 1.8781008 -0.35814586 0.3938652 -0.84652334 0.84375 0.5
-0.038984913 0.2852574 2.6452425 -0.36181426 0.3982633 0.8428979 0.84375 1
-0.026856069 0.28091288 1.8781008 -0.23998345 0.42603892 -0.87229514 0.8125 0.5
-0.026856104 0.29401818 2.6452425 -0.24277002 0.43132466 0.8689198 0.8125 1
-0.0136955455 0.28630772 1.8781008 -0.2692559 0.36796615 -0.8900012 0.78125 0.5
-0.01369558 0.29941306 2.6452425 -0.12371887 0.44883764 0.88500756 0.78125 1
-9.0511885e-06 0.30123428 1.8781008 1.1446114e-07 0.5284586 -0.8489591 0.75 0.5
0.013677402 0.29941306 2.6452425 0.12372342 0.4487702 0.88504106 0.71875 1
0.013677437 0.28630772 1.8781008 0.2692485 0.3679395 -0.8900145 0.71875 0.5
0.026837928 0.29401818 2.6452425 0.24277094 0.43132684 0.8689186 0.6875 1
0.026837964 0.28091288 1.8781008 0.23997435 0.42610648 -0.8722647 0.6875 0.5
0.03896674 0.2852574 2.6452425 0.3618023 0.39833128 0.84287083 0.65625 1
0.038966775 0.2721521 1.8781008 0.3581584 0.39388013 -0.8465111 0.65625 0.5
0.049597733 0.27346736 2.6452425 0.4757437 0.34962273 0.8071134 0.625 1
0.04959777 0.26036203 1.8781008 0.47175395 0.3462341 -0.81090695 0.625 0.5
0.05832237 0.25910115 2.6452425 0.5789372 0.28388208 0.76435775 0.59375 1
0.058322404 0.24599583 1.8781008 0.57527316 0.2817198 -0.76791584 0.59375 0.5
0.06480535 0.24271087 2.6452425 0.6630673 0.2013872 0.72096115 0.5625 1
0.06480539 0.22960557 1.8781008 0.6603166 0.20003453 -0.72385645 0.5625 0.5
0.06879755 0.22492637 2.6452425 0.71848977 0.104762785 0.68760246 0.53125 1
0.06879759 0.21182106 1.8781008 0.7170802 0.10404266 -0.68918145 0.53125 0.5
0.070145555 0.20643112 2.6452425 0.7374873 0.0002820246 0.6753609 0.5 1
0.07014559 0.1933258 1.8781008 0.7374718 -0.00028246208 -0.6753778 0.5 0.5
0.06879755 0.18793587 2.6452425 0.7170578 -0.104014896 0.68920887 0.46875 1
0.06879759 0.17483056 1.8781008 0.718502 -0.10479694 -0.68758446 0.46875 0.5
0.06480535 0.17015138 2.6452425 0.66033477 -0.20005675 0.72383374 0.4375 1
0.06480539 0.15704606 1.8781008 0.66304386 -0.2013828 -0.7209839 0.4375 0.5
0.058322366 0.15376107 2.6452425 0.57526696 -0.28170568 0.76792574 0.40625 1
0.0583224 0.14065577 1.8781008 0.57895046 -0.28395912 -0.76431906 0.40625 0.5
0.049597748 0.1393949 2.6452425 0.47174934 -0.34628767 0.81088674 0.375 1
0.04959778 0.12628958 1.8781008 0.47575474 -0.34953493 -0.8071448 0.375 0.5
0.038966767 0.12760486 2.6452425 0.3581431 -0.39386198 0.8465261 0.34375 1
0.038966805 0.11449954 1.8781008 0.3618171 -0.39826623 -0.8428953 0.34375 0.5
0.02683795 0.11884406 2.6452425 0.23999408 -0.42605156 0.8722861 0.3125 1
0.026837986 0.105738744 1.8781008 0.24275175 -0.43137407 -0.86890054 0.3125 0.5
0.013677421 0.11344919 2.6452425 0.12018801 -0.44466102 0.88759875 0.28125 1
0.0136774555 0.100343876 1.8781008 0.12168992 -0.45037344 -0.8845085 0.28125 0.5
-9.074309e-06 0.11162757 2.6452425 8.129837e-09 -0.4505535 0.8927494 0.25 1
-9.039787e-06 0.09852225 1.8781008 8.4457426e-08 -0.45649272 -0.8897271 0.25 0.5
-0.013695536 0.100343876 1.8781008 -0.121684425 -0.4503714 -0.88451034 0.21875 0.5
-0.013695571 0.11344919 2.6452425 -0.12020139 -0.44445968 0.88769776 0.21875 1
-0.026856067 0.10573875 1.8781008 -0.2427519 -0.43137386 -0.86890054 0.1875 0.5
-0.026856102 0.11884407 2.6452425 -0.23999405 -0.42605782 0.872283 0.1875 1
-0.038984854 0.11449952 1.8781008 -0.36182982 -0.398283 -0.84288186 0.15625 0.5
-0.03898489 0.12760484 2.6452425 -0.35813123 -0.3939296 0.8464995 0.15625 1
-0.049615853 0.12628956 1.8781008 -0.4757355 -0.34963664 -0.80711216 0.125 0.5
-0.049615886 0.13939488 2.6452425 -0.47175506 -0.34625727 0.8108965 0.125 1
-0.058340486 0.14065577 1.8781008 -0.57893217 -0.28396177 -0.7643319 0.09375 0.5
-0.05834052 0.15376107 2.6452425 -0.5752667 -0.28170583 0.76792574 0.09375 1
-0.06482348 0.15704606 1.8781008 -0.6630461 -0.2013664 -0.7209864 0.0625 0.5
0.06480535 0.17015138 2.6452425 0.66033477 -0.20005675 0.72383374 0.15815598 0.028268918
0.026837928 0.29401818 2.6452425 0.24277094 0.43132684 0.8689186 0.4717311 0.15815598
-0.06482351 0.24271087 2.6452425 -0.6630652 0.20138526 0.72096366 0.34184402 0.47173107
-0.064823516 0.17015138 2.6452425 -0.6603371 -0.2000559 0.72383183 0.0625 1
-0.06881568 0.17483056 1.8781008 -0.71851164 -0.10479802 -0.68757427 0.03125 0.5
-0.068815716 0.18793587 2.6452425 -0.7170584 -0.10400688 0.6892095 0.03125 1
-0.07016368 0.19332582 1.8781008 -0.737472 -0.00028238818 -0.6753778 0 0.5
0.06879759 0.21182106 1.8781008 0.7170802 0.10404266 -0.68918145 0.79682165 0.014611527
0.0136774555 0.100343876 1.8781008 0.12168992 -0.45037344 -0.8845085 0.51461154 0.20317832
-0.06881568 0.17483056 1.8781008 -0.71851164 -0.10479802 -0.68757427 0.70317835 0.48538846
-0.05121428 0.19821101 1.0203389 -0.6969087 -0.30332986 0.6498532 1 1
-0.05023038 0.21549389 0.98453677 -0.7194222 0.082404375 -0.6896674 0.96875 0.5
-0.05121428 0.198211 0.98453677 -0.69690615 -0.3033352 -0.64985347 1 0.5
-0.047316488 0.23211262 1.0203389 -0.68337184 0.16302386 0.71163625 0.9375 1
-0.047316488 0.2321126 0.98453677 -0.6833857 0.16302398 -0.7116229 0.9375 0.5
-0.042584583 0.24742849 0.98453677 -0.62291884 0.23975402 -0.744641 0.90625 0.5
-0.042584583 0.2474285 1.0203389 -0.6229207 0.23976395 0.7446361 0.90625 1
-0.03621651 0.260853 0.98453677 -0.53796667 0.30995068 -0.7839148 0.875 0.5
-0.028456986 0.27187023 1.0203388 -0.429398 0.3703487 0.82368636 0.84375 1
-0.028456984 0.27187017 0.98453677 -0.42940664 0.370351 -0.8236809 0.84375 0.5
-0.019604208 0.2800567 0.98453677 -0.29986 0.4172622 -0.85789055 0.8125 0.5
-0.01960421 0.28005672 1.0203388 -0.29986355 0.41722614 0.8579069 0.8125 1
-0.0099983895 0.28509793 0.98453677 -0.15430002 0.44714034 -0.88105446 0.78125 0.5
-0.009998391 0.28509796 1.0203388 -0.1543027 0.44713596 0.88105625 0.78125 1
-8.66588e-06 0.28680015 0.98453677 1.66375e-06 0.45747587 -0.889222 0.75 0.5
-8.667445e-06 0.28680018 1.0203388 -1.8838305e-06 0.45732918 0.88929754 0.75 1
0.009981053 0.28509793 0.98453677 0.15430279 0.447143 -0.8810526 0.71875 0.5
0.009981051 0.28509796 1.0203388 0.15429963 0.44715536 0.8810469 0.71875 1
0.019586872 0.28005672 0.98453677 0.29986075 0.41723388 -0.8579041 0.6875 0.5
0.01958687 0.28005672 1.0203388 0.29986072 0.41725105 0.8578958 0.6875 1
0.02843965 0.27187017 0.98453677 0.42940918 0.37034595 -0.8236817 0.65625 0.5
0.028439648 0.27187023 1.0203388 0.4294044 0.37035355 0.8236808 0.65625 1
0.036199175 0.260853 0.98453677 0.5379655 0.3099587 -0.78391254 0.625 0.5
0.036199175 0.260853 1.0203389 0.537965 0.3099672 0.7839095 0.625 1
0.042567257 0.24742849 0.98453677 0.62291163 0.23977287 -0.7446409 0.59375 0.5
0.047299154 0.23211262 1.0203389 0.68337786 0.16302101 0.7116311 0.5625 1
0.047299154 0.2321126 0.98453677 0.6833886 0.16303638 -0.7116173 0.5625 0.5
0.050213058 0.21549389 0.98453677 0.71941847 0.082403965 -0.68967146 0.53125 0.5
0.05119696 0.19821101 1.0203389 0.6968941 -0.30333745 0.64986545 0.5 1
0.05119696 0.198211 0.98453677 0.69692045 -0.30332685 -0.649842 0.5 0.5
0.050213058 0.2154939 1.0203389 0.7194323 0.0824069 0.6896566 0.53125 1
-0.05023038 0.2154939 1.0203389 -0.7194329 0.08240574 0.68965614 0.96875 1
0.042567257 0.2474285 1.0203389 0.62292534 0.23976174 0.7446329 0.59375 1
-0.03621651 0.260853 1.0203389 -0.53797543 0.30996957 0.7839012 0.875 1
0.0054957196 -0.046557274 0.06378015 0.56607753 -0.117319725 0.815961 1 0
-0.00551292 -0.06380647 0.027442427 -0.8839661 -0.3406897 0.32021013 0.5 1
0.005495722 -0.06380647 0.027442427 0.883961 -0.34069812 0.32021505 0.5 0
-0.0055129174 -0.08421534 0.013855322 -0.84550166 -0.1283044 0.51832896 0 1
0.0054957247 -0.08421534 0.013855322 0.8455048 -0.12830342 0.518324 0 0
0.005495727 -0.11770927 0.013855323 0.7754864 0.07901303 0.6264006 0 0
-0.005512915 -0.11770927 0.013855323 -0.7754819 0.07901628 0.6264059 0 1
0.005495728 -0.1410918 0.020174928 0.592433 -0.19288796 0.7821876 0 0
-0.00551292 -0.056841996 0.021416185 -0.82425535 0.41091192 -0.389557 0.5 1
0.0054957187 -0.038237184 0.059830766 0.81616145 0.49620372 0.29607823 1 0
0.005495722 -0.056841996 0.021416185 0.82425344 0.4109173 -0.38955516 0.5 0
-0.0055129174 -0.081549354 0.005039694 -0.65265626 0.18526933 -0.7346532 0 1
0.0054957247 -0.081549354 0.0050396947 0.65265226 0.18527208 -0.7346559 0 0
0.0054957275 -0.118921265 0.0047254553 0.66212666 -0.0894987 -0.7440284 0 0
0.0054957285 -0.14349471 0.01128397 0.76581544 -0.44600785 -0.46325344 0 0
-0.0055129146 -0.118921265 0.0047254544 -0.6621185 -0.089501634 -0.74403524 0 1
-0.0055129235 -0.038237184 0.059830766 -0.816163 0.4962119 0.2960603 1 1
-0.0055129225 -0.046557274 0.06378015 -0.5660644 -0.11732874 0.81596875 1 1
-0.005512914 -0.1410918 0.020174928 -0.59244317 -0.19291662 0.7821728 0 1
-0.0055129137 -0.14349471 0.01128397 -0.765829 -0.4459964 -0.46324205 0 1
-0.011390826 -0.122438736 0.14215486 0.8723102 -0.14088823 0.4682152 1 0
0.011373621 -0.04655723 0.14215486 -0.6682977 -0.32673627 0.66829747 0 1
-0.011390831 -0.04655723 0.14215486 0.6683009 -0.3267226 0.668301 0 0
0.011373628 -0.14266148 0.122564085 -0.8841834 -0.37501854 0.27853355 1 1
0.011373627 -0.122438736 0.14215486 -0.87231445 -0.14088106 0.46820933 1 1
-0.011390824 -0.14266148 0.122564085 0.8841857 -0.37501734 0.27852762 1 0
0.011373631 -0.15593265 0.09475783 -0.90648866 -0.40948352 0.102964014 1 1
-0.011390821 -0.15593265 0.09475783 0.9064957 -0.4094686 0.10296065 1 0
0.0113736335 -0.15846054 0.014498843 -0.90615374 -0.41929287 -0.055488028 1 1
-0.011390818 -0.15846054 0.014498841 0.90614724 -0.4193067 -0.05548937 1 0
0.011373634 -0.14961311 -0.015203305 -0.8953575 -0.38593584 -0.22223508 1 1
-0.011390816 -0.13191824 -0.03542604 0.8568558 -0.3599566 -0.3690927 1 0
0.011373636 -0.13191824 -0.03542604 -0.85685587 -0.35995507 -0.3690941 1 1
-0.011390817 -0.11169551 -0.05248897 0.83999634 -0.39460543 -0.37241462 1 0
0.011373635 -0.11169551 -0.05248897 -0.8400003 -0.39460275 -0.37240884 1 1
0.011373635 -0.10348004 -0.06386426 -0.87111104 -0.4563625 -0.18138026 1 1
-0.011390817 -0.10348004 -0.06386426 0.8711085 -0.45636606 -0.18138336 1 0
0.011373636 -0.10221613 -0.07776739 -0.9055407 -0.3986862 -0.14506982 1 1
-0.011390816 -0.10221613 -0.07776739 0.9055415 -0.39868483 -0.14506876 1 0
0.011373636 -0.094000645 -0.09040661 -0.87286454 -0.37735647 -0.3093696 1 1
-0.011390816 -0.094000645 -0.09040661 0.87286645 -0.37735426 -0.3093669 1 0
0.011373636 -0.083257325 -0.10114994 -0.85727435 -0.19961809 -0.47458744 1 1
-0.011390816 -0.083257325 -0.10114994 0.8572796 -0.19962032 -0.47457713 1 0
0.011373634 -0.06682635 -0.10367779 -0.74587876 -0.04988617 -0.66421103 1 1
-0.011390817 -0.06682635 -0.10367779 0.7458779 -0.049888633 -0.6642118 1 0
0.0113736335 -0.04655738 -0.10367779 -0.66831446 -0.32672936 -0.6682841 1 1
0.0113736205 -0.046557218 0.16112524 -0.66273266 -0.31990138 -0.67708826 0 1
-0.011390825 -0.12955862 0.1597381 0.65543944 0.2201078 -0.7224622 1 0
-0.011390832 -0.046557218 0.16112524 0.6627248 -0.31991255 -0.6770907 0 0
0.011373629 -0.15806438 0.13363706 -0.84827936 0.42004594 -0.32246497 1 1
0.011373628 -0.12955862 0.1597381 -0.6554409 0.2201004 -0.7224632 1 1
0.011373631 -0.17436635 0.09923716 -0.88233614 0.45648706 -0.11446627 1 1
-0.011390823 -0.15806438 0.13363706 0.84828323 0.42004254 -0.32245904 1 0
0.011373634 -0.17727289 0.012058585 -0.8881216 0.45553073 0.06108799 1 1
-0.011390821 -0.17436635 0.09923716 0.8823409 0.45647818 -0.11446559 1 0
0.011373635 -0.16622314 -0.024367463 -0.86354727 0.43822768 0.24948482 1 1
-0.011390817 -0.17727289 0.012058583 0.8881176 0.45553857 0.061087534 1 0
0.011373637 -0.14521088 -0.048960105 -0.8381702 0.38214484 0.38914785 1 1
-0.011390816 -0.16622314 -0.024367463 0.8635415 0.438235 0.24949199 1 0
-0.0113908155 -0.12560531 -0.06538793 0.8584977 0.35967717 0.36553258 1 0
-0.0113908155 -0.14521088 -0.048960105 0.83818203 0.38213202 0.38913485 1 0
0.011373637 -0.121246785 -0.07051231 -0.9073298 0.38322106 0.17289999 1 1
0.011373637 -0.12560531 -0.06538793 -0.8584993 0.3596764 0.3655295 1 1
0.011373638 -0.120140925 -0.08397717 -0.87603915 0.45579782 0.15749203 1 1
-0.0113908155 -0.121246785 -0.07051231 0.9073269 0.3832256 0.17290497 1 0
0.011373638 -0.10874066 -0.10234798 -0.84779537 0.40625167 0.34088516 1 1
-0.011390815 -0.120140925 -0.08397717 0.87603325 0.45580703 0.15749794 1 0
0.011373637 -0.09183213 -0.118071415 -0.7121671 0.28158486 0.64306146 1 1
-0.011390815 -0.10874066 -0.10234798 0.8477956 0.40624943 0.34088722 1 0
0.011373636 -0.068272576 -0.12259257 -0.6731306 0.06909401 0.73628885 1 1
-0.0113908155 -0.09183213 -0.118071415 0.71217686 0.28157994 0.64305276 1 0
0.011373634 -0.046557393 -0.122648165 -0.6674419 -0.32570294 0.66965574 1 1
-0.0113908155 -0.068272576 -0.12259257 0.6731345 0.06909619 0.73628503 1 0
-0.011390817 -0.14961311 -0.015203306 0.8953658 -0.38592187 -0.22222571 1 0
-0.011390818 -0.04655738 -0.10367779 0.66829765 -0.3267363 -0.66829765 1 0
-0.011390817 -0.046557393 -0.122648165 0.6674335 -0.32568344 0.6696737 1 0
-0.06425019 0.20787482 2.6914089 -0.73720783 2.0767247e-06 0.6756661 1 1
-0.06301581 0.2249829 2.6452434 -0.71789885 0.10342975 -0.688421 0.96875 0.5
-0.06425019 0.20787479 2.6452434 -0.7371926 4.1478856e-07 -0.6756826 1 0.5
-0.06301581 0.22498293 2.6914089 -0.7178856 0.103406124 0.6884385 0.96875 1
-0.059360106 0.24143355 2.6452434 -0.6627515 0.19912511 -0.72187936 0.9375 0.5
-0.05936011 0.24143359 2.6914089 -0.6627761 0.19909295 0.7218654 0.9375 1
-0.053423557 0.25659457 2.6452434 -0.57923615 0.28108865 -0.7651631 0.90625 0.5
-0.05342356 0.25659457 2.6914089 -0.5792104 0.2810766 0.765187 0.90625 1
-0.045434307 0.26988328 2.6452434 -0.47648346 0.3465817 -0.807988 0.875 0.5
-0.04543431 0.2698833 2.6914089 -0.47650096 0.34652156 0.8080035 0.875 1
-0.035699382 0.28078905 2.6452434 -0.3627578 0.3951643 -0.8439503 0.84375 0.5
-0.035699386 0.28078908 2.6914089 -0.36277062 0.39507955 0.8439843 0.84375 1
-0.024592882 0.28889278 2.6452434 -0.24359155 0.42821792 -0.87022555 0.8125 0.5
-0.024592884 0.28889284 2.6914089 -0.24359538 0.42830837 0.87018 0.8125 1
-0.012541629 0.29388306 2.6452434 -0.12215895 0.44745427 -0.8859243 0.78125 0.5
-0.012541631 0.2938831 2.6914089 -0.12216224 0.44735503 0.885974 0.78125 1
-8.737297e-06 0.29556802 2.6452434 -3.11386e-08 0.4536734 -0.89116794 0.75 0.5
0.012524145 0.2938831 2.6914089 0.12215297 0.44742712 0.88593876 0.71875 1
0.012524147 0.29388306 2.6452434 0.12215649 0.4474467 -0.8859284 0.71875 0.5
0.0245754 0.2888928 2.6452434 0.24357381 0.4283765 -0.87015253 0.6875 0.5
0.024575397 0.28889284 2.6914089 0.24359193 0.42832127 0.87017465 0.6875 1
0.0356819 0.28078908 2.6452434 0.362775 0.39516968 -0.84394026 0.65625 0.5
0.035681896 0.2807891 2.6914089 0.3627414 0.39524072 0.8439215 0.65625 1
0.045416836 0.26988328 2.6452434 0.47649366 0.34649736 -0.80801815 0.625 0.5
0.053406086 0.25659457 2.6914089 0.57922465 0.2809974 0.76520526 0.59375 1
0.05340609 0.25659454 2.6452434 0.5792174 0.28108975 -0.765177 0.59375 0.5
0.059342626 0.24143359 2.6914089 0.6627795 0.19908826 0.7218636 0.5625 1
0.05934263 0.24143355 2.6452434 0.6627613 0.19904852 -0.72189146 0.5625 0.5
0.06299834 0.22498293 2.6914089 0.7178856 0.103406094 0.6884384 0.53125 1
0.06299834 0.22498289 2.6452434 0.7179085 0.10342802 -0.68841124 0.53125 0.5
0.06423272 0.2078748 2.6914089 0.737205 7.275882e-09 0.6756691 0.5 1
0.06423272 0.20787479 2.6452434 0.73719543 2.0599107e-07 -0.6756795 0.5 0.5
0.06299834 0.19076669 2.6452434 0.717899 -0.103428006 -0.6884211 0.46875 0.5
0.06299834 0.19076672 2.6914089 0.71788555 -0.103406034 0.6884385 0.46875 1
0.059342634 0.17431603 2.6452434 0.66275185 -0.19908573 -0.72188973 0.4375 0.5
0.053406082 0.15915504 2.6914089 0.57921153 -0.2810768 0.7651862 0.40625 1
0.053406086 0.15915503 2.6452434 0.5792366 -0.2810841 -0.76516455 0.40625 0.5
0.045416843 0.14586633 2.6914089 0.47650665 -0.34649566 0.80801123 0.375 1
0.045416847 0.1458663 2.6452434 0.47649968 -0.34650058 -0.80801326 0.375 0.5
0.035681922 0.13496056 2.6914089 0.3627504 -0.3951547 0.8439579 0.34375 1
0.035681926 0.13496053 2.6452434 0.36276448 -0.39517066 -0.8439444 0.34375 0.5
0.024575423 0.12685679 2.6452434 0.24357177 -0.42837763 -0.8701526 0.3125 0.5
0.024575422 0.12685682 2.6914089 0.24359357 -0.4283081 0.87018067 0.3125 1
0.012524163 0.12186653 2.6452434 0.12215936 -0.4474591 -0.8859218 0.28125 0.5
0.0125241615 0.12186657 2.6914089 0.122157186 -0.44743422 0.88593465 0.28125 1
-8.72763e-06 0.12018153 2.6452434 -1.6719878e-06 -0.45368162 -0.89116377 0.25 0.5
-8.729648e-06 0.12018157 2.6914089 1.7399635e-06 -0.4536678 0.8911709 0.25 1
-0.01254162 0.12186653 2.6452434 -0.1221579 -0.4474335 -0.88593495 0.21875 0.5
-0.012541622 0.12186657 2.6914089 -0.122143365 -0.44759372 0.88585603 0.21875 1
-0.02459288 0.12685679 2.6452434 -0.24360304 -0.42813784 -0.87026185 0.1875 0.5
-0.024592882 0.12685683 2.6914089 -0.24359183 -0.42832223 0.8701742 0.1875 1
-0.03569936 0.1349605 2.6452434 -0.36277363 -0.39516947 -0.84394103 0.15625 0.5
-0.035699364 0.13496053 2.6914089 -0.3627553 -0.3951607 0.8439529 0.15625 1
-0.045434296 0.1458663 2.6452434 -0.4765142 -0.346421 -0.80803883 0.125 0.5
-0.0454343 0.14586632 2.6914089 -0.47650078 -0.34652215 0.80800337 0.125 1
-0.05342355 0.15915503 2.6452434 -0.57921714 -0.2810884 -0.76517767 0.09375 0.5
-0.053423554 0.15915504 2.6914089 -0.57922465 -0.28099862 0.76520497 0.09375 1
-0.059360106 0.17431603 2.6452434 -0.6627531 -0.1991058 -0.7218831 0.0625 0.5
0.05934263 0.17431606 2.6914089 0.6627809 -0.19909205 0.72186136 0.15815598 0.028268918
0.024575397 0.28889284 2.6914089 0.24359193 0.42832127 0.87017465 0.4717311 0.15815598
-0.05936011 0.24143359 2.6914089 -0.6627761 0.19909295 0.7218654 0.34184402 0.47173107
-0.05936011 0.17431606 2.6914089 -0.66277945 -0.19909294 0.72186255 0.0625 1
-0.06301581 0.19076669 2.6452434 -0.7179079 -0.103430554 -0.68841153 0.03125 0.5
-0.06301581 0.19076672 2.6914089 -0.7178831 -0.10344493 0.68843526 0.03125 1
-0.06425019 0.20787479 2.6452434 -0.7371926 4.1478856e-07 -0.6756826 0 0.5
0.06299834 0.22498289 2.6452434 0.7179085 0.10342802 -0.68841124 0.79682165 0.014611527
0.012524163 0.12186653 2.6452434 0.12215936 -0.4474591 -0.8859218 0.51461154 0.20317832
-0.06301581 0.19076669 2.6452434 -0.7179079 -0.103430554 -0.68841153 0.70317835 0.48538846
-0.061203387 0.19821112 1.8319362 -0.6983058 -0.30211705 0.64891785 1 1
-0.060027514 0.21784365 1.0203401 -0.71928084 0.08655526 -0.6893064 0.96875 0.5
-0.061203353 0.19821091 1.0203401 -0.69829065 -0.30211964 -0.6489329 1 0.5
-0.060027547 0.21784385 1.8319362 -0.71928 0.08655604 0.68930715 0.96875 1
-0.056545187 0.23672193 1.0203401 -0.67969155 0.1703739 -0.7134368 0.9375 0.5
-0.05654522 0.23672213 1.8319362 -0.67968845 0.17036508 0.7134419 0.9375 1
-0.050890192 0.25412023 1.0203401 -0.61456144 0.24858196 -0.74867976 0.90625 0.5
-0.050890226 0.25412044 1.8319362 -0.6145666 0.24857277 0.74867845 0.90625 1
-0.04327985 0.26937 1.0203401 -0.5254733 0.3182138 -0.78906137 0.875 0.5
-0.043279883 0.26937017 1.8319362 -0.525472 0.31820962 0.7890639 0.875 1
-0.034006618 0.28188512 1.0203401 -0.41505843 0.37630734 -0.82832325 0.84375 0.5
-0.03400665 0.28188533 1.8319362 -0.41506037 0.37629622 0.8283273 0.84375 1
-0.023426866 0.29118472 1.0203401 -0.28716198 0.42007896 -0.8608551 0.8125 0.5
-0.023426902 0.29118493 1.8319362 -0.2871633 0.42006326 0.86086243 0.8125 1
-0.011947165 0.29691136 1.0203401 -0.14682646 0.44730982 -0.8822448 0.78125 0.5
-0.011947201 0.29691157 1.8319362 -0.14682412 0.44731382 0.8822431 0.78125 1
-8.668322e-06 0.29884502 1.0203401 -3.0457277e-06 0.45656404 -0.88969046 0.75 0.5
-8.703798e-06 0.29884523 1.8319362 3.0326103e-06 0.4565642 0.8896905 0.75 1
0.011929821 0.29691136 1.0203401 0.14682414 0.447313 -0.8822436 0.71875 0.5
0.011929786 0.29691157 1.8319362 0.1468245 0.4473337 0.882233 0.71875 1
0.023409521 0.29118472 1.0203401 0.28716764 0.420056 -0.86086446 0.6875 0.5
0.023409486 0.29118493 1.8319362 0.2871611 0.42010388 0.8608433 0.6875 1
0.033989277 0.28188515 1.0203401 0.41505456 0.3762833 -0.82833606 0.65625 0.5
0.033989243 0.28188536 1.8319362 0.41505402 0.376288 0.82833415 0.65625 1
0.043262515 0.26937 1.0203401 0.5254747 0.31822246 -0.7890568 0.625 0.5
0.04326248 0.26937017 1.8319362 0.52547574 0.31822675 0.7890545 0.625 1
0.050872866 0.25412023 1.0203401 0.61456406 0.24858944 -0.74867505 0.59375 0.5
0.050872833 0.25412044 1.8319362 0.6145594 0.24859317 0.7486776 0.59375 1
0.056527857 0.23672193 1.0203401 0.67968804 0.17036837 -0.71344155 0.5625 0.5
0.056527823 0.23672213 1.8319362 0.6796919 0.17037173 0.713437 0.5625 1
0.060010195 0.21784365 1.0203401 0.71928024 0.086554565 -0.6893071 0.53125 0.5
0.06001016 0.21784385 1.8319362 0.71928126 0.086551376 0.6893065 0.53125 1
0.06118603 0.1982109 1.0203401 0.6983056 -0.30211765 -0.6489178 0.5 0.5
-0.07005498 0.15782084 -0.12264699 -0.8862014 0.4522606 -0.10053526 0.009803921 0.5
-0.070054956 0.08506444 -0.492925 -0.8937469 0.44615772 0.04647108 0.009803921 0.5
-0.04033192 0.22359979 2.6914089 -0.7477445 -1.6918054e-07 -0.66398656 0.75 0.49
-0.03955712 0.23121297 2.6914089 -0.7102655 0.14179331 -0.6895054 0.79682165 0.48538846
-0.0372625 0.23853359 2.6914089 -0.6148494 0.2574164 -0.74545085 0.841844 0.47173107
-0.033536237 0.24528031 2.6914089 -0.4966274 0.33739492 -0.7997036 0.88333684 0.4495527
-0.02852153 0.25119385 2.6914089 -0.38010028 0.38798028 -0.83963984 0.9197056 0.41970563
-0.022411097 0.25604695 2.6914089 -0.27353832 0.41882244 -0.86588943 0.9495527 0.38333684
-0.015439752 0.25965315 2.6914089 -0.17667265 0.4370199 -0.8819298 0.97173107 0.34184402
-0.007875402 0.26187384 2.6914089 -0.086637765 0.44659162 -0.89053345 0.98538846 0.29682168
-8.738356e-06 0.26262367 2.6914089 1.1355331e-06 0.44926536 -0.8933984 0.99 0.24999999
0.007857922 0.26187384 2.6914089 0.08663092 0.44660455 -0.8905276 0.98538846 0.20317832
0.0154222725 0.25965318 2.6914089 0.17667185 0.43702206 -0.88192904 0.97173107 0.15815598
0.022393618 0.25604695 2.6914089 0.27354085 0.41886166 -0.8658697 0.9495527 0.11666316
0.028504055 0.25119385 2.6914089 0.380075 0.38812393 -0.8395848 0.9197056 0.080294386
0.03351876 0.2452803 2.6914089 0.49661797 0.33735883 -0.79972464 0.88333684 0.050447285
0.03724502 0.23853359 2.6914089 0.61483806 0.25748602 -0.7454362 0.841844 0.028268918
0.04031444 0.22359979 2.6914089 0.74774426 -2.97143e-07 -0.6639867 0.75 0.010000005
0.039539646 0.21598662 2.6914089 0.71026367 -0.14180133 -0.68950546 0.70317835 0.014611527
0.037245024 0.20866601 2.6914089 0.61482507 -0.25755692 -0.7454223 0.658156 0.028268918
0.033518758 0.20191929 2.6914089 0.49662688 -0.33739865 -0.7997024 0.6166631 0.050447315
0.02850406 0.19600575 2.6914089 0.3800759 -0.38812345 -0.8395847 0.5802944 0.08029437
0.02239363 0.19115263 2.6914089 0.27353188 -0.41886517 -0.8658708 0.55044734 0.1166631
0.015422286 0.18754643 2.6914089 0.17664735 -0.43730965 -0.88179135 0.52826893 0.15815595
-8.734706e-06 0.1845759 2.6914089 2.8986685e-07 -0.44955173 -0.89325434 0.51 0.25
-0.0078754 0.18532574 2.6914089 -0.08663422 -0.44653797 -0.8905607 0.51461154 0.2968217
-0.015439753 0.18754643 2.6914089 -0.17667337 -0.4370218 -0.88192886 0.52826893 0.34184405
-0.022411086 0.19115262 2.6914089 -0.2735395 -0.41887933 -0.8658616 0.5504473 0.3833368
-0.028521525 0.19600575 2.6914089 -0.38007614 -0.3881235 -0.8395845 0.5802944 0.4197056
-0.033536233 0.20191929 2.6914089 -0.49661162 -0.3373879 -0.7997164 0.6166631 0.4495527
-0.037262496 0.20866601 2.6914089 -0.6148606 -0.25734717 -0.7454656 0.658156 0.4717311
-0.039557144 0.23121329 3.2456698 -0.7102497 0.14179057 0.68952215 0.29682168 0.48538846
-0.04033194 0.22360009 3.2456698 -0.7477647 -4.992381e-07 0.66396374 0.25 0.49
-0.039557144 0.21598691 3.2456698 -0.7102455 -0.14179012 0.6895266 0.20317835 0.48538846
-0.037262518 0.2086663 3.2456698 -0.61486834 -0.2574303 0.7454305 0.15815598 0.4717311
-0.033536255 0.20191957 3.2456698 -0.49660563 -0.33738324 0.7997221 0.11666313 0.4495527
-0.028521549 0.19600603 3.2456698 -0.38009095 -0.38805524 0.83960944 0.080294356 0.4197056
-0.02241111 0.19115293 3.2456698 -0.27353233 -0.41885617 0.86587507 0.05044727 0.3833368
-0.015439778 0.18754673 3.2456698 -0.17668124 -0.43704158 0.8819175 0.028268933 0.34184405
-0.007875424 0.18532605 3.2456698 -0.086631596 -0.4465737 0.89054304 0.014611542 0.2968217
-8.758934e-06 0.18457621 3.2456698 1.2480562e-06 -0.449491 0.8932849 0.010000005 0.25
0.007857907 0.18532605 3.2456698 0.086604744 -0.44714636 0.89025825 0.014611542 0.20317832
0.015422261 0.18754673 3.2456698 0.1766775 -0.4370319 0.881923 0.028268918 0.15815595
0.022393607 0.19115293 3.2456698 0.27351317 -0.41899928 0.86581177 0.05044733 0.1166631
0.028504036 0.19600606 3.2456698 0.38010985 -0.38795242 0.83964837 0.0802944 0.08029437
0.033518735 0.20191957 3.2456698 0.49660635 -0.33738285 0.79972184 0.11666313 0.050447315
0.039539624 0.21598691 3.2456698 0.71024764 -0.14179018 0.6895245 0.20317835 0.014611527
0.040314417 0.22360009 3.2456698 0.7477643 3.398361e-07 0.66396415 0.24999999 0.010000005
0.03953962 0.23121329 3.2456698 0.7102474 0.14179097 0.68952453 0.29682168 0.014611527
0.037244998 0.2385339 3.2456698 0.6148646 0.25743553 0.7454317 0.34184402 0.028268918
0.03351874 0.2452806 3.2456698 0.4965777 0.33752614 0.79967904 0.38333684 0.050447285
0.02850403 0.25119415 3.2456698 0.38009146 0.3880531 0.8396102 0.41970563 0.080294386
0.022393594 0.25604728 3.2456698 0.273572 0.4185701 0.86600083 0.4495527 0.11666316
0.007857898 0.26187414 3.2456698 0.086631246 0.44657087 0.89054453 0.48538846 0.20317832
-8.762584e-06 0.26262397 3.2456698 -1.5444527e-07 0.44969508 0.89318216 0.49 0.24999999
-0.007875427 0.26187414 3.2456698 -0.08664628 0.44628772 0.89068496 0.48538846 0.29682168
-0.015439776 0.25965345 3.2456698 -0.17667894 0.43701738 0.8819299 0.47173107 0.34184402
-0.022411121 0.25604728 3.2456698 -0.2735102 0.41899744 0.86581373 0.4495527 0.38333684
-0.028521555 0.25119415 3.2456698 -0.38010642 0.38798982 0.8396328 0.41970563 0.41970563
-0.03353626 0.2452806 3.2456698 -0.49660698 0.33738244 0.7997216 0.38333684 0.4495527
-0.04033194 0.22360009 3.2456698 -0.7477647 -4.992381e-07 0.66396374 1 1
0.06163869 0.2073602 -0.12264799 0.7071104 5.3385353e-08 -0.70710313 0.5 0.75
-0.061655965 0.28779632 0.79135394 -0.6663104 0.22177069 0.71193266 0.6092708 0.25
0.060356308 0.27039587 0.51717716 0.71468085 0.6988565 -0.028826907 0.82172495 0.74739987
0.06163867 0.26994383 0.3185436 0.9009612 0.39609256 0.17714342 0.76065177 0.75
0.0603563 0.28572497 0.60218287 0.7028333 0.70002306 -0.12646368 0.84786147 0.74739987
0.06163865 0.23319288 0.7913562 0.70710677 5.3385072e-08 0.7071067 0.5 1
-0.061655942 0.26994383 0.3185436 -0.90096897 0.3960783 0.17713489 0.625 0.36434814
-0.061655965 0.28779632 0.79135394 -0.6663104 0.22177069 0.71193266 0.875 0.5
-0.061655942 0.26994383 0.3185436 -0.90096897 0.3960783 0.17713489 0.76108867 0.5
-0.061655957 0.2829438 0.6054997 -0.9856481 0.1664304 -0.028260387 0.84888124 0.5
0.06163867 0.29512614 0.27086464 0.89008665 0.38162097 -0.24922131 0.74559706 0.75
-0.032957107 0.15369834 2.6914089 -0.74886495 -3.4365672e-07 -0.6627226 0.75 0.49
-0.032324012 0.1597223 2.6914089 -0.70908004 0.14586656 -0.68987566 0.79682165 0.48538846
-0.03044906 0.16551477 2.6914089 -0.60913616 0.26303646 -0.74817437 0.841844 0.47173107
-0.027404303 0.17085312 2.6914089 -0.48801163 0.3421427 -0.80298376 0.88333684 0.4495527
-0.02330675 0.17553224 2.6914089 -0.37117442 0.3908459 -0.8422998 0.9197056 0.41970563
-0.01831387 0.17937227 2.6914089 -0.265924 0.42053756 -0.8674288 0.9495527 0.38333684
-0.012617531 0.18222567 2.6914089 -0.17130947 0.43752345 -0.88273793 0.97173107 0.34184402
-0.006436644 0.1839828 2.6914089 -0.0838847 0.44648528 -0.8908503 0.98538846 0.29682168
-8.732741e-06 0.18457611 2.6914089 1.8596364e-07 0.44945052 -0.89330524 0.99 0.24999999
0.006419175 0.1839828 2.6914089 0.08388833 0.44629315 -0.8909462 0.98538846 0.20317832
0.012600062 0.18222567 2.6914089 0.17128931 0.43774495 -0.8826321 0.97173107 0.15815598
0.018296402 0.17937227 2.6914089 0.2659431 0.42045468 -0.86746305 0.9495527 0.11666316
0.023289286 0.17553224 2.6914089 0.37117535 0.3908472 -0.84229887 0.9197056 0.080294386
0.02738684 0.17085312 2.6914089 0.48798445 0.3421917 -0.80297947 0.88333684 0.050447285
0.030431595 0.16551477 2.6914089 0.6091368 0.26303622 -0.74817395 0.841844 0.028268918
0.032939643 0.15369834 2.6914089 0.7488649 1.9336563e-09 -0.66272265 0.75 0.010000005
0.03230655 0.1476744 2.6914089 0.70908093 -0.14586088 -0.6898759 0.70317835 0.014611527
0.030431597 0.14188194 2.6914089 0.60915536 -0.2629278 -0.7481971 0.658156 0.028268918
0.027386837 0.13654357 2.6914089 0.48801064 -0.34214926 -0.8029817 0.6166631 0.050447315
0.023289291 0.13186447 2.6914089 0.37114015 -0.39106932 -0.8422112 0.5802944 0.08029437
0.018296413 0.12802443 2.6914089 0.2659372 -0.42043206 -0.8674758 0.55044734 0.1166631
0.012600073 0.12517102 2.6914089 0.17130952 -0.43752363 -0.8827379 0.52826893 0.15815595
-8.729911e-06 0.12282058 2.6914089 2.230098e-07 -0.4492294 -0.89341646 0.51 0.25
-0.006436642 0.12341389 2.6914089 -0.08388072 -0.446457 -0.89086485 0.51461154 0.2968217
-0.012617531 0.12517102 2.6914089 -0.17128785 -0.43774518 -0.8826322 0.52826893 0.34184405
-0.018313859 0.12802443 2.6914089 -0.26594245 -0.4204581 -0.86746156 0.5504473 0.3833368
-0.023306744 0.13186446 2.6914089 -0.3711373 -0.39106736 -0.8422134 0.5802944 0.4197056
-0.0274043 0.13654357 2.6914089 -0.4879896 -0.34216535 -0.80298764 0.6166631 0.4495527
-0.03044906 0.14188194 2.6914089 -0.60915554 -0.26292816 -0.74819666 0.658156 0.4717311
-0.032324035 0.15972263 3.2456698 -0.7090636 0.14586414 0.6898931 0.29682168 0.48538846
-0.03295713 0.15369865 3.2456698 -0.74888426 -1.09826175e-07 0.6627008 0.25 0.49
-0.032324035 0.14767471 3.2456698 -0.70906234 -0.14586295 0.68989456 0.20317835 0.48538846
-0.030449085 0.14188226 3.2456698 -0.60915315 -0.26304832 0.74815637 0.15815598 0.4717311
-0.027404325 0.13654388 3.2456698 -0.48798755 -0.34214044 0.8029994 0.11666313 0.4495527
-0.023306768 0.13186477 3.2456698 -0.3711594 -0.39096436 0.8422514 0.080294356 0.4197056
-0.018313883 0.12802474 3.2456698 -0.2659354 -0.42043284 0.867476 0.05044727 0.3833368
-0.012617555 0.12517132 3.2456698 -0.17131741 -0.43753088 0.88273275 0.028268933 0.34184405
-0.006436666 0.1234142 3.2456698 -0.0839014 -0.446011 0.8910862 0.014611542 0.2968217
-8.754139e-06 0.1228209 3.2456698 -2.2112225e-07 -0.44912085 0.893471 0.010000005 0.25
0.006419157 0.1234142 3.2456698 0.083859585 -0.446897 0.8906462 0.014611542 0.20317832
0.012600048 0.12517132 3.2456698 0.17131321 -0.4375373 0.88273036 0.028268918 0.15815595
0.018296389 0.12802474 3.2456698 0.26593763 -0.42043242 0.8674755 0.05044733 0.1166631
0.023289267 0.13186479 3.2456698 0.37114283 -0.39106548 0.8422119 0.0802944 0.08029437
0.027386812 0.13654388 3.2456698 0.48802918 -0.34191975 0.8030681 0.11666313 0.050447315
0.032306526 0.14767471 3.2456698 0.70905644 -0.14591566 0.6898895 0.20317835 0.014611527
0.03293962 0.15369865 3.2456698 0.7488842 3.9997763e-06 0.66270095 0.24999999 0.010000005
0.032306526 0.15972263 3.2456698 0.70905095 0.14596875 0.68988395 0.29682168 0.014611527
0.03043157 0.16551507 3.2456698 0.6091531 0.26304477 0.74815774 0.34184402 0.028268918
0.027386816 0.17085342 3.2456698 0.48798844 0.34214014 0.80299896 0.38333684 0.050447285
0.023289261 0.17553253 3.2456698 0.37115943 0.3909687 0.84224945 0.41970563 0.080294386
0.018296378 0.17937258 3.2456698 0.26590553 0.42065486 0.8673775 0.4495527 0.11666316
0.0064191506 0.18398312 3.2456698 0.083878934 0.4464541 0.8908665 0.48538846 0.20317832
-8.756969e-06 0.18457642 3.2456698 -1.5018071e-06 0.4492318 0.8934152 0.49 0.24999999
-0.0064366683 0.18398312 3.2456698 -0.083879985 0.44645125 0.8908678 0.48538846 0.29682168
-0.012617555 0.18222599 3.2456698 -0.17131154 0.4375472 0.8827257 0.47173107 0.34184402
-0.018313894 0.17937258 3.2456698 -0.2659663 0.42021137 0.86757386 0.4495527 0.38333684
-0.023306774 0.17553253 3.2456698 -0.37114275 0.39106762 0.8422109 0.41970563 0.41970563
-0.027404327 0.17085342 3.2456698 -0.4879885 0.34213942 0.8029992 0.38333684 0.4495527
-0.03295713 0.15369865 3.2456698 -0.74888426 -1.09826175e-07 0.6627008 1 1
-0.031870987 0.2267597 3.2456696 -0.7473868 -1.5994084e-07 -0.6643892 0.75 0.49
-0.031258762 0.23283853 3.2456696 -0.710631 0.14048776 -0.68939596 0.79682165 0.48538846
-0.029445618 0.23868378 3.2456696 -0.6166574 0.25559217 -0.7445846 0.841844 0.47173107
-0.026501235 0.24407077 3.2456696 -0.4994 0.335833 -0.79863375 0.88333684 0.4495527
-0.022538757 0.24879251 3.2456696 -0.38302162 0.38694504 -0.8387896 0.9197056 0.41970563
-0.017710466 0.25266755 3.2456696 -0.27604365 0.4182114 -0.8653896 0.9495527 0.38333684
-0.012201909 0.25554696 3.2456696 -0.17842269 0.43706992 -0.88155276 0.97173107 0.34184402
-0.006224777 0.25732008 3.2456696 -0.08754845 0.44662413 -0.89042807 0.98538846 0.29682168
-8.762758e-06 0.2579188 3.2456696 -6.640671e-07 0.44919673 -0.8934329 0.99 0.24999999
0.0062072473 0.25732008 3.2456696 0.08755011 0.44648775 -0.8904963 0.98538846 0.20317832
0.012184381 0.25554696 3.2456696 0.17842284 0.43706915 -0.88155305 0.97173107 0.15815598
0.01769294 0.25266755 3.2456696 0.27603376 0.41834256 -0.8653293 0.9495527 0.11666316
0.022521233 0.24879251 3.2456696 0.38301933 0.38694218 -0.838792 0.9197056 0.080294386
0.026483709 0.24407077 3.2456696 0.49939248 0.33578408 -0.798659 0.88333684 0.050447285
0.029428093 0.23868378 3.2456696 0.61667603 0.25548154 -0.7446072 0.841844 0.028268918
0.031853464 0.2267597 3.2456696 0.7473867 6.6380073e-07 -0.6643893 0.75 0.010000005
0.031241242 0.22068088 3.2456696 0.7106302 -0.1404939 -0.6893955 0.70317835 0.014611527
0.029428095 0.21483563 3.2456696 0.61664 -0.25570214 -0.74456143 0.658156 0.028268918
0.02648371 0.20944864 3.2456696 0.49940073 -0.33581588 -0.7986405 0.6166631 0.050447315
0.022521239 0.20472689 3.2456696 0.38306102 -0.38672087 -0.83887506 0.5802944 0.08029437
0.017692951 0.20085186 3.2456696 0.27601397 -0.4184257 -0.8652955 0.55044734 0.1166631
0.012184391 0.19797243 3.2456696 0.17844391 -0.4368436 -0.8816606 0.52826893 0.15815595
-8.759826e-06 0.19560058 3.2456696 6.821152e-07 -0.45011014 -0.8929731 0.51 0.25
-0.0062247743 0.19619931 3.2456696 -0.08754933 -0.4464981 -0.8904912 0.51461154 0.2968217
-0.01220191 0.19797245 3.2456696 -0.17844631 -0.436842 -0.881661 0.52826893 0.34184405
-0.017710457 0.20085184 3.2456696 -0.27603605 -0.4183384 -0.8653307 0.5504473 0.3833368
-0.022538751 0.20472689 3.2456696 -0.38302186 -0.38694337 -0.83879024 0.5802944 0.4197056
-0.02650123 0.20944864 3.2456696 -0.4993912 -0.33578724 -0.7986585 0.6166631 0.4495527
-0.029445618 0.21483563 3.2456696 -0.61665666 -0.25559175 -0.7445854 0.658156 0.4717311
-8.739315e-06 0.2955681 2.6914089 -3.1802725e-07 0.45372984 0.8911393 0.75 1
0.045416832 0.2698833 2.6914089 0.476513 0.34648922 0.8080103 0.625 1
0.05934263 0.17431606 2.6914089 0.6627809 -0.19909205 0.72186136 0.4375 1
-0.06301581 0.22498293 2.6914089 -0.7178856 0.103406124 0.6884385 0.29682168 0.48538846
-0.06425019 0.20787482 2.6914089 -0.73720783 2.0767247e-06 0.6756661 0.25 0.49
-0.06301581 0.19076672 2.6914089 -0.7178831 -0.10344493 0.68843526 0.20317835 0.48538846
-0.05936011 0.17431606 2.6914089 -0.66277945 -0.19909294 0.72186255 0.15815598 0.4717311
-0.053423554 0.15915504 2.6914089 -0.57922465 -0.28099862 0.76520497 0.11666313 0.4495527
-0.0454343 0.14586632 2.6914089 -0.47650078 -0.34652215 0.80800337 0.080294356 0.4197056
-0.035699364 0.13496053 2.6914089 -0.3627553 -0.3951607 0.8439529 0.05044727 0.3833368
-0.024592882 0.12685683 2.6914089 -0.24359183 -0.42832223 0.8701742 0.028268933 0.34184405
-0.012541622 0.12186657 2.6914089 -0.122143365 -0.44759372 0.88585603 0.014611542 0.2968217
-8.729648e-06 0.12018157 2.6914089 1.7399635e-06 -0.4536678 0.8911709 0.010000005 0.25
0.0125241615 0.12186657 2.6914089 0.122157186 -0.44743422 0.88593465 0.014611542 0.20317832
0.024575422 0.12685682 2.6914089 0.24359357 -0.4283081 0.87018067 0.028268918 0.15815595
0.035681922 0.13496056 2.6914089 0.3627504 -0.3951547 0.8439579 0.05044733 0.1166631
0.045416843 0.14586633 2.6914089 0.47650665 -0.34649566 0.80801123 0.0802944 0.08029437
0.053406082 0.15915504 2.6914089 0.57921153 -0.2810768 0.7651862 0.11666313 0.050447315
0.06299834 0.19076672 2.6914089 0.71788555 -0.103406034 0.6884385 0.20317835 0.014611527
0.06423272 0.2078748 2.6914089 0.737205 7.275882e-09 0.6756691 0.24999999 0.010000005
0.06299834 0.22498293 2.6914089 0.7178856 0.103406094 0.6884384 0.29682168 0.014611527
0.059342626 0.24143359 2.6914089 0.6627795 0.19908826 0.7218636 0.34184402 0.028268918
0.053406086 0.25659457 2.6914089 0.57922465 0.2809974 0.76520526 0.38333684 0.050447285
0.045416832 0.2698833 2.6914089 0.476513 0.34648922 0.8080103 0.41970563 0.080294386
0.035681896 0.2807891 2.6914089 0.3627414 0.39524072 0.8439215 0.4495527 0.11666316
0.012524145 0.2938831 2.6914089 0.12215297 0.44742712 0.88593876 0.48538846 0.20317832
-8.739315e-06 0.2955681 2.6914089 -3.1802725e-07 0.45372984 0.8911393 0.49 0.24999999
-0.012541631 0.2938831 2.6914089 -0.12216224 0.44735503 0.885974 0.48538846 0.29682168
-0.024592884 0.28889284 2.6914089 -0.24359538 0.42830837 0.87018 0.47173107 0.34184402
-0.035699386 0.28078908 2.6914089 -0.36277062 0.39507955 0.8439843 0.4495527 0.38333684
-0.04543431 0.2698833 2.6914089 -0.47650096 0.34652156 0.8080035 0.41970563 0.41970563
-0.05342356 0.25659457 2.6914089 -0.5792104 0.2810766 0.765187 0.38333684 0.4495527
-0.06425019 0.20787482 2.6914089 -0.73720783 2.0767247e-06 0.6756661 0 1
-0.06425019 0.20787479 2.6452434 -0.7371926 4.1478856e-07 -0.6756826 0.75 0.49
-0.06301581 0.2249829 2.6452434 -0.71789885 0.10342975 -0.688421 0.79682165 0.48538846
-0.059360106 0.24143355 2.6452434 -0.6627515 0.19912511 -0.72187936 0.841844 0.47173107
-0.053423557 0.25659457 2.6452434 -0.57923615 0.28108865 -0.7651631 0.88333684 0.4495527
-0.045434307 0.26988328 2.6452434 -0.47648346 0.3465817 -0.807988 0.9197056 0.41970563
-0.035699382 0.28078905 2.6452434 -0.3627578 0.3951643 -0.8439503 0.9495527 0.38333684
-0.024592882 0.28889278 2.6452434 -0.24359155 0.42821792 -0.87022555 0.97173107 0.34184402
-0.012541629 0.29388306 2.6452434 -0.12215895 0.44745427 -0.8859243 0.98538846 0.29682168
-8.737297e-06 0.29556802 2.6452434 -3.11386e-08 0.4536734 -0.89116794 0.99 0.24999999
0.012524147 0.29388306 2.6452434 0.12215649 0.4474467 -0.8859284 0.98538846 0.20317832
0.0245754 0.2888928 2.6452434 0.24357381 0.4283765 -0.87015253 0.97173107 0.15815598
0.0356819 0.28078908 2.6452434 0.362775 0.39516968 -0.84394026 0.9495527 0.11666316
0.045416836 0.26988328 2.6452434 0.47649366 0.34649736 -0.80801815 0.9197056 0.080294386
0.05340609 0.25659454 2.6452434 0.5792174 0.28108975 -0.765177 0.88333684 0.050447285
0.05934263 0.24143355 2.6452434 0.6627613 0.19904852 -0.72189146 0.841844 0.028268918
0.06423272 0.20787479 2.6452434 0.73719543 2.0599107e-07 -0.6756795 0.75 0.010000005
0.06299834 0.19076669 2.6452434 0.717899 -0.103428006 -0.6884211 0.70317835 0.014611527
0.059342634 0.17431603 2.6452434 0.66275185 -0.19908573 -0.72188973 0.658156 0.028268918
0.053406086 0.15915503 2.6452434 0.5792366 -0.2810841 -0.76516455 0.6166631 0.050447315
0.045416847 0.1458663 2.6452434 0.47649968 -0.34650058 -0.80801326 0.5802944 0.08029437
0.035681926 0.13496053 2.6452434 0.36276448 -0.39517066 -0.8439444 0.55044734 0.1166631
0.024575423 0.12685679 2.6452434 0.24357177 -0.42837763 -0.8701526 0.52826893 0.15815595
-8.72763e-06 0.12018153 2.6452434 -1.6719878e-06 -0.45368162 -0.89116377 0.51 0.25
-0.01254162 0.12186653 2.6452434 -0.1221579 -0.4474335 -0.88593495 0.51461154 0.2968217
-0.02459288 0.12685679 2.6452434 -0.24360304 -0.42813784 -0.87026185 0.52826893 0.34184405
-0.03569936 0.1349605 2.6452434 -0.36277363 -0.39516947 -0.84394103 0.5504473 0.3833368
-0.045434296 0.1458663 2.6452434 -0.4765142 -0.346421 -0.80803883 0.5802944 0.4197056
-0.05342355 0.15915503 2.6452434 -0.57921714 -0.2810884 -0.76517767 0.6166631 0.4495527
-0.059360106 0.17431603 2.6452434 -0.6627531 -0.1991058 -0.7218831 0.658156 0.4717311
0.061186027 0.19821095 0.9845381 0.69829214 -0.30211294 0.64893454 0.5 1
-8.7032195e-06 0.29206148 1.8781021 1.5390486e-07 0.453519 0.8912466 0.75 1
-0.06881533 0.2157532 1.8781021 -0.7177647 0.10442312 0.68841094 0.29682168 0.48538846
-0.07016333 0.19725794 1.8781021 -0.7374803 -1.7639248e-08 0.67536867 0.25 0.49
-0.068815336 0.1787627 1.8781021 -0.71776533 -0.10441623 0.6884113 0.20317835 0.48538846
-0.064823136 0.16097818 1.8781021 -0.6616957 -0.2007246 0.72240466 0.15815598 0.4717311
-0.05834014 0.14458789 1.8781021 -0.57709515 -0.28279096 0.7661531 0.11666313 0.4495527
-0.04961551 0.1302217 1.8781021 -0.47374073 -0.34793267 0.8090195 0.080294356 0.4197056
-0.038984507 0.11843166 1.8781021 -0.35996968 -0.39605382 0.84472674 0.05044727 0.3833368
-0.02685572 0.109670885 1.8781021 -0.24137558 -0.4286797 0.8706156 0.028268933 0.34184405
-0.013695189 0.10427602 1.8781021 -0.12093569 -0.44742474 0.8861071 0.014611542 0.2968217
-8.6928085e-06 0.10245439 1.8781021 1.4218331e-06 -0.45352194 0.8912451 0.010000005 0.25
0.013677803 0.10427602 1.8781021 0.12094776 -0.44728968 0.8861735 0.014611542 0.20317832
0.026838334 0.10967088 1.8781021 0.2413769 -0.42867422 0.870618 0.028268918 0.15815595
0.038967147 0.11843168 1.8781021 0.35998243 -0.3959849 0.8447535 0.05044733 0.1166631
0.049598124 0.1302217 1.8781021 0.47374004 -0.34794533 0.80901444 0.0802944 0.08029437
0.058322746 0.14458789 1.8781021 0.5770959 -0.2827888 0.7661533 0.11666313 0.050447315
0.06879794 0.17876269 1.8781021 0.7177652 -0.10441516 0.68841153 0.20317835 0.014611527
0.070145935 0.19725792 1.8781021 0.7374801 6.764048e-07 0.67536885 0.24999999 0.010000005
0.06879794 0.2157532 1.8781021 0.7177653 0.10441697 0.6884113 0.29682168 0.014611527
0.06480573 0.2335377 1.8781021 0.6616956 0.20072305 0.7224051 0.34184402 0.028268918
0.058322746 0.24992797 1.8781021 0.57708925 0.28282452 0.76614517 0.38333684 0.050447285
0.049598113 0.26429418 1.8781021 0.4737412 0.34793362 0.8090189 0.41970563 0.080294386
0.038967118 0.2760842 1.8781021 0.35996938 0.39605403 0.8447267 0.4495527 0.11666316
0.013677783 0.29023987 1.8781021 0.12093835 0.4474245 0.8861068 0.48538846 0.20317832
-8.7032195e-06 0.29206148 1.8781021 1.5390486e-07 0.453519 0.8912466 0.49 0.24999999
-0.013695199 0.29023987 1.8781021 -0.12093384 0.44749194 0.88607335 0.48538846 0.29682168
-0.026855724 0.284845 1.8781021 -0.2413765 0.42867774 0.87061626 0.47173107 0.34184402
-0.038984533 0.2760842 1.8781021 -0.35996062 0.3961201 0.84469944 0.4495527 0.38333684
-0.04961552 0.26429418 1.8781021 -0.47374547 0.34791866 0.80902284 0.41970563 0.41970563
-0.058340147 0.24992797 1.8781021 -0.57708395 0.28285596 0.7661375 0.38333684 0.4495527
-0.07016333 0.19725794 1.8781021 -0.7374803 -1.7639248e-08 0.67536867 0 1
-0.07016333 0.1972579 1.831937 -0.73746467 5.0884387e-07 -0.6753856 0.75 0.49
-0.06881533 0.21575317 1.831937 -0.7177799 0.10441852 -0.6883958 0.79682165 0.48538846
-0.06482313 0.23353766 1.831937 -0.66167283 0.2007155 -0.72242814 0.841844 0.47173107
-0.058340143 0.24992794 1.831937 -0.5771142 0.2828372 -0.76612145 0.88333684 0.4495527
-0.049615517 0.26429415 1.831937 -0.47373083 0.34796304 -0.80901223 0.9197056 0.41970563
-0.03898453 0.27608418 1.831937 -0.35997325 0.3960562 -0.84472406 0.9495527 0.38333684
-0.026855722 0.28484496 1.831937 -0.2413731 0.42859298 -0.870659 0.97173107 0.34184402
-0.013695197 0.29023984 1.831937 -0.12094182 0.44744226 -0.8860973 0.98538846 0.29682168
-8.701201e-06 0.29206145 1.831937 -1.3363588e-07 0.45346287 -0.8912752 0.99 0.24999999
0.013677785 0.29023984 1.831937 0.12093495 0.4474441 -0.8860973 0.98538846 0.20317832
0.02683831 0.284845 1.831937 0.24136074 0.42873544 -0.8705923 0.97173107 0.15815598
0.03896712 0.27608418 1.831937 0.35998654 0.39607108 -0.8447115 0.9495527 0.11666316
0.049598116 0.26429415 1.831937 0.47373733 0.3479281 -0.8090235 0.9197056 0.080294386
0.05832275 0.24992794 1.831937 0.577097 0.28283444 -0.76613563 0.88333684 0.050447285
0.06480573 0.23353766 1.831937 0.6616729 0.20071372 -0.7224285 0.841844 0.028268918
0.070145935 0.1972579 1.831937 0.7374648 -5.5293367e-07 -0.67538565 0.75 0.010000005
0.06879794 0.17876266 1.831937 0.7177799 -0.104418375 -0.68839586 0.70317835 0.014611527
0.06480573 0.16097815 1.831937 0.661673 -0.20071557 -0.7224279 0.658156 0.028268918
0.05832275 0.14458787 1.831937 0.57711303 -0.2828376 -0.76612234 0.6166631 0.050447315
0.049598128 0.13022168 1.831937 0.47373006 -0.34796354 -0.8090124 0.5802944 0.08029437
0.03896715 0.11843165 1.831937 0.35997257 -0.3960579 -0.84472346 0.55044734 0.1166631
0.026838336 0.10967085 1.831937 0.24136393 -0.42866096 -0.87062806 0.52826893 0.15815595
-8.69079e-06 0.10245435 1.831937 -1.4431763e-06 -0.45353922 -0.89123636 0.51 0.25
-0.013695187 0.10427598 1.831937 -0.12094031 -0.44740924 -0.88611424 0.51461154 0.2968217
-0.026855718 0.109670855 1.831937 -0.24137467 -0.4285924 -0.8706589 0.52826893 0.34184405
-0.038984504 0.11843162 1.831937 -0.35998735 -0.39607406 -0.8447096 0.5504473 0.3833368
-0.049615506 0.13022166 1.831937 -0.47373188 -0.34796166 -0.8090123 0.5802944 0.4197056
-0.058340136 0.14458787 1.831937 -0.5770993 -0.2828204 -0.7661391 0.6166631 0.4495527
-0.064823136 0.16097815 1.831937 -0.6616711 -0.20073014 -0.72242564 0.658156 0.4717311
-9.084721e-06 0.3012347 2.6452425 -5.9969935e-08 0.45354894 0.8912314 0.75 1
-0.068815716 0.22492637 2.6452425 -0.71848804 0.10478686 0.68760055 0.29682168 0.48538846
-0.07016372 0.20643112 2.6452425 -0.7374873 0.0002799601 0.6753611 0.25 0.49
-0.068815716 0.18793587 2.6452425 -0.7170584 -0.10400688 0.6892095 0.20317835 0.48538846
-0.064823516 0.17015138 2.6452425 -0.6603371 -0.2000559 0.72383183 0.15815598 0.4717311
-0.05834052 0.15376107 2.6452425 -0.5752667 -0.28170583 0.76792574 0.11666313 0.4495527
-0.049615886 0.13939488 2.6452425 -0.47175506 -0.34625727 0.8108965 0.080294356 0.4197056
-0.03898489 0.12760484 2.6452425 -0.35813123 -0.3939296 0.8464995 0.05044727 0.3833368
-0.026856102 0.11884407 2.6452425 -0.23999405 -0.42605782 0.872283 0.028268933 0.34184405
-0.013695571 0.11344919 2.6452425 -0.12020139 -0.44445968 0.88769776 0.014611542 0.2968217
-9.074309e-06 0.11162757 2.6452425 8.129837e-09 -0.4505535 0.8927494 0.010000005 0.25
0.013677421 0.11344919 2.6452425 0.12018801 -0.44466102 0.88759875 0.014611542 0.20317832
0.02683795 0.11884406 2.6452425 0.23999408 -0.42605156 0.8722861 0.028268918 0.15815595
0.038966767 0.12760486 2.6452425 0.3581431 -0.39386198 0.8465261 0.05044733 0.1166631
0.049597748 0.1393949 2.6452425 0.47174934 -0.34628767 0.81088674 0.0802944 0.08029437
0.058322366 0.15376107 2.6452425 0.57526696 -0.28170568 0.76792574 0.11666313 0.050447315
0.06879755 0.18793587 2.6452425 0.7170578 -0.104014896 0.68920887 0.20317835 0.014611527
0.070145555 0.20643112 2.6452425 0.7374873 0.0002820246 0.6753609 0.24999999 0.010000005
0.06879755 0.22492637 2.6452425 0.71848977 0.104762785 0.68760246 0.29682168 0.014611527
0.06480535 0.24271087 2.6452425 0.6630673 0.2013872 0.72096115 0.34184402 0.028268918
0.05832237 0.25910115 2.6452425 0.5789372 0.28388208 0.76435775 0.38333684 0.050447285
0.049597733 0.27346736 2.6452425 0.4757437 0.34962273 0.8071134 0.41970563 0.080294386
0.03896674 0.2852574 2.6452425 0.3618023 0.39833128 0.84287083 0.4495527 0.11666316
0.013677402 0.29941306 2.6452425 0.12372342 0.4487702 0.88504106 0.48538846 0.20317832
-9.084721e-06 0.3012347 2.6452425 -5.9969935e-08 0.45354894 0.8912314 0.49 0.24999999
-0.01369558 0.29941306 2.6452425 -0.12371887 0.44883764 0.88500756 0.48538846 0.29682168
-0.026856104 0.29401818 2.6452425 -0.24277002 0.43132466 0.8689198 0.47173107 0.34184402
-0.038984913 0.2852574 2.6452425 -0.36181426 0.3982633 0.8428979 0.4495527 0.38333684
-0.0496159 0.27346736 2.6452425 -0.4757445 0.3496196 0.80711424 0.41970563 0.41970563
-0.058340527 0.25910115 2.6452425 -0.5789432 0.28384846 0.7643656 0.38333684 0.4495527
-0.07016372 0.20643112 2.6452425 -0.7374873 0.0002799601 0.6753611 0 1
-0.07016368 0.19332582 1.8781008 -0.737472 -0.00028238818 -0.6753778 0.75 0.49
-0.06881568 0.21182106 1.8781008 -0.7170705 0.10404126 -0.68919176 0.79682165 0.48538846
-0.06482347 0.22960556 1.8781008 -0.6603141 0.20005107 -0.72385424 0.841844 0.47173107
-0.058340494 0.24599583 1.8781008 -0.57529163 0.28171766 -0.76790285 0.88333684 0.4495527
-0.049615864 0.26036203 1.8781008 -0.4717474 0.34626794 -0.8108963 0.9197056 0.41970563
-0.03898488 0.27215207 1.8781008 -0.35814586 0.3938652 -0.84652334 0.9495527 0.38333684
-0.026856069 0.28091288 1.8781008 -0.23998345 0.42603892 -0.87229514 0.97173107 0.34184402
-0.0136955455 0.28630772 1.8781008 -0.2692559 0.36796615 -0.8900012 0.98538846 0.29682168
-9.0511885e-06 0.30123428 1.8781008 1.1446114e-07 0.5284586 -0.8489591 0.99 0.24999999
0.013677437 0.28630772 1.8781008 0.2692485 0.3679395 -0.8900145 0.98538846 0.20317832
0.026837964 0.28091288 1.8781008 0.23997435 0.42610648 -0.8722647 0.97173107 0.15815598
0.038966775 0.2721521 1.8781008 0.3581584 0.39388013 -0.8465111 0.9495527 0.11666316
0.04959777 0.26036203 1.8781008 0.47175395 0.3462341 -0.81090695 0.9197056 0.080294386
0.058322404 0.24599583 1.8781008 0.57527316 0.2817198 -0.76791584 0.88333684 0.050447285
0.06480539 0.22960557 1.8781008 0.6603166 0.20003453 -0.72385645 0.841844 0.028268918
0.07014559 0.1933258 1.8781008 0.7374718 -0.00028246208 -0.6753778 0.75 0.010000005
0.06879759 0.17483056 1.8781008 0.718502 -0.10479694 -0.68758446 0.70317835 0.014611527
0.06480539 0.15704606 1.8781008 0.66304386 -0.2013828 -0.7209839 0.658156 0.028268918
0.0583224 0.14065577 1.8781008 0.57895046 -0.28395912 -0.76431906 0.6166631 0.050447315
0.04959778 0.12628958 1.8781008 0.47575474 -0.34953493 -0.8071448 0.5802944 0.08029437
0.038966805 0.11449954 1.8781008 0.3618171 -0.39826623 -0.8428953 0.55044734 0.1166631
0.026837986 0.105738744 1.8781008 0.24275175 -0.43137407 -0.86890054 0.52826893 0.15815595
-9.039787e-06 0.09852225 1.8781008 8.4457426e-08 -0.45649272 -0.8897271 0.51 0.25
-0.013695536 0.100343876 1.8781008 -0.121684425 -0.4503714 -0.88451034 0.51461154 0.2968217
-0.026856067 0.10573875 1.8781008 -0.2427519 -0.43137386 -0.86890054 0.52826893 0.34184405
-0.038984854 0.11449952 1.8781008 -0.36182982 -0.398283 -0.84288186 0.5504473 0.3833368
-0.049615853 0.12628956 1.8781008 -0.4757355 -0.34963664 -0.80711216 0.5802944 0.4197056
-0.058340486 0.14065577 1.8781008 -0.57893217 -0.28396177 -0.7643319 0.6166631 0.4495527
-0.06482348 0.15704606 1.8781008 -0.6630461 -0.2013664 -0.7209864 0.658156 0.4717311
-8.739315e-06 0.2955681 2.6914089 -3.1802725e-07 0.45372984 0.8911393 0.75 1
0.045416832 0.2698833 2.6914089 0.476513 0.34648922 0.8080103 0.625 1
0.05934263 0.17431606 2.6914089 0.6627809 -0.19909205 0.72186136 0.4375 1
-0.06301581 0.22498293 2.6914089 -0.7178856 0.103406124 0.6884385 0.29682168 0.48538846
-0.06425019 0.20787482 2.6914089 -0.73720783 2.0767247e-06 0.6756661 0.25 0.49
-0.06301581 0.19076672 2.6914089 -0.7178831 -0.10344493 0.68843526 0.20317835 0.48538846
-0.05936011 0.17431606 2.6914089 -0.66277945 -0.19909294 0.72186255 0.15815598 0.4717311
-0.053423554 0.15915504 2.6914089 -0.57922465 -0.28099862 0.76520497 0.11666313 0.4495527
-0.0454343 0.14586632 2.6914089 -0.47650078 -0.34652215 0.80800337 0.080294356 0.4197056
-0.035699364 0.13496053 2.6914089 -0.3627553 -0.3951607 0.8439529 0.05044727 0.3833368
-0.024592882 0.12685683 2.6914089 -0.24359183 -0.42832223 0.8701742 0.028268933 0.34184405
-0.012541622 0.12186657 2.6914089 -0.122143365 -0.44759372 0.88585603 0.014611542 0.2968217
-8.729648e-06 0.12018157 2.6914089 1.7399635e-06 -0.4536678 0.8911709 0.010000005 0.25
0.0125241615 0.12186657 2.6914089 0.122157186 -0.44743422 0.88593465 0.014611542 0.20317832
0.024575422 0.12685682 2.6914089 0.24359357 -0.4283081 0.87018067 0.028268918 0.15815595
0.035681922 0.13496056 2.6914089 0.3627504 -0.3951547 0.8439579 0.05044733 0.1166631
0.045416843 0.14586633 2.6914089 0.47650665 -0.34649566 0.80801123 0.0802944 0.08029437
0.053406082 0.15915504 2.6914089 0.57921153 -0.2810768 0.7651862 0.11666313 0.050447315
0.06299834 0.19076672 2.6914089 0.71788555 -0.103406034 0.6884385 0.20317835 0.014611527
0.06423272 0.2078748 2.6914089 0.737205 7.275882e-09 0.6756691 0.24999999 0.010000005
0.06299834 0.22498293 2.6914089 0.7178856 0.103406094 0.6884384 0.29682168 0.014611527
0.059342626 0.24143359 2.6914089 0.6627795 0.19908826 0.7218636 0.34184402 0.028268918
0.053406086 0.25659457 2.6914089 0.57922465 0.2809974 0.76520526 0.38333684 0.050447285
0.045416832 0.2698833 2.6914089 0.476513 0.34648922 0.8080103 0.41970563 0.080294386
0.035681896 0.2807891 2.6914089 0.3627414 0.39524072 0.8439215 0.4495527 0.11666316
0.012524145 0.2938831 2.6914089 0.12215297 0.44742712 0.88593876 0.48538846 0.20317832
-8.739315e-06 0.2955681 2.6914089 -3.1802725e-07 0.45372984 0.8911393 0.49 0.24999999
-0.012541631 0.2938831 2.6914089 -0.12216224 0.44735503 0.885974 0.48538846 0.29682168
-0.024592884 0.28889284 2.6914089 -0.24359538 0.42830837 0.87018 0.47173107 0.34184402
-0.035699386 0.28078908 2.6914089 -0.36277062 0.39507955 0.8439843 0.4495527 0.38333684
-0.04543431 0.2698833 2.6914089 -0.47650096 0.34652156 0.8080035 0.41970563 0.41970563
-0.05342356 0.25659457 2.6914089 -0.5792104 0.2810766 0.765187 0.38333684 0.4495527
-0.06425019 0.20787482 2.6914089 -0.73720783 2.0767247e-06 0.6756661 0 1
-0.06425019 0.20787479 2.6452434 -0.7371926 4.1478856e-07 -0.6756826 0.75 0.49
-0.06301581 0.2249829 2.6452434 -0.71789885 0.10342975 -0.688421 0.79682165 0.48538846
-0.059360106 0.24143355 2.6452434 -0.6627515 0.19912511 -0.72187936 0.841844 0.47173107
-0.053423557 0.25659457 2.6452434 -0.57923615 0.28108865 -0.7651631 0.88333684 0.4495527
-0.045434307 0.26988328 2.6452434 -0.47648346 0.3465817 -0.807988 0.9197056 0.41970563
-0.035699382 0.28078905 2.6452434 -0.3627578 0.3951643 -0.8439503 0.9495527 0.38333684
-0.024592882 0.28889278 2.6452434 -0.24359155 0.42821792 -0.87022555 0.97173107 0.34184402
-0.012541629 0.29388306 2.6452434 -0.12215895 0.44745427 -0.8859243 0.98538846 0.29682168
-8.737297e-06 0.29556802 2.6452434 -3.11386e-08 0.4536734 -0.89116794 0.99 0.24999999
0.012524147 0.29388306 2.6452434 0.12215649 0.4474467 -0.8859284 0.98538846 0.20317832
0.0245754 0.2888928 2.6452434 0.24357381 0.4283765 -0.87015253 0.97173107 0.15815598
0.0356819 0.28078908 2.6452434 0.362775 0.39516968 -0.84394026 0.9495527 0.11666316
0.045416836 0.26988328 2.6452434 0.47649366 0.34649736 -0.80801815 0.9197056 0.080294386
0.05340609 0.25659454 2.6452434 0.5792174 0.28108975 -0.765177 0.88333684 0.050447285
0.05934263 0.24143355 2.6452434 0.6627613 0.19904852 -0.72189146 0.841844 0.028268918
0.06423272 0.20787479 2.6452434 0.73719543 2.0599107e-07 -0.6756795 0.75 0.010000005
0.06299834 0.19076669 2.6452434 0.717899 -0.103428006 -0.6884211 0.70317835 0.014611527
0.059342634 0.17431603 2.6452434 0.66275185 -0.19908573 -0.72188973 0.658156 0.028268918
0.053406086 0.15915503 2.6452434 0.5792366 -0.2810841 -0.76516455 0.6166631 0.050447315
0.045416847 0.1458663 2.6452434 0.47649968 -0.34650058 -0.80801326 0.5802944 0.08029437
0.035681926 0.13496053 2.6452434 0.36276448 -0.39517066 -0.8439444 0.55044734 0.1166631
0.024575423 0.12685679 2.6452434 0.24357177 -0.42837763 -0.8701526 0.52826893 0.15815595
-8.72763e-06 0.12018153 2.6452434 -1.6719878e-06 -0.45368162 -0.89116377 0.51 0.25
-0.01254162 0.12186653 2.6452434 -0.1221579 -0.4474335 -0.88593495 0.51461154 0.2968217
-0.02459288 0.12685679 2.6452434 -0.24360304 -0.42813784 -0.87026185 0.52826893 0.34184405
-0.03569936 0.1349605 2.6452434 -0.36277363 -0.39516947 -0.84394103 0.5504473 0.3833368
-0.045434296 0.1458663 2.6452434 -0.4765142 -0.346421 -0.80803883 0.5802944 0.4197056
-0.05342355 0.15915503 2.6452434 -0.57921714 -0.2810884 -0.76517767 0.6166631 0.4495527
-0.059360106 0.17431603 2.6452434 -0.6627531 -0.1991058 -0.7218831 0.658156 0.4717311
0.061185997 0.19821109 1.8319362 0.69829035 -0.30212033 0.6489329 0.5 1
3 0 1 2
3 2 3 4
3 4 5 6
3 6 7 8
3 8 9 10
3 10 11 12
3 12 13 14
3 14 15 16
3 15 17 16
3 18 19 17
3 20 21 19
3 22 23 21
3 24 25 23
3 26 27 25
3 28 29 27
3 30 31 32
3 33 34 35
3 36 37 38
3 39 40 41
3 41 42 43
3 43 44 45
3 45 46 47
3 48 46 49
3 50 49 51
3 52 50 51
3 10 53 8
3 21 54 55
3 14 56 12
3 4 57 2
3 34 58 35
3 25 59 60
3 16 61 62
3 8 63 6
3 55 64 65
3 63 66 67
3 68 69 70
3 65 71 61
3 67 72 57
3 61 73 62
3 57 74 75
3 62 76 77
3 17 65 61
3 27 70 59
3 6 67 4
3 16 77 14
3 23 60 54
3 2 75 0
3 12 78 10
3 19 55 65
3 32 79 68
3 29 68 70
3 0 80 34
3 75 58 80
3 38 81 39
3 82 32 29
3 34 83 0
3 74 84 85
3 73 86 87
3 72 88 74
3 69 89 90
3 73 91 76
3 92 90 93
3 76 94 95
3 96 93 97
3 53 98 63
3 54 99 55
3 78 100 53
3 60 101 54
3 75 85 102
3 56 103 78
3 59 96 60
3 77 95 56
3 70 92 59
3 93 104 105
3 91 106 94
3 97 105 107
3 94 108 109
3 110 107 111
3 109 112 113
3 114 111 115
3 113 116 117
3 66 118 72
3 71 119 86
3 98 120 66
3 64 114 119
3 100 117 98
3 99 110 114
3 103 113 100
3 101 97 110
3 95 109 103
3 121 122 123
3 124 125 126
3 127 128 129
3 124 123 130
3 131 132 104
3 133 128 134
3 104 135 105
3 106 134 136
3 87 133 91
3 90 131 104
3 118 124 88
3 87 127 129
3 88 126 84
3 120 121 118
3 86 137 127
3 117 138 120
3 119 115 137
3 136 139 140
3 141 142 143
3 140 144 145
3 146 143 147
3 145 148 149
3 150 147 151
3 149 152 122
3 153 151 154
3 137 153 127
3 138 149 122
3 115 150 137
3 116 145 149
3 111 146 115
3 112 140 145
3 107 141 111
3 108 136 140
3 105 155 107
3 156 157 158
3 159 160 156
3 161 162 159
3 163 164 161
3 163 165 166
3 167 165 168
3 169 170 167
3 171 172 169
3 155 173 142
3 134 174 136
3 135 175 173
3 128 176 134
3 132 177 175
3 123 178 130
3 128 154 179
3 130 180 125
3 122 181 123
3 158 181 156
3 156 152 159
3 161 152 148
3 163 148 144
3 168 144 139
3 168 174 167
3 167 176 169
3 171 176 179
3 171 154 172
3 170 154 151
3 165 151 147
3 166 147 143
3 166 142 164
3 164 173 162
3 160 173 175
3 157 175 180
3 157 178 158
3 36 83 182
3 41 1 39
3 41 5 3
3 43 7 5
3 45 9 7
3 48 9 47
3 50 11 48
3 52 13 50
3 52 18 15
3 51 20 18
3 46 20 49
3 44 22 46
3 44 26 24
3 40 26 42
3 81 28 40
3 81 30 82
3 36 183 184
3 39 83 38
3 184 30 37
3 185 186 187
3 188 189 186
3 190 191 189
3 192 193 191
3 194 195 193
3 195 196 197
3 196 198 197
3 199 200 198
3 201 202 200
3 203 204 202
3 205 206 204
3 207 208 206
3 209 210 208
3 211 212 210
3 213 214 212
3 214 215 216
3 216 217 218
3 217 219 218
3 220 221 219
3 222 223 221
3 224 225 223
3 226 227 225
3 227 228 229
3 228 230 229
3 231 232 230
3 233 234 232
3 235 236 234
3 237 238 236
3 239 240 238
3 241 242 240
3 190 243 244
3 245 246 242
3 247 248 246
3 249 250 251
3 252 253 254
3 205 255 207
3 222 256 224
3 239 257 241
3 196 258 199
3 259 260 215
3 231 261 233
3 190 262 192
3 207 263 209
3 224 264 226
3 241 265 245
3 199 266 201
3 215 267 217
3 233 268 235
3 192 269 194
3 209 270 211
3 226 271 272
3 247 265 273
3 203 266 274
3 217 275 220
3 235 276 237
3 277 269 278
3 211 279 213
3 272 280 228
3 185 243 188
3 247 281 282
3 203 283 205
3 220 284 222
3 237 285 239
3 277 286 196
3 213 287 259
3 228 288 231
3 289 290 291
3 292 293 294
3 295 296 297
3 298 299 300
3 289 301 302
3 297 303 304
3 294 305 298
3 292 298 306
3 307 308 309
3 310 311 312
3 313 314 315
3 310 316 317
3 315 318 310
3 319 320 289
3 321 322 323
3 318 324 325
3 326 327 328
3 329 330 331
3 332 333 334
3 335 327 314
3 293 336 337
3 338 339 340
3 341 342 343
3 344 345 346
3 295 347 348
3 349 350 351
3 352 353 344
3 354 355 341
3 356 341 357
3 351 358 359
3 360 361 362
3 357 343 363
3 364 365 366
3 367 368 369
3 353 370 345
3 353 371 372
3 373 363 308
3 374 375 376
3 359 377 378
3 317 357 373
3 379 380 381
3 356 368 354
3 372 304 370
3 371 297 372
3 317 382 356
3 383 384 385
3 373 310 317
3 290 301 386
3 307 315 373
3 319 291 296
3 379 344 387
3 387 346 388
3 352 389 390
3 367 391 392
3 355 393 342
3 394 347 371
3 395 396 349
3 367 397 355
3 379 398 399
3 337 398 400
3 305 387 388
3 400 379 387
3 397 306 393
3 300 401 395
3 364 292 397
3 376 402 403
3 374 404 405
3 406 407 408
3 409 410 411
3 412 413 414
3 360 415 416
3 417 418 419
3 420 421 422
3 383 376 423
3 332 336 424
3 333 336 334
3 384 425 426
3 427 428 322
3 322 417 323
3 422 427 321
3 331 429 329
3 330 338 331
3 330 430 431
3 362 415 360
3 361 329 362
3 361 413 408
3 385 432 383
3 384 360 385
3 375 402 376
3 405 433 374
3 323 433 321
3 434 398 333
3 435 434 332
3 319 348 436
3 437 365 438
3 439 389 440
3 339 441 340
3 435 442 443
3 444 445 446
3 447 448 449
3 450 449 451
3 452 451 453
3 454 452 453
3 455 454 456
3 457 455 456
3 458 459 457
3 460 446 448
3 461 462 463
3 464 465 466
3 466 467 468
3 468 469 470
3 470 471 472
3 473 471 474
3 473 475 476
3 477 476 475
3 463 478 464
3 447 478 460
3 457 477 458
3 445 463 446
3 444 478 462
3 458 475 459
3 448 466 449
3 479 461 445
3 459 474 455
3 449 468 451
3 446 464 448
3 455 471 480
3 451 470 453
3 444 481 479
3 480 469 452
3 453 472 454
3 450 469 467
3 456 472 473
3 450 465 447
3 456 476 457
3 482 483 484
3 485 486 483
3 487 488 486
3 488 489 490
3 489 491 490
3 492 493 491
3 494 495 493
3 495 496 497
3 497 498 499
3 498 500 499
3 501 502 500
3 503 504 502
3 505 506 504
3 507 508 506
3 509 510 508
3 511 512 510
3 513 514 512
3 515 516 514
3 517 518 516
3 519 520 518
3 520 521 522
3 521 523 522
3 524 525 523
3 526 527 525
3 528 529 527
3 530 531 529
3 532 533 531
3 533 534 535
3 534 536 535
3 537 538 536
3 487 539 540
3 541 542 538
3 543 544 542
3 545 546 547
3 548 549 550
3 501 551 503
3 519 552 553
3 534 554 537
3 555 556 557
3 511 558 513
3 528 559 530
3 487 560 561
3 503 562 505
3 553 563 521
3 537 564 541
3 555 565 496
3 513 566 515
3 530 567 532
3 561 568 489
3 505 569 507
3 521 570 524
3 541 571 543
3 496 572 498
3 515 573 517
3 532 574 575
3 489 576 492
3 507 577 509
3 524 578 526
3 482 539 485
3 543 579 580
3 498 581 501
3 517 582 519
3 575 583 534
3 492 556 494
3 509 584 511
3 526 585 528
3 586 587 588
3 589 590 587
3 591 592 590
3 593 594 592
3 595 596 594
3 597 598 596
3 599 600 598
3 601 602 600
3 603 604 602
3 605 606 604
3 607 608 606
3 609 610 608
3 610 611 612
3 612 613 614
3 614 615 616
3 615 617 616
3 618 619 617
3 620 621 619
3 622 623 621
3 623 624 625
3 624 626 625
3 627 628 626
3 629 630 628
3 630 631 632
3 631 633 632
3 634 635 633
3 636 637 635
3 638 639 637
3 640 641 639
3 642 643 641
3 644 645 643
3 646 647 645
3 648 649 650
3 651 652 653
3 654 589 655
3 656 591 589
3 657 593 591
3 658 595 593
3 651 597 595
3 653 599 597
3 659 601 599
3 660 603 601
3 661 603 662
3 663 605 661
3 664 607 663
3 665 609 664
3 666 667 665
3 668 611 666
3 669 613 668
3 670 615 669
3 670 620 618
3 671 622 620
3 672 673 622
3 674 624 673
3 675 627 624
3 676 629 627
3 677 678 629
3 679 631 678
3 680 631 681
3 682 634 680
3 683 636 682
3 684 638 683
3 685 640 684
3 686 642 685
3 687 644 686
3 654 646 687
3 688 689 690
3 687 691 654
3 672 692 674
3 653 693 659
3 674 694 675
3 659 695 660
3 675 696 676
3 660 697 662
3 676 698 677
3 662 699 661
3 677 700 679
3 661 689 663
3 679 701 681
3 663 702 664
3 681 703 680
3 664 704 665
3 680 705 682
3 665 706 666
3 682 707 683
3 666 708 668
3 654 709 656
3 684 707 710
3 668 711 669
3 656 690 657
3 684 712 685
3 669 713 670
3 657 714 658
3 685 715 686
3 670 716 671
3 658 717 651
3 687 715 718
3 671 688 672
3 719 720 721
3 722 723 720
3 724 725 723
3 726 727 725
3 728 729 727
3 730 731 729
3 732 733 731
3 734 735 733
3 735 736 737
3 736 738 737
3 739 740 738
3 741 742 740
3 742 743 744
3 744 745 746
3 746 747 748
3 748 749 750
3 749 751 750
3 752 753 751
3 753 754 755
3 755 756 757
3 757 758 759
3 758 760 759
3 761 762 760
3 763 764 762
3 765 766 764
3 767 768 766
3 769 770 768
3 771 772 770
3 773 774 772
3 775 776 774
3 777 778 779
3 780 781 776
3 782 783 781
3 784 785 786
3 787 788 789
3 790 791 788
3 792 793 791
3 794 795 793
3 796 797 795
3 797 798 799
3 798 800 799
3 801 802 800
3 802 803 804
3 803 805 804
3 806 807 805
3 808 809 807
3 810 811 809
3 812 813 811
3 814 815 813
3 816 817 815
3 817 787 789
3 787 816 790
3 790 814 792
3 792 812 794
3 794 810 796
3 796 808 818
3 798 808 806
3 801 806 803
3 819 801 803
3 788 817 789
3 791 815 788
3 793 813 791
3 795 811 793
3 797 809 795
3 797 805 807
3 799 804 805
3 802 804 800
3 820 821 822
3 823 824 821
3 825 826 824
3 827 828 826
3 828 829 830
3 829 831 830
3 832 833 831
3 834 833 835
3 836 837 838
3 839 840 836
3 841 842 839
3 843 844 841
3 843 845 846
3 847 845 848
3 849 850 847
3 851 852 849
3 825 840 842
3 834 849 833
3 821 838 822
3 820 840 823
3 834 852 851
3 824 836 821
3 822 837 820
3 832 852 835
3 826 839 824
3 829 850 832
3 828 841 826
3 853 845 829
3 830 843 828
3 827 846 853
3 831 848 830
3 827 842 844
3 833 847 831
3 854 855 856
3 857 858 855
3 859 860 858
3 861 862 860
3 863 864 862
3 865 866 864
3 867 868 866
3 869 870 868
3 870 871 872
3 872 873 874
3 873 875 874
3 876 877 875
3 878 879 877
3 880 881 879
3 882 883 881
3 884 885 883
3 886 887 885
3 888 889 887
3 890 891 889
3 892 893 891
3 894 895 893
3 896 897 895
3 898 899 897
3 900 901 899
3 902 903 901
3 904 905 903
3 906 907 905
3 908 909 907
3 910 911 909
3 912 913 911
3 914 915 916
3 917 918 913
3 919 920 918
3 921 922 923
3 924 925 926
3 927 928 925
3 929 930 928
3 931 932 930
3 933 934 932
3 935 936 934
3 937 938 936
3 939 940 938
3 940 941 942
3 942 943 944
3 944 945 946
3 946 947 948
3 948 949 950
3 950 951 952
3 952 953 954
3 954 955 956
3 956 957 958
3 958 959 960
3 960 961 962
3 962 963 964
3 964 965 966
3 966 967 968
3 968 969 970
3 970 971 972
3 971 973 972
3 974 975 973
3 976 977 975
3 978 979 977
3 980 981 979
3 982 983 981
3 984 985 986
3 987 988 983
3 989 990 988
3 991 992 993
3 994 995 996
3 995 997 998
3 997 999 998
3 1000 1001 999
3 1001 1002 1003
3 1002 1004 1003
3 1005 1006 1004
3 1007 1008 1006
3 1009 1010 1008
3 1011 1012 1010
3 1013 1014 1012
3 1015 1016 1014
3 1017 1018 1016
3 1018 1019 1020
3 1019 1021 1020
3 1021 1022 1023
3 1023 994 996
3 994 1024 1025
3 1025 1019 997
3 997 1026 1000
3 1000 1017 1027
3 1027 1015 1002
3 1002 1013 1005
3 1005 1011 1007
3 1009 1007 1011
3 995 1023 996
3 995 1020 1021
3 999 1020 998
3 1001 1018 999
3 1001 1014 1016
3 1004 1014 1003
3 1004 1010 1012
3 1008 1010 1006
3 1028 1029 1030
3 1030 1031 1032
3 1031 1033 1032
3 1034 1035 1033
3 1036 1037 1038
3 1039 1038 1040
3 1041 1039 1040
3 1042 1043 1041
3 1030 1037 1028
3 1028 1044 1045
3 1031 1036 1039
3 1032 1038 1030
3 1029 1044 1036
3 1031 1043 1034
3 1032 1041 1040
3 1046 1042 1035
3 1034 1047 1046
3 1033 1042 1041
3 1048 1049 1050
3 1048 1051 1052
3 1053 1054 1051
3 1055 1056 1054
3 1057 1058 1056
3 1058 1059 1060
3 1060 1061 1062
3 1061 1063 1062
3 1064 1065 1063
3 1066 1067 1065
3 1068 1069 1067
3 1070 1071 1069
3 1072 1073 1071
3 1074 1075 1076
3 1077 1075 1078
3 1079 1080 1077
3 1081 1082 1079
3 1083 1084 1081
3 1085 1086 1083
3 1085 1087 1088
3 1089 1087 1090
3 1091 1092 1089
3 1093 1094 1091
3 1095 1096 1093
3 1097 1098 1095
3 1099 1100 1097
3 1049 1076 1050
3 1048 1076 1075
3 1052 1074 1049
3 1048 1080 1053
3 1052 1077 1078
3 1053 1082 1055
3 1051 1079 1077
3 1055 1084 1057
3 1054 1081 1079
3 1101 1084 1086
3 1058 1081 1056
3 1059 1086 1088
3 1060 1083 1058
3 1061 1088 1087
3 1062 1085 1060
3 1064 1087 1092
3 1063 1090 1062
3 1066 1092 1094
3 1065 1089 1063
3 1068 1094 1096
3 1067 1091 1065
3 1070 1096 1098
3 1069 1093 1067
3 1072 1098 1100
3 1071 1095 1069
3 1102 1099 1073
3 1072 1103 1102
3 1071 1099 1097
3 1104 1105 1106
3 1107 1108 1105
3 1109 1110 1108
3 1111 1112 1110
3 1113 1114 1112
3 1115 1116 1114
3 1117 1118 1116
3 1119 1120 1118
3 1120 1121 1122
3 1121 1123 1122
3 1124 1125 1123
3 1126 1127 1125
3 1127 1128 1129
3 1129 1130 1131
3 1131 1132 1133
3 1133 1134 1135
3 1134 1136 1135
3 1137 1138 1136
3 1138 1139 1140
3 1140 1141 1142
3 1142 1143 1144
3 1143 1145 1144
3 1146 1147 1145
3 1148 1149 1147
3 1150 1151 1149
3 1152 1153 1151
3 1154 1155 1153
3 1156 1157 1155
3 1158 1159 1157
3 1160 1161 1159
3 1162 1163 1164
3 1165 1166 1161
3 1167 1168 1166
3 1169 1170 1171
3 1172 1173 1174
3 1175 1176 1173
3 1177 1178 1176
3 1179 1180 1178
3 1181 1182 1180
3 1183 1184 1182
3 1185 1186 1184
3 1187 1188 1186
3 1189 1190 1188
3 1191 1192 1190
3 1193 1194 1192
3 1195 1196 1194
3 1197 1198 1196
3 1199 1200 1198
3 1201 1202 1200
3 1203 1204 1202
3 1204 1172 1174
3 1172 1203 1175
3 1175 1201 1177
3 1177 1199 1179
3 1179 1197 1181
3 1183 1197 1195
3 1183 1193 1185
3 1187 1193 1191
3 1189 1187 1191
3 1173 1204 1174
3 1176 1202 1173
3 1178 1200 1176
3 1180 1198 1178
3 1182 1196 1180
3 1182 1192 1194
3 1184 1190 1192
3 1188 1190 1186
3 0 83 1
3 2 1 3
3 4 3 5
3 6 5 7
3 8 7 9
3 10 9 11
3 12 11 13
3 14 13 15
3 15 18 17
3 18 20 19
3 20 22 21
3 22 24 23
3 24 26 25
3 26 28 27
3 28 82 29
3 30 183 31
3 33 182 34
3 36 184 37
3 39 81 40
3 41 40 42
3 43 42 44
3 45 44 46
3 48 47 46
3 50 48 49
3 10 78 53
3 21 23 54
3 14 77 56
3 4 67 57
3 34 80 58
3 25 27 59
3 16 17 61
3 8 53 63
3 55 99 64
3 63 98 66
3 68 1205 69
3 65 64 71
3 67 66 72
3 61 71 73
3 57 72 74
3 62 73 76
3 17 19 65
3 27 29 70
3 6 63 67
3 16 62 77
3 23 25 60
3 2 57 75
3 12 56 78
3 19 21 55
3 32 31 79
3 29 32 68
3 0 75 80
3 75 102 58
3 38 37 81
3 82 30 32
3 34 182 83
3 74 88 84
3 73 71 86
3 72 118 88
3 69 1205 89
3 73 87 91
3 92 69 90
3 76 91 94
3 96 92 93
3 53 100 98
3 54 101 99
3 78 103 100
3 60 96 101
3 75 74 85
3 56 95 103
3 59 92 96
3 77 76 95
3 70 69 92
3 93 90 104
3 91 133 106
3 97 93 105
3 94 106 108
3 110 97 107
3 109 108 112
3 114 110 111
3 113 112 116
3 66 120 118
3 71 64 119
3 98 117 120
3 64 99 114
3 100 113 117
3 99 101 110
3 103 109 113
3 101 96 97
3 95 94 109
3 121 138 122
3 124 130 125
3 127 153 128
3 124 121 123
3 131 1206 132
3 133 129 128
3 104 132 135
3 106 133 134
3 87 129 133
3 90 89 131
3 118 121 124
3 87 86 127
3 88 124 126
3 120 138 121
3 86 119 137
3 117 116 138
3 119 114 115
3 136 174 139
3 141 155 142
3 140 139 144
3 146 141 143
3 145 144 148
3 150 146 147
3 149 148 152
3 153 150 151
3 137 150 153
3 138 116 149
3 115 146 150
3 116 112 145
3 111 141 146
3 112 108 140
3 107 155 141
3 108 106 136
3 105 135 155
3 156 160 157
3 159 162 160
3 161 164 162
3 163 166 164
3 163 168 165
3 167 170 165
3 169 172 170
3 155 135 173
3 134 176 174
3 135 132 175
3 128 179 176
3 132 1206 177
3 123 181 178
3 128 153 154
3 130 178 180
3 122 152 181
3 158 178 181
3 156 181 152
3 161 159 152
3 163 161 148
3 168 163 144
3 168 139 174
3 167 174 176
3 171 169 176
3 171 179 154
3 170 172 154
3 165 170 151
3 166 165 147
3 166 143 142
3 164 142 173
3 160 162 173
3 157 160 175
3 157 180 178
3 36 38 83
3 41 3 1
3 41 43 5
3 43 45 7
3 45 47 9
3 48 11 9
3 50 13 11
3 52 15 13
3 52 51 18
3 51 49 20
3 46 22 20
3 44 24 22
3 44 42 26
3 40 28 26
3 81 82 28
3 81 37 30
3 36 182 183
3 39 1 83
3 184 183 30
3 185 188 186
3 188 190 189
3 190 192 191
3 192 194 193
3 194 277 195
3 195 277 196
3 196 199 198
3 199 201 200
3 201 203 202
3 203 205 204
3 205 207 206
3 207 209 208
3 209 211 210
3 211 213 212
3 213 259 214
3 214 259 215
3 216 215 217
3 217 220 219
3 220 222 221
3 222 224 223
3 224 226 225
3 226 272 227
3 227 272 228
3 228 231 230
3 231 233 232
3 233 235 234
3 235 237 236
3 237 239 238
3 239 241 240
3 241 245 242
3 190 188 243
3 245 247 246
3 247 282 248
3 251 1207 1208
3 1208 1209 1210
3 1210 1211 1212
3 1212 1213 1214
3 1214 1215 1216
3 1216 1217 1218
3 1218 1219 1220
3 1220 1221 249
3 249 1222 1223
3 1223 1224 1225
3 1225 1226 1227
3 1227 1228 250
3 250 1229 1230
3 1230 1231 1232
3 1232 1233 1234
3 1234 1235 251
3 251 1208 1210
3 1210 1212 1214
3 1214 1216 1218
3 1218 1220 249
3 249 1223 1225
3 1225 1227 250
3 250 1230 1232
3 1232 1234 251
3 251 1210 1214
3 1214 1218 249
3 249 1225 250
3 250 1232 251
3 251 1214 249
3 254 1236 1237
3 1237 1238 1239
3 1239 1240 1241
3 1241 1242 1243
3 1243 1244 1245
3 1245 1246 1247
3 1247 1248 1249
3 1249 1250 252
3 252 1251 1252
3 1252 1253 1254
3 1254 1255 1256
3 1256 1257 253
3 253 1258 1259
3 1259 1260 1261
3 1261 1262 1263
3 1263 1264 254
3 254 1237 1239
3 1239 1241 1243
3 1243 1245 1247
3 1247 1249 252
3 252 1252 1254
3 1254 1256 253
3 253 1259 1261
3 1261 1263 254
3 254 1239 1243
3 1243 1247 252
3 252 1254 253
3 253 1261 254
3 254 1243 252
3 205 283 255
3 222 284 256
3 239 285 257
3 196 286 258
3 259 287 260
3 231 288 261
3 190 244 262
3 207 255 263
3 224 256 264
3 241 257 265
3 199 258 266
3 215 260 267
3 233 261 268
3 192 262 269
3 209 263 270
3 226 264 271
3 247 245 265
3 203 201 266
3 217 267 275
3 235 268 276
3 277 194 269
3 211 270 279
3 272 271 280
3 185 1265 243
3 247 273 281
3 203 274 283
3 220 275 284
3 237 276 285
3 277 278 286
3 213 279 287
3 228 280 288
3 289 302 290
3 295 319 296
3 298 305 299
3 289 320 301
3 297 296 303
3 294 1266 305
3 292 294 298
3 307 373 308
3 310 318 311
3 313 335 314
3 310 312 316
3 315 314 318
3 319 436 320
3 321 427 322
3 318 314 324
3 326 1267 327
3 329 1268 330
3 332 434 333
3 335 328 327
3 293 366 336
3 338 1269 339
3 341 355 342
3 344 353 345
3 295 371 347
3 349 396 350
3 352 394 353
3 354 367 355
3 356 354 341
3 351 350 358
3 360 1270 361
3 357 341 343
3 366 293 364
3 364 438 365
3 367 354 368
3 353 372 370
3 353 394 371
3 373 357 363
3 374 433 375
3 359 358 377
3 317 356 357
3 381 352 379
3 379 399 380
3 356 382 368
3 372 297 304
3 371 295 297
3 317 316 382
3 383 423 384
3 373 315 310
3 290 1271 301
3 307 313 315
3 319 289 291
3 379 352 344
3 387 344 346
3 390 394 352
3 352 440 389
3 392 364 367
3 367 1272 391
3 355 397 393
3 394 390 347
3 395 401 396
3 367 364 397
3 379 400 398
3 337 336 398
3 305 1266 387
3 397 292 306
3 300 299 401
3 364 293 292
3 383 374 376
3 332 334 336
3 333 398 336
3 384 423 425
3 427 1273 428
3 322 428 417
3 422 1273 427
3 331 1274 429
3 330 1269 338
3 330 1268 430
3 362 410 415
3 361 1268 329
3 361 1270 413
3 385 1275 432
3 384 1270 360
3 375 417 402
3 405 422 433
3 323 375 433
3 434 1276 398
3 435 443 434
3 319 295 348
3 339 442 441
3 435 441 442
3 444 479 445
3 447 460 448
3 450 447 449
3 452 450 451
3 454 480 452
3 455 480 454
3 457 459 455
3 460 444 446
3 461 481 462
3 464 478 465
3 466 465 467
3 468 467 469
3 470 469 471
3 473 472 471
3 473 474 475
3 463 462 478
3 447 465 478
3 457 476 477
3 445 461 463
3 444 460 478
3 458 477 475
3 448 464 466
3 479 481 461
3 459 475 474
3 449 466 468
3 446 463 464
3 455 474 471
3 451 468 470
3 444 462 481
3 480 471 469
3 453 470 472
3 450 452 469
3 456 454 472
3 450 467 465
3 456 473 476
3 482 485 483
3 485 487 486
3 487 561 488
3 488 561 489
3 489 492 491
3 492 494 493
3 494 555 495
3 495 555 496
3 497 496 498
3 498 501 500
3 501 503 502
3 503 505 504
3 505 507 506
3 507 509 508
3 509 511 510
3 511 513 512
3 513 515 514
3 515 517 516
3 517 519 518
3 519 553 520
3 520 553 521
3 521 524 523
3 524 526 525
3 526 528 527
3 528 530 529
3 530 532 531
3 532 575 533
3 533 575 534
3 534 537 536
3 537 541 538
3 487 485 539
3 541 543 542
3 543 580 544
3 547 1277 1278
3 1278 1279 1280
3 1280 1281 1282
3 1282 1283 1284
3 1284 1285 1286
3 1286 1287 1288
3 1288 1289 1290
3 1290 1291 545
3 545 1292 1293
3 1293 1294 1295
3 1295 1296 1297
3 1297 1298 546
3 546 1299 1300
3 1300 1301 1302
3 1302 1303 1304
3 1304 1305 547
3 547 1278 1280
3 1280 1282 1284
3 1284 1286 1288
3 1288 1290 545
3 545 1293 1295
3 1295 1297 546
3 546 1300 1302
3 1302 1304 547
3 547 1280 1284
3 1284 1288 545
3 545 1295 546
3 546 1302 547
3 547 1284 545
3 550 1306 1307
3 1307 1308 1309
3 1309 1310 1311
3 1311 1312 1313
3 1313 1314 1315
3 1315 1316 1317
3 1317 1318 1319
3 1319 1320 548
3 548 1321 1322
3 1322 1323 1324
3 1324 1325 1326
3 1326 1327 549
3 549 1328 1329
3 1329 1330 1331
3 1331 1332 1333
3 1333 1334 550
3 550 1307 1309
3 1309 1311 1313
3 1313 1315 1317
3 1317 1319 548
3 548 1322 1324
3 1324 1326 549
3 549 1329 1331
3 1331 1333 550
3 550 1309 1313
3 1313 1317 548
3 548 1324 549
3 549 1331 550
3 550 1313 548
3 501 581 551
3 519 582 552
3 534 583 554
3 555 494 556
3 511 584 558
3 528 585 559
3 487 540 560
3 503 551 562
3 553 552 563
3 537 554 564
3 555 557 565
3 513 558 566
3 530 559 567
3 561 560 568
3 505 562 569
3 521 563 570
3 541 564 571
3 496 565 572
3 515 566 573
3 532 567 574
3 489 568 576
3 507 569 577
3 524 570 578
3 482 1335 539
3 543 571 579
3 498 572 581
3 517 573 582
3 575 574 583
3 492 576 556
3 509 577 584
3 526 578 585
3 586 589 587
3 589 591 590
3 591 593 592
3 593 595 594
3 595 597 596
3 597 599 598
3 599 601 600
3 601 603 602
3 603 605 604
3 605 607 606
3 607 609 608
3 609 667 610
3 610 667 611
3 612 611 613
3 614 613 615
3 615 618 617
3 618 620 619
3 620 622 621
3 622 673 623
3 623 673 624
3 624 627 626
3 627 629 628
3 629 678 630
3 630 678 631
3 631 634 633
3 634 636 635
3 636 638 637
3 638 640 639
3 640 642 641
3 642 644 643
3 644 646 645
3 646 655 647
3 650 1336 1337
3 1337 1338 1339
3 1339 1340 1341
3 1341 1342 1343
3 1343 1344 1345
3 1345 1346 1347
3 1347 1348 1349
3 1349 1350 648
3 648 1351 1352
3 1352 1353 1354
3 1354 1355 1356
3 1356 1357 649
3 649 1358 1359
3 1359 1360 1361
3 1361 1362 1363
3 1363 1364 650
3 650 1337 1339
3 1339 1341 1343
3 1343 1345 1347
3 1347 1349 648
3 648 1352 1354
3 1354 1356 649
3 649 1359 1361
3 1361 1363 650
3 650 1339 1343
3 1343 1347 648
3 648 1354 649
3 649 1361 650
3 650 1343 648
3 651 717 652
3 654 656 589
3 656 657 591
3 657 658 593
3 658 651 595
3 651 653 597
3 653 659 599
3 659 660 601
3 660 662 603
3 661 605 603
3 663 607 605
3 664 609 607
3 665 667 609
3 666 611 667
3 668 613 611
3 669 615 613
3 670 618 615
3 670 671 620
3 671 672 622
3 672 674 673
3 674 675 624
3 675 676 627
3 676 677 629
3 677 679 678
3 679 681 631
3 680 634 631
3 682 636 634
3 683 638 636
3 684 640 638
3 685 642 640
3 686 644 642
3 687 646 644
3 654 655 646
3 690 709 691
3 691 718 715
3 715 712 710
3 710 707 705
3 705 703 701
3 701 700 698
3 698 696 694
3 694 692 688
3 688 716 713
3 713 711 708
3 708 706 704
3 704 702 689
3 689 699 697
3 697 695 693
3 693 652 717
3 717 714 690
3 690 691 715
3 715 710 705
3 705 701 698
3 698 694 688
3 688 713 708
3 708 704 689
3 689 697 693
3 693 717 690
3 690 715 705
3 705 698 688
3 688 708 689
3 689 693 690
3 690 705 688
3 687 718 691
3 672 688 692
3 653 652 693
3 674 692 694
3 659 693 695
3 675 694 696
3 660 695 697
3 676 696 698
3 662 697 699
3 677 698 700
3 661 699 689
3 679 700 701
3 663 689 702
3 681 701 703
3 664 702 704
3 680 703 705
3 665 704 706
3 682 705 707
3 666 706 708
3 654 691 709
3 684 683 707
3 668 708 711
3 656 709 690
3 684 710 712
3 669 711 713
3 657 690 714
3 685 712 715
3 670 713 716
3 658 714 717
3 687 686 715
3 671 716 688
3 719 722 720
3 722 724 723
3 724 726 725
3 726 728 727
3 728 730 729
3 730 732 731
3 732 734 733
3 734 1365 735
3 735 1365 736
3 736 739 738
3 739 741 740
3 741 1366 742
3 742 1366 743
3 744 743 745
3 746 745 747
3 748 747 749
3 749 752 751
3 752 1367 753
3 753 1367 754
3 755 754 756
3 757 756 758
3 758 761 760
3 761 763 762
3 763 765 764
3 765 767 766
3 767 769 768
3 769 771 770
3 771 773 772
3 773 775 774
3 775 780 776
3 779 1368 1369
3 1369 1370 1371
3 1371 1372 1373
3 1373 1374 1375
3 1375 1376 1377
3 1377 1378 1379
3 1379 1380 1381
3 1381 1382 777
3 777 1383 1384
3 1384 1385 1386
3 1386 1387 1388
3 1388 1389 778
3 778 1390 1391
3 1391 1392 1393
3 1393 1394 1395
3 1395 1396 779
3 779 1369 1371
3 1371 1373 1375
3 1375 1377 1379
3 1379 1381 777
3 777 1384 1386
3 1386 1388 778
3 778 1391 1393
3 1393 1395 779
3 779 1371 1375
3 1375 1379 777
3 777 1386 778
3 778 1393 779
3 779 1375 777
3 780 782 781
3 782 1397 783
3 786 1398 1399
3 1399 1400 1401
3 1401 1402 1403
3 1403 1404 1405
3 1405 1406 1407
3 1407 1408 1409
3 1409 1410 1411
3 1411 1412 784
3 784 1413 1414
3 1414 1415 1416
3 1416 1417 1418
3 1418 1419 785
3 785 1420 1421
3 1421 1422 1423
3 1423 1424 1425
3 1425 1426 786
3 786 1399 1401
3 1401 1403 1405
3 1405 1407 1409
3 1409 1411 784
3 784 1414 1416
3 1416 1418 785
3 785 1421 1423
3 1423 1425 786
3 786 1401 1405
3 1405 1409 784
3 784 1416 785
3 785 1423 786
3 786 1405 784
3 787 790 788
3 790 792 791
3 792 794 793
3 794 796 795
3 796 818 797
3 797 818 798
3 798 801 800
3 801 819 802
3 802 819 803
3 803 806 805
3 806 808 807
3 808 810 809
3 810 812 811
3 812 814 813
3 814 816 815
3 816 1427 817
3 817 1427 787
3 787 1427 816
3 790 816 814
3 792 814 812
3 794 812 810
3 796 810 808
3 798 818 808
3 801 798 806
3 788 815 817
3 791 813 815
3 793 811 813
3 795 809 811
3 797 807 809
3 797 799 805
3 799 800 804
3 820 823 821
3 823 825 824
3 825 827 826
3 827 853 828
3 828 853 829
3 829 832 831
3 832 835 833
3 836 840 837
3 839 842 840
3 841 844 842
3 843 846 844
3 843 848 845
3 847 850 845
3 849 852 850
3 825 823 840
3 834 851 849
3 821 836 838
3 820 837 840
3 834 835 852
3 824 839 836
3 822 838 837
3 832 850 852
3 826 841 839
3 829 845 850
3 828 843 841
3 853 846 845
3 830 848 843
3 827 844 846
3 831 847 848
3 827 825 842
3 833 849 847
3 854 857 855
3 857 859 858
3 859 861 860
3 861 863 862
3 863 865 864
3 865 867 866
3 867 869 868
3 869 1428 870
3 870 1428 871
3 872 871 873
3 873 876 875
3 876 878 877
3 878 880 879
3 880 882 881
3 882 884 883
3 884 886 885
3 886 888 887
3 888 890 889
3 890 892 891
3 892 894 893
3 894 896 895
3 896 898 897
3 898 900 899
3 900 902 901
3 902 904 903
3 904 906 905
3 906 908 907
3 908 910 909
3 910 912 911
3 912 917 913
3 916 1429 1430
3 1430 1431 1432
3 1432 1433 1434
3 1434 1435 1436
3 1436 1437 1438
3 1438 1439 1440
3 1440 1441 1442
3 1442 1443 914
3 914 1444 1445
3 1445 1446 1447
3 1447 1448 1449
3 1449 1450 915
3 915 1451 1452
3 1452 1453 1454
3 1454 1455 1456
3 1456 1457 916
3 916 1430 1432
3 1432 1434 1436
3 1436 1438 1440
3 1440 1442 914
3 914 1445 1447
3 1447 1449 915
3 915 1452 1454
3 1454 1456 916
3 916 1432 1436
3 1436 1440 914
3 914 1447 915
3 915 1454 916
3 916 1436 914
3 917 919 918
3 919 1458 920
3 923 1459 1460
3 1460 1461 1462
3 1462 1463 1464
3 1464 1465 1466
3 1466 1467 1468
3 1468 1469 1470
3 1470 1471 1472
3 1472 1473 921
3 921 1474 1475
3 1475 1476 1477
3 1477 1478 1479
3 1479 1480 922
3 922 1481 1482
3 1482 1483 1484
3 1484 1485 1486
3 1486 1487 923
3 923 1460 1462
3 1462 1464 1466
3 1466 1468 1470
3 1470 1472 921
3 921 1475 1477
3 1477 1479 922
3 922 1482 1484
3 1484 1486 923
3 923 1462 1466
3 1466 1470 921
3 921 1477 922
3 922 1484 923
3 923 1466 921
3 924 927 925
3 927 929 928
3 929 931 930
3 931 933 932
3 933 935 934
3 935 937 936
3 937 939 938
3 939 1488 940
3 940 1488 941
3 942 941 943
3 944 943 945
3 946 945 947
3 948 947 949
3 950 949 951
3 952 951 953
3 954 953 955
3 956 955 957
3 958 957 959
3 960 959 961
3 962 961 963
3 964 963 965
3 966 965 967
3 968 967 969
3 970 969 971
3 971 974 973
3 974 976 975
3 976 978 977
3 978 980 979
3 980 982 981
3 982 987 983
3 986 1489 1490
3 1490 1491 1492
3 1492 1493 1494
3 1494 1495 1496
3 1496 1497 1498
3 1498 1499 1500
3 1500 1501 1502
3 1502 1503 984
3 984 1504 1505
3 1505 1506 1507
3 1507 1508 1509
3 1509 1510 985
3 985 1511 1512
3 1512 1513 1514
3 1514 1515 1516
3 1516 1517 986
3 986 1490 1492
3 1492 1494 1496
3 1496 1498 1500
3 1500 1502 984
3 984 1505 1507
3 1507 1509 985
3 985 1512 1514
3 1514 1516 986
3 986 1492 1496
3 1496 1500 984
3 984 1507 985
3 985 1514 986
3 986 1496 984
3 987 989 988
3 989 1518 990
3 993 1519 1520
3 1520 1521 1522
3 1522 1523 1524
3 1524 1525 1526
3 1526 1527 1528
3 1528 1529 1530
3 1530 1531 1532
3 1532 1533 991
3 991 1534 1535
3 1535 1536 1537
3 1537 1538 1539
3 1539 1540 992
3 992 1541 1542
3 1542 1543 1544
3 1544 1545 1546
3 1546 1547 993
3 993 1520 1522
3 1522 1524 1526
3 1526 1528 1530
3 1530 1532 991
3 991 1535 1537
3 1537 1539 992
3 992 1542 1544
3 1544 1546 993
3 993 1522 1526
3 1526 1530 991
3 991 1537 992
3 992 1544 993
3 993 1526 991
3 994 1025 995
3 995 1025 997
3 997 1000 999
3 1000 1027 1001
3 1001 1027 1002
3 1002 1005 1004
3 1005 1007 1006
3 1007 1009 1008
3 1009 1011 1010
3 1011 1013 1012
3 1013 1015 1014
3 1015 1017 1016
3 1017 1026 1018
3 1018 1026 1019
3 1019 1024 1021
3 1021 1024 1022
3 1023 1022 994
3 994 1022 1024
3 1025 1024 1019
3 997 1019 1026
3 1000 1026 1017
3 1027 1017 1015
3 1002 1015 1013
3 1005 1013 1011
3 995 1021 1023
3 995 998 1020
3 999 1018 1020
3 1001 1016 1018
3 1001 1003 1014
3 1004 1012 1014
3 1004 1006 1010
3 1028 1045 1029
3 1030 1029 1031
3 1031 1034 1033
3 1034 1046 1035
3 1036 1044 1037
3 1039 1036 1038
3 1041 1043 1039
3 1042 1047 1043
3 1030 1038 1037
3 1028 1037 1044
3 1031 1029 1036
3 1032 1040 1038
3 1029 1045 1044
3 1031 1039 1043
3 1032 1033 1041
3 1046 1047 1042
3 1034 1043 1047
3 1033 1035 1042
3 1048 1052 1049
3 1048 1053 1051
3 1053 1055 1054
3 1055 1057 1056
3 1057 1101 1058
3 1058 1101 1059
3 1060 1059 1061
3 1061 1064 1063
3 1064 1066 1065
3 1066 1068 1067
3 1068 1070 1069
3 1070 1072 1071
3 1072 1102 1073
3 1074 1078 1075
3 1077 1080 1075
3 1079 1082 1080
3 1081 1084 1082
3 1083 1086 1084
3 1085 1088 1086
3 1085 1090 1087
3 1089 1092 1087
3 1091 1094 1092
3 1093 1096 1094
3 1095 1098 1096
3 1097 1100 1098
3 1099 1103 1100
3 1049 1074 1076
3 1048 1050 1076
3 1052 1078 1074
3 1048 1075 1080
3 1052 1051 1077
3 1053 1080 1082
3 1051 1054 1079
3 1055 1082 1084
3 1054 1056 1081
3 1101 1057 1084
3 1058 1083 1081
3 1059 1101 1086
3 1060 1085 1083
3 1061 1059 1088
3 1062 1090 1085
3 1064 1061 1087
3 1063 1089 1090
3 1066 1064 1092
3 1065 1091 1089
3 1068 1066 1094
3 1067 1093 1091
3 1070 1068 1096
3 1069 1095 1093
3 1072 1070 1098
3 1071 1097 1095
3 1102 1103 1099
3 1072 1100 1103
3 1071 1073 1099
3 1104 1107 1105
3 1107 1109 1108
3 1109 1111 1110
3 1111 1113 1112
3 1113 1115 1114
3 1115 1117 1116
3 1117 1119 1118
3 1119 1548 1120
3 1120 1548 1121
3 1121 1124 1123
3 1124 1126 1125
3 1126 1549 1127
3 1127 1549 1128
3 1129 1128 1130
3 1131 1130 1132
3 1133 1132 1134
3 1134 1137 1136
3 1137 1550 1138
3 1138 1550 1139
3 1140 1139 1141
3 1142 1141 1143
3 1143 1146 1145
3 1146 1148 1147
3 1148 1150 1149
3 1150 1152 1151
3 1152 1154 1153
3 1154 1156 1155
3 1156 1158 1157
3 1158 1160 1159
3 1160 1165 1161
3 1164 1551 1552
3 1552 1553 1554
3 1554 1555 1556
3 1556 1557 1558
3 1558 1559 1560
3 1560 1561 1562
3 1562 1563 1564
3 1564 1565 1162
3 1162 1566 1567
3 1567 1568 1569
3 1569 1570 1571
3 1571 1572 1163
3 1163 1573 1574
3 1574 1575 1576
3 1576 1577 1578
3 1578 1579 1164
3 1164 1552 1554
3 1554 1556 1558
3 1558 1560 1562
3 1562 1564 1162
3 1162 1567 1569
3 1569 1571 1163
3 1163 1574 1576
3 1576 1578 1164
3 1164 1554 1558
3 1558 1562 1162
3 1162 1569 1163
3 1163 1576 1164
3 1164 1558 1162
3 1165 1167 1166
3 1167 1580 1168
3 1171 1581 1582
3 1582 1583 1584
3 1584 1585 1586
3 1586 1587 1588
3 1588 1589 1590
3 1590 1591 1592
3 1592 1593 1594
3 1594 1595 1169
3 1169 1596 1597
3 1597 1598 1599
3 1599 1600 1601
3 1601 1602 1170
3 1170 1603 1604
3 1604 1605 1606
3 1606 1607 1608
3 1608 1609 1171
3 1171 1582 1584
3 1584 1586 1588
3 1588 1590 1592
3 1592 1594 1169
3 1169 1597 1599
3 1599 1601 1170
3 1170 1604 1606
3 1606 1608 1171
3 1171 1584 1588
3 1588 1592 1169
3 1169 1599 1170
3 1170 1606 1171
3 1171 1588 1169
3 1172 1175 1173
3 1175 1177 1176
3 1177 1179 1178
3 1179 1181 1180
3 1181 1183 1182
3 1183 1185 1184
3 1185 1187 1186
3 1187 1189 1188
3 1189 1191 1190
3 1191 1193 1192
3 1193 1195 1194
3 1195 1197 1196
3 1197 1199 1198
3 1199 1201 1200
3 1201 1203 1202
3 1203 1610 1204
3 1204 1610 1172
3 1172 1610 1203
3 1175 1203 1201
3 1177 1201 1199
3 1179 1199 1197
3 1183 1181 1197
3 1183 1195 1193
3 1187 1185 1193
3 1173 1202 1204
3 1176 1200 1202
3 1178 1198 1200
3 1180 1196 1198
3 1182 1194 1196
3 1182 1184 1192
3 1184 1186 1190
